Significant,What happened category,Why it happened category,Province,Company,Substance,Release Type,Pipeline or Facility Type,Approximate Volume Released (m3),Year,Latitude,Longitude,Emergency Level,Population Density,Land Use
0,Other Causes,Maintenance,Alberta,Enbridge Pipelines Inc.,Not Applicable,Not Applicable,Unknown,0.0,2012,53.5467,-113.35465,Level I,Unknown Population Density (Historical Data Migration),Unknown Land Use (Historical Data Migration)
0,Other Causes,Maintenance,Alberta,Enbridge Pipelines Inc.,Not Applicable,Not Applicable,Unknown,0.0,2012,53.5467,-113.35465,Level I,Unknown Population Density (Historical Data Migration),Unknown Land Use (Historical Data Migration)
0,Other Causes,Maintenance,Alberta,Enbridge Pipelines Inc.,Not Applicable,Not Applicable,Unknown,0.0,2012,53.5467,-113.35465,Level I,Unknown Population Density (Historical Data Migration),Unknown Land Use (Historical Data Migration)
0,Other Causes,Maintenance,Alberta,Enbridge Pipelines Inc.,Not Applicable,Not Applicable,Unknown,0.0,2012,53.5467,-113.35465,Level I,Unknown Population Density (Historical Data Migration),Unknown Land Use (Historical Data Migration)
0,Other Causes,Maintenance,Alberta,Enbridge Pipelines Inc.,Not Applicable,Not Applicable,Unknown,0.0,2012,53.5467,-113.35465,Level I,Unknown Population Density (Historical Data Migration),Unknown Land Use (Historical Data Migration)
0,Other Causes,Maintenance,Alberta,Enbridge Pipelines Inc.,Not Applicable,Not Applicable,Unknown,0.0,2012,53.5467,-113.35465,Level I,Unknown Population Density (Historical Data Migration),Unknown Land Use (Historical Data Migration)
0,Other Causes,Maintenance,Alberta,Enbridge Pipelines Inc.,Not Applicable,Not Applicable,Unknown,0.0,2012,53.5467,-113.35465,Level I,Unknown Population Density (Historical Data Migration),Unknown Land Use (Historical Data Migration)
0,Other Causes,Maintenance,Alberta,Enbridge Pipelines Inc.,Not Applicable,Not Applicable,Unknown,0.0,2012,53.5467,-113.35465,Level I,Unknown Population Density (Historical Data Migration),Unknown Land Use (Historical Data Migration)
0,Other Causes,Maintenance,Alberta,Enbridge Pipelines Inc.,Not Applicable,Not Applicable,Unknown,0.0,2012,53.5467,-113.35465,Level I,Unknown Population Density (Historical Data Migration),Unknown Land Use (Historical Data Migration)
0,Other Causes,Maintenance,Alberta,Enbridge Pipelines Inc.,Not Applicable,Not Applicable,Unknown,0.0,2012,53.5467,-113.35465,Level I,Unknown Population Density (Historical Data Migration),Unknown Land Use (Historical Data Migration)
0,Other Causes,Maintenance,Alberta,Enbridge Pipelines Inc.,Not Applicable,Not Applicable,Unknown,0.0,2012,53.5467,-113.35465,Level I,Unknown Population Density (Historical Data Migration),Unknown Land Use (Historical Data Migration)
0,Other Causes,Maintenance,Alberta,Enbridge Pipelines Inc.,Not Applicable,Not Applicable,Unknown,0.0,2012,53.5467,-113.35465,Level I,Unknown Population Density (Historical Data Migration),Unknown Land Use (Historical Data Migration)
0,Other Causes,Maintenance,Alberta,Enbridge Pipelines Inc.,Not Applicable,Not Applicable,Unknown,0.0,2012,53.5467,-113.35465,Level I,Unknown Population Density (Historical Data Migration),Unknown Land Use (Historical Data Migration)
0,Other Causes,Maintenance,Alberta,Enbridge Pipelines Inc.,Not Applicable,Not Applicable,Unknown,0.0,2012,53.5467,-113.35465,Level I,Unknown Population Density (Historical Data Migration),Unknown Land Use (Historical Data Migration)
0,Other Causes,Maintenance,Alberta,Enbridge Pipelines Inc.,Not Applicable,Not Applicable,Unknown,0.0,2012,53.5467,-113.35465,Level I,Unknown Population Density (Historical Data Migration),Unknown Land Use (Historical Data Migration)
0,Other Causes,Maintenance,Alberta,Enbridge Pipelines Inc.,Not Applicable,Not Applicable,Unknown,0.0,2012,53.5467,-113.35465,Level I,Unknown Population Density (Historical Data Migration),Unknown Land Use (Historical Data Migration)
0,Defect and Deterioration,Maintenance,New Brunswick,Maritimes & Northeast Pipeline Management Ltd.,Natural Gas - Sweet,Gas,Unknown,0.0,2013,45.897931,-64.368366,Level I,Buildings greater than 4 stories above ground,Unknown Land Use (Historical Data Migration)
0,Defect and Deterioration,Maintenance,New Brunswick,Maritimes & Northeast Pipeline Management Ltd.,Natural Gas - Sweet,Gas,Unknown,0.0,2013,46.087971,-64.77714,Level I,Buildings greater than 4 stories above ground,Unknown Land Use (Historical Data Migration)
0,Defect and Deterioration,Maintenance,New Brunswick,Maritimes & Northeast Pipeline Management Ltd.,Natural Gas - Sweet,Gas,Unknown,0.0,2013,46.087971,-64.77714,Level I,Buildings greater than 4 stories above ground,Unknown Land Use (Historical Data Migration)
0,Incorrect Operation,Engineering and Planning,Northwest Territories,Enbridge Pipelines (NW) Inc.,Not Applicable,Not Applicable,Unknown,0.0,2013,63.08805,-123.2205611,Level I,Unknown Population Density (Historical Data Migration),Unknown Land Use (Historical Data Migration)
0,"External Interference, Incorrect Operation","Engineering and Planning, Human Factors",Alberta,Enbridge Pipelines Inc.,Not Applicable,Not Applicable,Unknown,0.0,2013,53.547403,-113.355714,Level I,Unknown Population Density (Historical Data Migration),Unknown Land Use (Historical Data Migration)
0,Defect and Deterioration,Maintenance,New Brunswick,Maritimes & Northeast Pipeline Management Ltd.,Natural Gas - Sweet,Gas,Unknown,0.3,2013,45.279238,-66.006686,Level I,Unknown Population Density (Historical Data Migration),Unknown Land Use (Historical Data Migration)
0,Defect and Deterioration,Maintenance,New Brunswick,Emera Brunswick Pipeline Company Ltd.,Natural Gas - Sweet,Gas,Unknown,0.0,2013,45.271448,-67.03329,Level I,Unknown Population Density (Historical Data Migration),Unknown Land Use (Historical Data Migration)
0,Corrosion and Cracking,Tools and Equipment,Alberta,NOVA Gas Transmission Ltd.,Natural Gas - Sweet,Gas,Unknown,0.0,2013,50.457417,-110.196855,Level I,Unknown Population Density (Historical Data Migration),Unknown Land Use (Historical Data Migration)
0,Defect and Deterioration,Maintenance,New Brunswick,Emera Brunswick Pipeline Company Ltd.,Natural Gas - Sweet,Gas,Unknown,0.3,2013,45.1291,-66.819134,Level I,Unknown Population Density (Historical Data Migration),Unknown Land Use (Historical Data Migration)
0,Equipment Failure,Maintenance,New Brunswick,Maritimes & Northeast Pipeline Management Ltd.,Natural Gas - Sweet,Gas,Unknown,0.85,2013,45.156922,-66.769837,Level I,Unknown Population Density (Historical Data Migration),Unknown Land Use (Historical Data Migration)
0,External Interference,Maintenance,Saskatchewan,TransCanada PipeLines Limited,Natural Gas - Sweet,Gas,Unknown,5000.0,2013,50.480661,-105.867038,Level I,Unknown Population Density (Historical Data Migration),Unknown Land Use (Historical Data Migration)
1,"Equipment Failure, External Interference, Incorrect Operation",Standards and Procedures,British Columbia,"Westcoast Energy Inc., carrying on business as Spectra Energy Transmission",Natural Gas - Sour,Gas,Unknown,0.0001,2013,59.20186,-121.596498,Level I,Unknown Population Density (Historical Data Migration),Unknown Land Use (Historical Data Migration)
1,Defect and Deterioration,Maintenance,British Columbia,Trans Mountain Pipeline ULC,Crude Oil - Sweet,Liquid,Unknown,17.8,2013,49.615781,-121.034754,Level III,Unknown Population Density (Historical Data Migration),Unknown Land Use (Historical Data Migration)
0,External Interference,Engineering and Planning,Quebec,Trans-Northern Pipelines Inc.,Not Applicable,Not Applicable,Unknown,0.0,2013,45.625321,-73.537743,Level I,Unknown Population Density (Historical Data Migration),Unknown Land Use (Historical Data Migration)
0,Equipment Failure,"Engineering and Planning, Inadequate Procurement",New Brunswick,Maritimes & Northeast Pipeline Management Ltd.,Natural Gas - Sweet,Gas,Unknown,0.0001,2013,45.828977,-66.578676,Level I,Unknown Population Density (Historical Data Migration),Unknown Land Use (Historical Data Migration)
0,"External Interference, Incorrect Operation","Human Factors, Inadequate Supervision",Alberta,TransCanada Keystone Pipeline GP Ltd.,Crude Oil - Sweet,Liquid,Unknown,1.59,2013,52.653959,-111.268469,Level I,Unknown Population Density (Historical Data Migration),Unknown Land Use (Historical Data Migration)
0,External Interference,Engineering and Planning,Saskatchewan,Enbridge Pipelines Inc.,Not Applicable,Not Applicable,Unknown,0.0,2013,49.753998,-101.238688,Level I,11 to 45 dwelling units,Unknown Land Use (Historical Data Migration)
0,External Interference,Engineering and Planning,Saskatchewan,Enbridge Pipelines Inc.,Not Applicable,Not Applicable,Unknown,0.0,2013,49.753998,-101.238688,Level I,11 to 45 dwelling units,Unknown Land Use (Historical Data Migration)
0,External Interference,Engineering and Planning,Saskatchewan,Enbridge Pipelines Inc.,Not Applicable,Not Applicable,Unknown,0.0,2013,49.753998,-101.238688,Level I,11 to 45 dwelling units,Unknown Land Use (Historical Data Migration)
0,External Interference,Engineering and Planning,Saskatchewan,Enbridge Pipelines Inc.,Not Applicable,Not Applicable,Unknown,0.0,2013,49.753998,-101.238688,Level I,11 to 45 dwelling units,Unknown Land Use (Historical Data Migration)
0,External Interference,Engineering and Planning,Saskatchewan,Enbridge Pipelines Inc.,Not Applicable,Not Applicable,Unknown,0.0,2013,49.753998,-101.238688,Level I,11 to 45 dwelling units,Unknown Land Use (Historical Data Migration)
0,External Interference,Engineering and Planning,Saskatchewan,Enbridge Pipelines Inc.,Not Applicable,Not Applicable,Unknown,0.0,2013,49.753998,-101.238688,Level I,11 to 45 dwelling units,Unknown Land Use (Historical Data Migration)
0,External Interference,Engineering and Planning,Saskatchewan,Enbridge Pipelines Inc.,Not Applicable,Not Applicable,Unknown,0.0,2013,49.753998,-101.238688,Level I,11 to 45 dwelling units,Unknown Land Use (Historical Data Migration)
0,External Interference,Engineering and Planning,Saskatchewan,Enbridge Pipelines Inc.,Not Applicable,Not Applicable,Unknown,0.0,2013,49.753998,-101.238688,Level I,11 to 45 dwelling units,Unknown Land Use (Historical Data Migration)
0,External Interference,Engineering and Planning,Saskatchewan,Enbridge Pipelines Inc.,Not Applicable,Not Applicable,Unknown,0.0,2013,49.753998,-101.238688,Level I,11 to 45 dwelling units,Unknown Land Use (Historical Data Migration)
0,External Interference,Engineering and Planning,Saskatchewan,Enbridge Pipelines Inc.,Not Applicable,Not Applicable,Unknown,0.0,2013,49.753998,-101.238688,Level I,11 to 45 dwelling units,Unknown Land Use (Historical Data Migration)
0,External Interference,Engineering and Planning,Saskatchewan,Enbridge Pipelines Inc.,Not Applicable,Not Applicable,Unknown,0.0,2013,49.753998,-101.238688,Level I,11 to 45 dwelling units,Unknown Land Use (Historical Data Migration)
0,External Interference,Engineering and Planning,Saskatchewan,Enbridge Pipelines Inc.,Not Applicable,Not Applicable,Unknown,0.0,2013,49.753998,-101.238688,Level I,11 to 45 dwelling units,Unknown Land Use (Historical Data Migration)
0,External Interference,Engineering and Planning,Saskatchewan,Enbridge Pipelines Inc.,Not Applicable,Not Applicable,Unknown,0.0,2013,49.753998,-101.238688,Level I,11 to 45 dwelling units,Unknown Land Use (Historical Data Migration)
0,External Interference,Engineering and Planning,Saskatchewan,Enbridge Pipelines Inc.,Not Applicable,Not Applicable,Unknown,0.0,2013,49.753998,-101.238688,Level I,11 to 45 dwelling units,Unknown Land Use (Historical Data Migration)
0,External Interference,Engineering and Planning,Saskatchewan,Enbridge Pipelines Inc.,Not Applicable,Not Applicable,Unknown,0.0,2013,49.753998,-101.238688,Level I,11 to 45 dwelling units,Unknown Land Use (Historical Data Migration)
0,External Interference,Engineering and Planning,Saskatchewan,Enbridge Pipelines Inc.,Not Applicable,Not Applicable,Unknown,0.0,2013,49.753998,-101.238688,Level I,11 to 45 dwelling units,Unknown Land Use (Historical Data Migration)
0,Incorrect Operation,Maintenance,Manitoba,TransCanada PipeLines Limited,Natural Gas - Sweet,Gas,Unknown,0.0,2014,49.911934,-98.517574,Level I,Unknown Population Density (Historical Data Migration),Unknown Land Use (Historical Data Migration)
1,"Equipment Failure, External Interference, Incorrect Operation",Maintenance,Alberta,Alliance Pipeline Ltd.,Natural Gas - Sweet,Gas,Transmission,160000.0,2014,53.818798,-113.584867,Level I,46 or more dwelling units,Unknown Land Use (Historical Data Migration)
0,"External Interference, Incorrect Operation","Failure in communication, Standards and Procedures",Quebec,Enbridge Pipelines Inc.,Not Applicable,Not Applicable,Unknown,0.0,2014,45.562805,-74.336053,Level I,11 to 45 dwelling units,Unknown Land Use (Historical Data Migration)
0,Incorrect Operation,"Engineering and Planning, Failure in communication",Ontario,Trans-Northern Pipelines Inc.,Not Applicable,Not Applicable,Transmission,0.0,2014,43.39419228,-79.73731816,Level I,Unknown Population Density (Historical Data Migration),Unknown Land Use (Historical Data Migration)
0,"Corrosion and Cracking, Defect and Deterioration, Incorrect Operation",Maintenance,Alberta,NOVA Gas Transmission Ltd.,Natural Gas - Sweet,Gas,Transmission,322.0,2014,52.92871,-111.88764,Level I,Unknown Population Density (Historical Data Migration),Unknown Land Use (Historical Data Migration)
0,Equipment Failure,"Maintenance, Tools and Equipment",Saskatchewan,Enbridge Pipelines Inc.,Natural Gas Liquids,Gas,Unknown,0.0001,2014,51.868264,-109.036068,Level I,Unknown Population Density (Historical Data Migration),Unknown Land Use (Historical Data Migration)
0,External Interference,Engineering and Planning,British Columbia,"Westcoast Energy Inc., carrying on business as Spectra Energy Transmission",Not Applicable,Not Applicable,Unknown,0.0,2014,55.814038,-120.869412,Level I,Unknown Population Density (Historical Data Migration),Unknown Land Use (Historical Data Migration)
0,Natural Force Damage,Engineering and Planning,Alberta,NOVA Gas Transmission Ltd.,Natural Gas - Sweet,Gas,Transmission,0.0001,2014,55.24345,-119.69047,Level I,10 or fewer dwelling units,Unknown Land Use (Historical Data Migration)
0,To be determined,To be determined,British Columbia,"Westcoast Energy Inc., carrying on business as Spectra Energy Transmission",Not Applicable,Not Applicable,Processing,0.0,2014,58.65309,-122.68472,Level I,46 or more dwelling units,Unknown Land Use (Historical Data Migration)
0,External Interference,Natural or Environmental Forces,British Columbia,"Westcoast Energy Inc., carrying on business as Spectra Energy Transmission",Not Applicable,Not Applicable,Unknown,0.0,2014,58.09092,-122.70921,Level I,Unknown Population Density (Historical Data Migration),Unknown Land Use (Historical Data Migration)
0,Equipment Failure,Tools and Equipment,Ontario,TransCanada PipeLines Limited,Natural Gas - Sweet,Gas,Transmission,0.001,2014,49.80158,-86.7605,Level I,Unknown Population Density (Historical Data Migration),Unknown Land Use (Historical Data Migration)
0,Incorrect Operation,"Engineering and Planning, Human Factors, Inadequate Supervision, Standards and Procedures",Saskatchewan,Enbridge Pipelines Inc.,Not Applicable,Not Applicable,Unknown,0.0,2014,51.868264,-109.036068,Level I,Unknown Population Density (Historical Data Migration),Unknown Land Use (Historical Data Migration)
0,Corrosion and Cracking,Engineering and Planning,Ontario,TransCanada PipeLines Limited,Natural Gas - Sweet,Gas,Gathering,40.0,2014,49.80132,-86.7603,Level I,10 or fewer dwelling units,Developed Land - Industrial
0,Equipment Failure,Maintenance,Alberta,Alliance Pipeline Ltd.,Natural Gas - Sweet,Gas,Unknown,0.0,2014,54.528731,-118.154622,Level I,Unknown Population Density (Historical Data Migration),Unknown Land Use (Historical Data Migration)
0,Equipment Failure,"Engineering and Planning, Tools and Equipment",Ontario,TransCanada PipeLines Limited,Natural Gas - Sweet,Gas,Unknown,0.0001,2014,45.30533,-76.20745,Level I,Unknown Population Density (Historical Data Migration),Unknown Land Use (Historical Data Migration)
0,"Equipment Failure, Natural Force Damage, Other Causes","Engineering and Planning, Maintenance",Alberta,NOVA Gas Transmission Ltd.,Natural Gas - Sweet,Gas,Transmission,2.0,2014,51.40375331,-114.03396956,Level I,Unknown Population Density (Historical Data Migration),Unknown Land Use (Historical Data Migration)
0,"External Interference, Incorrect Operation","Human Factors, Inadequate Supervision, Standards and Procedures, Tools and Equipment",Alberta,Enbridge Pipelines Inc.,Not Applicable,Not Applicable,Transmission,0.0,2015,52.49245275,-110.85202962,Level I,10 or fewer dwelling units,Agricultural Cropland
0,Incorrect Operation,"Human Factors, Inadequate Supervision",Saskatchewan,Enbridge Pipelines Inc.,Not Applicable,Not Applicable,Transmission,0.0,2015,50.4837281,-104.59147,Level I,10 or fewer dwelling units,Developed Land - Industrial
0,Incorrect Operation,Standards and Procedures,British Columbia,"Westcoast Energy Inc., carrying on business as Spectra Energy Transmission",Contaminated Water,Miscellaneous,Processing,2.0,2015,55.573,-121.941,Level I,10 or fewer dwelling units,Developed Land - Industrial
0,External Interference,Maintenance,British Columbia,"Westcoast Energy Inc., carrying on business as Spectra Energy Transmission",Propane,Gas,Distribution,6.94,2015,56.1497,-120.6724,Level I,11 to 45 dwelling units,Developed Land - Industrial
0,"Equipment Failure, External Interference, Incorrect Operation","Engineering and Planning, Failure in communication, Human Factors, Inadequate Supervision, Tools and Equipment",Alberta,TransCanada Keystone Pipeline GP Ltd.,Crude Oil - Sweet,Liquid,Transmission,2.3,2015,52.65396,-111.26847,Level I,10 or fewer dwelling units,Developed Land - Industrial
0,"External Interference, Incorrect Operation","Human Factors, Inadequate Supervision",Manitoba,Enbridge Pipelines Inc.,Natural Gas Liquids,Gas,Transmission,0.0005,2015,51.45,-107.38611111,Level I,10 or fewer dwelling units,Agricultural Cropland
1,Equipment Failure,Engineering and Planning,New Brunswick,Twin Rivers Paper Company Inc.,Not Applicable,Not Applicable,Transmission,0.0,2015,47.361505,-68.32824,Level II,10 or fewer dwelling units,Developed Land - Industrial
0,Corrosion and Cracking,Engineering and Planning,Ontario,TransCanada PipeLines Limited,Natural Gas - Sweet,Gas,Transmission,0.1,2015,49.78942,-92.76552,Level I,10 or fewer dwelling units,Developed Land - Industrial
1,"Equipment Failure, External Interference",Human Factors,British Columbia,"Westcoast Energy Inc., carrying on business as Spectra Energy Transmission",Natural Gas - Sour,Gas,Gathering,2.4,2015,56.708689,-121.766112,Level I,10 or fewer dwelling units,Developed Land - Industrial
0,"External Interference, Incorrect Operation",Engineering and Planning,Ontario,Trans-Northern Pipelines Inc.,Not Applicable,Not Applicable,Transmission,0.0,2015,45.03715,-74.71838,Level I,46 or more dwelling units,Developed Land - Industrial
0,External Interference,Standards and Procedures,Alberta,Enbridge Pipelines Inc.,Not Applicable,Not Applicable,Transmission,0.0,2015,53.544257,-113.35606,Level I,46 or more dwelling units,Developed Land - Industrial
0,Corrosion and Cracking,Engineering and Planning,Ontario,TransCanada PipeLines Limited,Natural Gas - Sweet,Gas,Transmission,1.0,2015,49.78942,-92.76552,Level I,10 or fewer dwelling units,Developed Land - Industrial
0,Equipment Failure,Engineering and Planning,Manitoba,TransCanada Keystone Pipeline GP Ltd.,Not Applicable,Not Applicable,Transmission,0.0,2015,50.076253,-100.001452,Level I,10 or fewer dwelling units,Developed Land - Industrial
0,"External Interference, Incorrect Operation","Failure in communication, Maintenance, Standards and Procedures, Tools and Equipment",Manitoba,Enbridge Pipelines Inc.,Not Applicable,Not Applicable,Transmission,0.0,2015,49.752741,-101.238774,Level I,10 or fewer dwelling units,Developed Land - Industrial
0,External Interference,"Engineering and Planning, Maintenance",British Columbia,"Westcoast Energy Inc., carrying on business as Spectra Energy Transmission",Not Applicable,Not Applicable,Transmission,0.0,2015,55.6499,-122.20722,Level I,10 or fewer dwelling units,Developed Land - Industrial
1,Equipment Failure,Engineering and Planning,British Columbia,"Westcoast Energy Inc., carrying on business as Spectra Energy Transmission",Natural Gas - Sweet,Gas,Transmission,92300.0,2015,55.42619,-122.67658,Level I,10 or fewer dwelling units,Forests
0,Corrosion and Cracking,Maintenance,Alberta,NOVA Gas Transmission Ltd.,Natural Gas - Sweet,Gas,Transmission,9510.0,2015,53.914064,-111.700742,Level I,10 or fewer dwelling units,Tundra / Native Prairie / Parks
0,"Defect and Deterioration, External Interference, Incorrect Operation",Maintenance,Nova Scotia,EnCana Corporation,Natural Gas - Sweet,Gas,Transmission,198.0,2015,45.177234,-61.62299574,Level I,10 or fewer dwelling units,Shrub Land
0,Corrosion and Cracking,Maintenance,Alberta,NOVA Gas Transmission Ltd.,Natural Gas - Sweet,Gas,Transmission,9744.0,2015,53.195074,-111.90868,Level I,10 or fewer dwelling units,Agricultural Cropland
0,"Equipment Failure, External Interference, Incorrect Operation",Tools and Equipment,Saskatchewan,Enbridge Pipelines Inc.,Natural Gas Liquids,Gas,Transmission,0.0001,2015,50.482928,-104.586263,Level I,11 to 45 dwelling units,Developed Land - Industrial
0,External Interference,Maintenance,Manitoba,Enbridge Pipelines Inc.,Natural Gas Liquids,Gas,Transmission,0.0076,2015,49.749362,-101.244345,Level I,11 to 45 dwelling units,Developed Land - Industrial
1,Corrosion and Cracking,"Maintenance, Standards and Procedures",British Columbia,"Westcoast Energy Inc., carrying on business as Spectra Energy Transmission",Natural Gas - Sour,Gas,Processing,11.611,2015,58.65324554,-122.68482307,Level I,10 or fewer dwelling units,Barren Land
0,Equipment Failure,Maintenance,New Brunswick,Maritimes & Northeast Pipeline Management Ltd.,Odourant,Miscellaneous,Transmission,0.0001,2015,46.11317,-64.71534,Level I,11 to 45 dwelling units,Developed Land - Commercial
1,Corrosion and Cracking,Engineering and Planning,British Columbia,"Westcoast Energy Inc., carrying on business as Spectra Energy Transmission",Natural Gas - Sour,Gas,Processing,32.6,2015,55.571,-121.94,Level I,10 or fewer dwelling units,Developed Land - Industrial
0,Incorrect Operation,Inadequate Supervision,Saskatchewan,Alliance Pipeline Ltd.,Natural Gas - Sweet,Gas,Transmission,1.0,2015,49.325059,-102.297403,Level I,10 or fewer dwelling units,Developed Land - Industrial
0,External Interference,Engineering and Planning,Saskatchewan,Alliance Pipeline Ltd.,Natural Gas - Sweet,Gas,Transmission,1.0,2015,49.325059,-102.297403,Level I,10 or fewer dwelling units,Developed Land - Industrial
0,External Interference,Maintenance,Ontario,Enbridge Pipelines Inc.,Not Applicable,Not Applicable,Transmission,0.0,2015,42.95261483,-82.37432685,Level I,10 or fewer dwelling units,Developed Land - Industrial
0,"External Interference, Incorrect Operation","Failure in communication, Human Factors, Inadequate Supervision",Manitoba,Enbridge Pipelines Inc.,Crude Oil - Sweet,Liquid,Transmission,30.0,2015,49.752443,-101.241633,Level I,10 or fewer dwelling units,Developed Land - Industrial
1,Incorrect Operation,Human Factors,Saskatchewan,Enbridge Pipelines Inc.,Not Applicable,Not Applicable,Transmission,0.0,2015,50.362699,-104.045302,Level I,10 or fewer dwelling units,Agricultural Cropland
1,External Interference,Engineering and Planning,Alberta,NOVA Gas Transmission Ltd.,Not Applicable,Not Applicable,Transmission,0.0,2015,57.340222,-111.671137,Level I,10 or fewer dwelling units,Water / Wetlands
0,Equipment Failure,Engineering and Planning,Nova Scotia,Maritimes & Northeast Pipeline Management Ltd.,Natural Gas - Sweet,Gas,Transmission,1.0,2016,44.677392,-63.596725,Level I,46 or more dwelling units,Developed Land - Industrial
0,Defect and Deterioration,Natural or Environmental Forces,New Brunswick,Maritimes & Northeast Pipeline Management Ltd.,Natural Gas - Sweet,Gas,Transmission,1.0,2016,45.8618104,-66.5829674,Level I,10 or fewer dwelling units,Forests
0,Incorrect Operation,"Engineering and Planning, Standards and Procedures",British Columbia,"Westcoast Energy Inc., carrying on business as Spectra Energy Transmission",Contaminated Water,Miscellaneous,Processing,10.23,2016,55.3315,-121.5632,Level I,10 or fewer dwelling units,Developed Land - Industrial
0,Equipment Failure,Maintenance,Ontario,Kinder Morgan Cochin ULC,Propane,Gas,Transmission,0.0182,2016,42.2878692,-83.09267014,Level I,10 or fewer dwelling units,Developed Land - Industrial
0,Equipment Failure,Maintenance,British Columbia,"Westcoast Energy Inc., carrying on business as Spectra Energy Transmission",Natural Gas - Sweet,Gas,Gathering,913.0,2016,56.83,-120.404,Level I,11 to 45 dwelling units,Developed Land - Industrial
0,"Equipment Failure, External Interference","Engineering and Planning, Tools and Equipment",Nova Scotia,ExxonMobil Canada Properties,Natural Gas - Sweet,Gas,Processing,716.0,2016,45.17170605,-61.61267605,Level I,10 or fewer dwelling units,Shrub Land
0,"Corrosion and Cracking, Defect and Deterioration","Engineering and Planning, Tools and Equipment",Ontario,TransCanada PipeLines Limited,Natural Gas - Sweet,Gas,Transmission,5.2,2016,48.131264,-80.215544,Level I,10 or fewer dwelling units,Forests
0,External Interference,Natural or Environmental Forces,Saskatchewan,Enbridge Pipelines Inc.,Not Applicable,Not Applicable,Transmission,0.0,2016,50.3828,-104.2975,Level II,10 or fewer dwelling units,Agricultural Cropland
0,"External Interference, Incorrect Operation","Maintenance, Tools and Equipment",Ontario,TransCanada PipeLines Limited,Not Applicable,Not Applicable,Transmission,0.0,2016,43.74,-79.63,Level I,10 or fewer dwelling units,Developed Land - Industrial
0,"External Interference, Incorrect Operation",Human Factors,Ontario,TransCanada PipeLines Limited,Not Applicable,Not Applicable,Transmission,0.0,2016,43.874375,-79.578986,Level I,11 to 45 dwelling units,Agricultural Cropland
0,External Interference,Natural or Environmental Forces,Saskatchewan,Enbridge Pipelines Inc.,Not Applicable,Not Applicable,Transmission,0.0,2016,50.0126,-102.1408,Level I,10 or fewer dwelling units,Shrub Land
0,External Interference,Engineering and Planning,Alberta,NOVA Gas Transmission Ltd.,Not Applicable,Not Applicable,Transmission,0.0,2016,57.191887,-118.193875,Level I,10 or fewer dwelling units,Forests
0,Corrosion and Cracking,Maintenance,Alberta,NOVA Gas Transmission Ltd.,Natural Gas - Sweet,Gas,Transmission,370.0,2016,54.097121,-112.562914,Level I,10 or fewer dwelling units,Agricultural Cropland
0,Incorrect Operation,Failure in communication,Alberta,NOVA Gas Transmission Ltd.,Not Applicable,Not Applicable,Transmission,0.0,2016,51.09872674,-112.6387157,Level I,10 or fewer dwelling units,Developed Land - Industrial
0,"External Interference, Incorrect Operation","Engineering and Planning, Human Factors",Alberta,Enbridge Pipelines Inc.,Not Applicable,Not Applicable,Transmission,0.0,2016,52.637465,-111.277537,Level I,10 or fewer dwelling units,Developed Land - Industrial
0,"External Interference, Incorrect Operation","Failure in communication, Maintenance, Tools and Equipment",Ontario,TransCanada PipeLines Limited,Not Applicable,Not Applicable,Transmission,0.0,2016,48.877764,-89.989258,Level I,11 to 45 dwelling units,Forests
1,Other Causes,Natural or Environmental Forces,British Columbia,"Westcoast Energy Inc., carrying on business as Spectra Energy Transmission",Not Applicable,Not Applicable,Gathering,0.0,2016,56.592508,-121.751213,Level I,10 or fewer dwelling units,Agricultural Cropland
0,Incorrect Operation,Tools and Equipment,Alberta,NOVA Gas Transmission Ltd.,Not Applicable,Not Applicable,Transmission,0.0,2016,51.939713,-112.073701,Level I,10 or fewer dwelling units,Vegetative Barren
0,"Incorrect Operation, Other Causes","Engineering and Planning, Maintenance",Alberta,NOVA Gas Transmission Ltd.,Not Applicable,Not Applicable,Transmission,0.0,2016,54.972665,-114.291775,Level I,10 or fewer dwelling units,Forests
0,"External Interference, Incorrect Operation",Maintenance,Ontario,TransCanada PipeLines Limited,Not Applicable,Not Applicable,Transmission,0.0,2016,46.655465,-79.710737,Level I,10 or fewer dwelling units,Forests
0,Corrosion and Cracking,Engineering and Planning,Alberta,NOVA Gas Transmission Ltd.,Lube Oil,Liquid,Transmission,1.5,2016,50.696946,-111.53471,Level I,10 or fewer dwelling units,Shrub Land
0,Other Causes,Engineering and Planning,Alberta,NOVA Gas Transmission Ltd.,Not Applicable,Not Applicable,Transmission,0.0,2016,54.830119,-118.646961,Level I,10 or fewer dwelling units,Agricultural Cropland
0,Corrosion and Cracking,Maintenance,Manitoba,TransCanada PipeLines Limited,Lube Oil,Liquid,Transmission,0.115,2016,49.72011504,-96.98386154,Level I,11 to 45 dwelling units,Agricultural Cropland
0,Natural Force Damage,Natural or Environmental Forces,Saskatchewan,Enbridge Pipelines Inc.,Not Applicable,Not Applicable,Transmission,0.0,2016,51.3531,-106.9799,Level I,10 or fewer dwelling units,Water / Wetlands
0,Corrosion and Cracking,Tools and Equipment,Ontario,TransCanada PipeLines Limited,Natural Gas - Sweet,Gas,Transmission,1.0,2016,49.443028,-91.714439,Level I,10 or fewer dwelling units,Forests
0,"Equipment Failure, Incorrect Operation",Maintenance,British Columbia,"Westcoast Energy Inc., carrying on business as Spectra Energy Transmission",Natural Gas - Sweet,Gas,Transmission,113.55,2016,55.55101914,-122.45387594,Level I,10 or fewer dwelling units,Developed Land - Industrial
0,"Equipment Failure, Incorrect Operation",Maintenance,British Columbia,"Westcoast Energy Inc., carrying on business as Spectra Energy Transmission",Natural Gas - Sweet,Gas,Transmission,113.55,2016,55.55101914,-122.45387594,Level I,10 or fewer dwelling units,Shrub Land
0,Equipment Failure,Maintenance,British Columbia,"Westcoast Energy Inc., carrying on business as Spectra Energy Transmission",Natural Gas - Sweet,Gas,Transmission,52.0,2016,56.14356248,-120.6685897,Level I,46 or more dwelling units,Barren Land
0,"External Interference, Incorrect Operation",Tools and Equipment,Alberta,NOVA Gas Transmission Ltd.,Not Applicable,Not Applicable,Transmission,0.0,2016,55.069302,-114.442254,Level I,10 or fewer dwelling units,Forests
0,External Interference,Maintenance,Saskatchewan,TransCanada PipeLines Limited,Not Applicable,Not Applicable,Transmission,0.0,2016,50.679196,-109.981615,Level I,10 or fewer dwelling units,Developed Land - Industrial
0,Equipment Failure,Tools and Equipment,Alberta,Enbridge Pipelines Inc.,Natural Gas Liquids,Gas,Transmission,0.0001,2016,52.63822644,-111.27864571,Level I,10 or fewer dwelling units,Barren Land
0,"External Interference, Other Causes","Engineering and Planning, Tools and Equipment",Alberta,NOVA Gas Transmission Ltd.,Not Applicable,Not Applicable,Transmission,0.0,2016,54.830119,-118.646961,Level I,10 or fewer dwelling units,Agricultural Cropland
0,"External Interference, Incorrect Operation","Human Factors, Tools and Equipment",British Columbia,"Westcoast Energy Inc., carrying on business as Spectra Energy Transmission",Natural Gas - Sweet,Gas,Gathering,5798.4,2017,56.14410425,-120.66393313,Level I,11 to 45 dwelling units,Developed Land - Industrial
0,"External Interference, Incorrect Operation","Human Factors, Inadequate Supervision",British Columbia,"Westcoast Energy Inc., carrying on business as Spectra Energy Transmission",Not Applicable,Not Applicable,Gathering,0.0,2017,56.2836,-120.22,Level I,10 or fewer dwelling units,Tundra / Native Prairie / Parks
1,Incorrect Operation,"Human Factors, Maintenance",British Columbia,"Westcoast Energy Inc., carrying on business as Spectra Energy Transmission",Not Applicable,Not Applicable,Transmission,0.0,2017,54.34,-122.44,Level I,10 or fewer dwelling units,Forests
0,"External Interference, Incorrect Operation","Engineering and Planning, Maintenance, Standards and Procedures, Tools and Equipment",Alberta,NOVA Gas Transmission Ltd.,Not Applicable,Not Applicable,Transmission,0.0,2017,53.64385,-116.69339,Level I,10 or fewer dwelling units,Forests
0,Incorrect Operation,"Engineering and Planning, Human Factors",British Columbia,"Westcoast Energy Inc., carrying on business as Spectra Energy Transmission",Sulphur,Miscellaneous,Processing,5.5,2017,55.56909171,-121.94466164,Level I,10 or fewer dwelling units,Developed Land - Industrial
0,"External Interference, Incorrect Operation",Human Factors,Alberta,Enbridge Pipelines (NW) Inc.,Not Applicable,Not Applicable,Transmission,0.0,2017,61.843302,-121.33647,Level I,10 or fewer dwelling units,Barren Land
0,"External Interference, Incorrect Operation",Failure in communication,Alberta,NOVA Gas Transmission Ltd.,Not Applicable,Not Applicable,Transmission,0.0,2017,55.8748,-110.774,Level I,10 or fewer dwelling units,Forests
1,Equipment Failure,Maintenance,British Columbia,"Westcoast Energy Inc., carrying on business as Spectra Energy Transmission",Hydrogen Sulphide,Miscellaneous,Processing,0.59,2017,55.56909171,-121.94466164,Level I,10 or fewer dwelling units,Developed Land - Industrial
0,"External Interference, Incorrect Operation","Human Factors, Tools and Equipment",British Columbia,Pouce Coupé Pipe Line Ltd. as agent and general partner of the Pembina North Limited Partnership,Natural Gas Liquids,Gas,Transmission,0.001,2017,55.94382999,-120.19326999,Level I,10 or fewer dwelling units,Developed Land - Industrial
0,Defect and Deterioration,Engineering and Planning,Manitoba,TransCanada PipeLines Limited,Not Applicable,Not Applicable,Transmission,0.0,2017,50.07237,-100.0,Level I,10 or fewer dwelling units,Agricultural Cropland
0,"External Interference, Incorrect Operation",Human Factors,Saskatchewan,Enbridge Pipelines Inc.,Not Applicable,Not Applicable,Transmission,0.0,2017,51.86826399,-109.036068,Level I,10 or fewer dwelling units,Developed Land - Industrial
0,Incorrect Operation,Maintenance,Alberta,NOVA Gas Transmission Ltd.,Natural Gas - Sweet,Gas,Transmission,25000.0,2017,56.36,-119.92,Level I,10 or fewer dwelling units,Forests
0,"External Interference, Incorrect Operation","Failure in communication, Human Factors",Alberta,NOVA Gas Transmission Ltd.,Not Applicable,Not Applicable,Transmission,0.0,2017,56.4,-119.9,Level I,10 or fewer dwelling units,Forests
1,"External Interference, Incorrect Operation",Tools and Equipment,British Columbia,Enbridge G and P Canada Pipelines Inc.,Not Applicable,Not Applicable,Transmission,0.0,2017,55.78,-121.53,Level I,10 or fewer dwelling units,Vegetative Barren
0,Equipment Failure,Natural or Environmental Forces,British Columbia,Enbridge G and P Canada Pipelines Inc.,Natural Gas - Sweet,Gas,Transmission,26278.0336,2017,55.649905,-122.207216,Level I,10 or fewer dwelling units,Developed Land - Industrial
0,Natural Force Damage,"Engineering and Planning, Maintenance",Ontario,Trans-Northern Pipelines Inc.,Not Applicable,Not Applicable,Transmission,0.0,2017,44.554447,-75.798016,Level I,10 or fewer dwelling units,Water / Wetlands
0,External Interference,Natural or Environmental Forces,Alberta,NOVA Gas Transmission Ltd.,Not Applicable,Not Applicable,Transmission,0.0,2017,50.697092,-111.489744,Level I,10 or fewer dwelling units,Agricultural Cropland
1,Equipment Failure,"Engineering and Planning, Failure in communication, Inadequate Procurement",British Columbia,"Westcoast Energy Inc., carrying on business as Spectra Energy Transmission",Natural Gas - Sour,Gas,Processing,300.0,2017,56.14630285,-120.66916931,Level I,10 or fewer dwelling units,Developed Land - Industrial
0,Corrosion and Cracking,Engineering and Planning,Alberta,Enbridge Pipelines Inc.,Crude Oil - Synthetic,Liquid,Transmission,12.8,2017,53.544231,-113.349269,Level I,10 or fewer dwelling units,Developed Land - Industrial
0,Corrosion and Cracking,Maintenance,Manitoba,TransCanada PipeLines Limited,Natural Gas - Sweet,Gas,Transmission,58.7,2017,50.07617,-99.9867,Level I,10 or fewer dwelling units,Agricultural Cropland
0,External Interference,Maintenance,Ontario,TransCanada PipeLines Limited,Not Applicable,Not Applicable,Transmission,0.0,2017,48.598185,-88.807598,Level I,10 or fewer dwelling units,Vegetative Barren
0,External Interference,Engineering and Planning,British Columbia,"Westcoast Energy Inc., carrying on business as Spectra Energy Transmission",Butane,Gas,Processing,11.0,2017,56.14630285,-120.66916931,Level I,11 to 45 dwelling units,Developed Land - Industrial
0,External Interference,Maintenance,Saskatchewan,Enbridge Pipelines Inc.,Natural Gas Liquids,Gas,Transmission,0.001,2017,50.62028,-105.24194,Level I,10 or fewer dwelling units,Developed Land - Industrial
0,Natural Force Damage,"Engineering and Planning, Maintenance",Ontario,Trans-Northern Pipelines Inc.,Not Applicable,Not Applicable,Transmission,0.0,2017,45.235319,-75.534506,Level I,10 or fewer dwelling units,Water / Wetlands
0,Corrosion and Cracking,"Engineering and Planning, Maintenance",Alberta,NOVA Gas Transmission Ltd.,Natural Gas - Sweet,Gas,Transmission,17022.0,2017,54.057238,-113.219046,Level I,10 or fewer dwelling units,Agricultural Cropland
0,"Corrosion and Cracking, External Interference",Natural or Environmental Forces,Alberta,NOVA Gas Transmission Ltd.,Natural Gas - Sweet,Gas,Transmission,9777.0,2017,50.71329,-112.09327,Level I,10 or fewer dwelling units,Agricultural Cropland
1,Incorrect Operation,"Human Factors, Inadequate Supervision",British Columbia,"Westcoast Energy Inc., carrying on business as Spectra Energy Transmission",Not Applicable,Not Applicable,Transmission,0.0,2017,55.749071,-122.2058,Level II,10 or fewer dwelling units,Forests
0,External Interference,Natural or Environmental Forces,British Columbia,"Westcoast Energy Inc., carrying on business as Spectra Energy Transmission",Not Applicable,Not Applicable,Transmission,0.0,2017,56.1695,-120.6575,Level I,10 or fewer dwelling units,Developed Land - Industrial
0,External Interference,Engineering and Planning,Quebec,Trans-Northern Pipelines Inc.,Not Applicable,Not Applicable,Transmission,0.0,2017,45.630971,-73.531765,Level I,10 or fewer dwelling units,Developed Land - Industrial
0,External Interference,Engineering and Planning,Quebec,Trans-Northern Pipelines Inc.,Not Applicable,Not Applicable,Transmission,0.0,2017,45.630971,-73.531765,Level I,10 or fewer dwelling units,Developed Land - Industrial
0,External Interference,Engineering and Planning,Quebec,Trans-Northern Pipelines Inc.,Not Applicable,Not Applicable,Transmission,0.0,2017,45.630971,-73.531765,Level I,10 or fewer dwelling units,Developed Land - Industrial
1,"External Interference, Incorrect Operation",Inadequate Supervision,Alberta,NOVA Gas Transmission Ltd.,Not Applicable,Not Applicable,Transmission,0.0,2017,50.79194,-111.85074,Level II,10 or fewer dwelling units,Agricultural Cropland
1,"External Interference, Incorrect Operation","Failure in communication, Human Factors, Inadequate Supervision",Saskatchewan,Enbridge Pipelines Inc.,Not Applicable,Not Applicable,Transmission,0.0,2017,51.348868,-106.967462,Level II,46 or more dwelling units,Agricultural Cropland
0,Incorrect Operation,"Human Factors, Standards and Procedures",British Columbia,"Westcoast Energy Inc., carrying on business as Spectra Energy Transmission",Propane,Gas,Processing,2.0,2017,56.14630285,-120.66916931,Level I,46 or more dwelling units,Barren Land
0,"External Interference, Incorrect Operation",Tools and Equipment,British Columbia,"Westcoast Energy Inc., carrying on business as Spectra Energy Transmission",Natural Gas - Sweet,Gas,Transmission,4473.37,2017,55.81403847,-120.86941188,Level I,10 or fewer dwelling units,Agricultural Cropland
0,Corrosion and Cracking,Failure in communication,Saskatchewan,Plains Midstream Canada ULC,Propane,Gas,Transmission,0.001,2017,50.39,-104.323019,Level I,10 or fewer dwelling units,Agricultural Cropland
1,"External Interference, Incorrect Operation","Inadequate Procurement, Natural or Environmental Forces",British Columbia,"Westcoast Energy Inc., carrying on business as Spectra Energy Transmission",Natural Gas - Sour,Gas,Gathering,248.0,2017,56.14630285,-120.66916931,Level I,46 or more dwelling units,Developed Land - Industrial
0,"External Interference, Incorrect Operation",Human Factors,Saskatchewan,TransCanada PipeLines Limited,Natural Gas - Sweet,Gas,Transmission,1000.0,2017,50.07364,-104.00057,Level I,10 or fewer dwelling units,Agricultural Cropland
0,Incorrect Operation,Maintenance,British Columbia,"Westcoast Energy Inc., carrying on business as Spectra Energy Transmission",Natural Gas - Sweet,Gas,Transmission,13399.59,2017,55.79811041,-122.18163686,Level I,10 or fewer dwelling units,Agricultural Cropland
0,Other Causes,Natural or Environmental Forces,Ontario,Plains Midstream Canada ULC,Not Applicable,Not Applicable,Transmission,0.0,2017,42.28084312,-83.07932714,Level I,11 to 45 dwelling units,Developed Land - Industrial
0,"External Interference, Incorrect Operation","Failure in communication, Human Factors, Inadequate Supervision",Alberta,NOVA Gas Transmission Ltd.,Not Applicable,Not Applicable,Transmission,0.0,2017,53.724204,-116.831116,Level I,10 or fewer dwelling units,Shrub Land
0,Corrosion and Cracking,Failure in communication,Saskatchewan,Plains Midstream Canada ULC,Propane,Gas,Transmission,0.001,2017,50.38574,-104.32163,Level I,10 or fewer dwelling units,Agricultural Cropland
0,Incorrect Operation,"Engineering and Planning, Human Factors",British Columbia,"Westcoast Energy Inc., carrying on business as Spectra Energy Transmission",Natural Gas - Sweet,Gas,Transmission,23758.0,2017,49.95917767,-120.91602779,Level I,10 or fewer dwelling units,Forests
0,"External Interference, Incorrect Operation","Maintenance, Standards and Procedures",Alberta,"Westcoast Energy Inc., carrying on business as Spectra Energy Transmission",Natural Gas - Sweet,Gas,Transmission,0.01,2017,53.50812123,-122.60789532,Level I,10 or fewer dwelling units,Barren Land
1,Equipment Failure,Engineering and Planning,British Columbia,"Westcoast Energy Inc., carrying on business as Spectra Energy Transmission",Natural Gas - Sweet,Gas,Transmission,34483.0,2017,49.95917767,-120.91602779,Level I,10 or fewer dwelling units,Forests
0,Natural Force Damage,Natural or Environmental Forces,Ontario,Trans-Northern Pipelines Inc.,Not Applicable,Not Applicable,Transmission,0.0,2018,43.383988,-79.752083,Level I,46 or more dwelling units,Developed Land - Residential
0,"External Interference, Natural Force Damage",Natural or Environmental Forces,Ontario,Trans-Northern Pipelines Inc.,Not Applicable,Not Applicable,Transmission,0.0,2018,43.775574,-79.370107,Level I,46 or more dwelling units,Developed Land - Residential
0,Equipment Failure,Engineering and Planning,New Brunswick,Emera Brunswick Pipeline Company Ltd.,Natural Gas - Sweet,Gas,Transmission,0.0001,2018,45.19,-66.4,Level I,10 or fewer dwelling units,Forests
1,"Corrosion and Cracking, Equipment Failure",Engineering and Planning,British Columbia,Trans Mountain Pipeline ULC,Crude Oil - Sweet,Liquid,Transmission,4.8,2018,51.31303645,-120.17762182,Level I,10 or fewer dwelling units,Developed Land - Industrial
0,"External Interference, Incorrect Operation, Natural Force Damage",Natural or Environmental Forces,Quebec,Trans-Northern Pipelines Inc.,Not Applicable,Not Applicable,Transmission,0.0,2018,45.64084,-73.926493,Level I,11 to 45 dwelling units,Agricultural Cropland
0,"External Interference, Natural Force Damage",Natural or Environmental Forces,Alberta,NOVA Gas Transmission Ltd.,Not Applicable,Not Applicable,Transmission,0.0,2018,50.740621,-111.534895,Level I,10 or fewer dwelling units,Shrub Land
0,External Interference,Natural or Environmental Forces,Ontario,TransCanada PipeLines Limited,Not Applicable,Not Applicable,Transmission,0.0,2018,48.56827,-88.89871,Level I,10 or fewer dwelling units,Forests
0,External Interference,Natural or Environmental Forces,Ontario,TransCanada PipeLines Limited,Not Applicable,Not Applicable,Transmission,0.0,2018,44.93673852,-79.339419,Level I,11 to 45 dwelling units,Shrub Land
0,External Interference,Natural or Environmental Forces,Alberta,NOVA Gas Transmission Ltd.,Not Applicable,Not Applicable,Transmission,0.0,2018,55.61114,-118.47815,Level I,10 or fewer dwelling units,Agricultural Cropland
0,"External Interference, Natural Force Damage",Natural or Environmental Forces,Alberta,NOVA Gas Transmission Ltd.,Not Applicable,Not Applicable,Transmission,0.0,2018,50.6992,-111.54346,Level I,10 or fewer dwelling units,Shrub Land
0,"Equipment Failure, External Interference",Engineering and Planning,Alberta,NOVA Gas Transmission Ltd.,Natural Gas - Sweet,Gas,Transmission,13944.0,2018,55.25153009,-114.52175252,Level I,10 or fewer dwelling units,Forests
0,"Equipment Failure, External Interference",Natural or Environmental Forces,Ontario,TransCanada PipeLines Limited,Not Applicable,Not Applicable,Transmission,0.0,2018,49.82796103,-93.63578904,Level I,10 or fewer dwelling units,Forests
0,"External Interference, Incorrect Operation","Failure in communication, Human Factors",British Columbia,Trans Mountain Pipeline ULC,Not Applicable,Not Applicable,Transmission,0.0,2018,49.26848937,-122.93134198,Level I,11 to 45 dwelling units,Shrub Land
0,Equipment Failure,Natural or Environmental Forces,Nova Scotia,Maritimes & Northeast Pipeline Management Ltd.,Natural Gas - Sweet,Gas,Transmission,62.0,2018,45.175993,-61.61994,Level I,10 or fewer dwelling units,Developed Land - Industrial
1,"Corrosion and Cracking, Equipment Failure",Natural or Environmental Forces,British Columbia,"Westcoast Energy Inc., carrying on business as Spectra Energy Transmission",Natural Gas - Sour,Gas,Gathering,27593.0,2018,56.7538,-120.6529,Level II,10 or fewer dwelling units,Agricultural Cropland
0,Defect and Deterioration,Tools and Equipment,Ontario,TransCanada PipeLines Limited,Natural Gas - Sweet,Gas,Transmission,25195.0,2018,47.919398,-79.992348,Level I,10 or fewer dwelling units,Forests
0,Incorrect Operation,Human Factors,Saskatchewan,Tundra Energy Marketing Limited,Not Applicable,Not Applicable,Transmission,0.0,2018,49.286324,-102.631387,Level I,10 or fewer dwelling units,Agricultural Cropland
0,Corrosion and Cracking,"Engineering and Planning, Failure in communication",Alberta,NOVA Gas Transmission Ltd.,Natural Gas - Sweet,Gas,Transmission,607.13,2018,50.30496,-112.09675,Level I,10 or fewer dwelling units,Agricultural Cropland
1,Incorrect Operation,Human Factors,Manitoba,Enbridge Pipelines Inc.,Not Applicable,Not Applicable,Transmission,0.0,2018,49.235774,-98.481214,Level I,10 or fewer dwelling units,Developed Land - Industrial
1,Corrosion and Cracking,Engineering and Planning,British Columbia,"Westcoast Energy Inc., carrying on business as Spectra Energy Transmission",Natural Gas - Sweet,Gas,Transmission,3980000.0,2018,54.02808,-122.65524,Emergency,11 to 45 dwelling units,Forests
1,Incorrect Operation,"Human Factors, Inadequate Supervision, Standards and Procedures, Tools and Equipment",Saskatchewan,TransCanada PipeLines Limited,Not Applicable,Not Applicable,Transmission,0.0,2018,50.39316803,-104.40936353,Level I,10 or fewer dwelling units,Agricultural Cropland
0,Corrosion and Cracking,"Engineering and Planning, Maintenance",Alberta,NOVA Gas Transmission Ltd.,Natural Gas - Sweet,Gas,Transmission,10.0,2018,56.37079958,-119.9226624,Level I,10 or fewer dwelling units,Forests
0,"External Interference, Incorrect Operation","Engineering and Planning, Failure in communication, Human Factors, Tools and Equipment",Ontario,Enbridge Pipelines Inc.,Not Applicable,Not Applicable,Transmission,0.0,2018,43.329026,-80.091296,Level I,46 or more dwelling units,Developed Land - Industrial
0,Natural Force Damage,Natural or Environmental Forces,British Columbia,"Westcoast Energy Inc., carrying on business as Spectra Energy Transmission",Not Applicable,Not Applicable,Transmission,0.0,2018,57.89173387,-122.71786582,Level I,10 or fewer dwelling units,Water / Wetlands
0,"External Interference, Incorrect Operation","Inadequate Supervision, Tools and Equipment",Saskatchewan,TransCanada Keystone Pipeline GP Ltd.,Not Applicable,Not Applicable,Transmission,0.0,2018,50.60512453,-108.70855503,Level I,10 or fewer dwelling units,Developed Land - Industrial
0,External Interference,Natural or Environmental Forces,British Columbia,NOVA Gas Transmission Ltd.,Not Applicable,Not Applicable,Transmission,0.0,2018,56.78555556,-122.13194444,Level I,10 or fewer dwelling units,Forests
0,Natural Force Damage,Natural or Environmental Forces,British Columbia,"Westcoast Energy Inc., carrying on business as Spectra Energy Transmission",Not Applicable,Not Applicable,Gathering,0.0,2018,56.74324468,-121.18264842,Level I,10 or fewer dwelling units,Agricultural Cropland
1,Incorrect Operation,Failure in communication,Saskatchewan,Enbridge Pipelines Inc.,Not Applicable,Not Applicable,Transmission,0.0,2018,51.7913,-108.8216,Level II,10 or fewer dwelling units,Agricultural Cropland
0,"External Interference, Natural Force Damage",Natural or Environmental Forces,British Columbia,Foothills Pipe Lines Ltd.,Not Applicable,Not Applicable,Transmission,0.0,2018,49.27367,-115.59596,Level I,10 or fewer dwelling units,Forests
0,"External Interference, Natural Force Damage",Natural or Environmental Forces,Alberta,Pouce Coupé Pipe Line Ltd. as agent and general partner of the Pembina North Limited Partnership,Not Applicable,Not Applicable,Transmission,0.0,2018,55.875358,-119.845442,Level I,10 or fewer dwelling units,Forests
0,Defect and Deterioration,Inadequate Procurement,British Columbia,"Westcoast Energy Inc., carrying on business as Spectra Energy Transmission",Natural Gas - Sweet,Gas,Transmission,0.01,2019,54.26833,-122.60651,Not Emergency,10 or fewer dwelling units,Forests
0,Defect and Deterioration,To be determined,New Brunswick,Twin Rivers Paper Company Inc.,Water,Miscellaneous,Processing,236.0,2019,47.36,-68.33,Not Emergency,10 or fewer dwelling units,Developed Land - Industrial
0,"External Interference, Natural Force Damage",Natural or Environmental Forces,Ontario,TransCanada PipeLines Limited,Not Applicable,Not Applicable,Transmission,0.0,2019,45.93232,-79.37498,Not Emergency,10 or fewer dwelling units,Forests
0,"Equipment Failure, Incorrect Operation","Maintenance, Standards and Procedures",Alberta,NOVA Gas Transmission Ltd.,Not Applicable,Not Applicable,Transmission,0.0,2019,51.91564,-111.74472,Not Emergency,10 or fewer dwelling units,Vegetative Barren
0,"Corrosion and Cracking, Equipment Failure",Maintenance,British Columbia,"Westcoast Energy Inc., carrying on business as Spectra Energy Transmission",Not Applicable,Not Applicable,Processing,0.0,2019,55.56909171,-121.94466164,Not Emergency,10 or fewer dwelling units,Shrub Land
0,Defect and Deterioration,"Engineering and Planning, Human Factors",Quebec,Champion Pipe Line Corporation Limited,Natural Gas - Sweet,Gas,Transmission,1.0,2019,47.761,-79.471,Not Emergency,10 or fewer dwelling units,Forests
0,External Interference,Standards and Procedures,Manitoba,Enbridge Pipelines Inc.,Not Applicable,Not Applicable,Transmission,0.0,2019,49.019628,-97.571562,Not Emergency,11 to 45 dwelling units,Developed Land - Industrial
0,"External Interference, Natural Force Damage",Natural or Environmental Forces,Alberta,NOVA Gas Transmission Ltd.,Not Applicable,Not Applicable,Transmission,0.0,2019,54.782498,-112.808838,Not Emergency,10 or fewer dwelling units,Forests
0,External Interference,Engineering and Planning,British Columbia,Trans Mountain Pipeline ULC,Not Applicable,Not Applicable,Transmission,0.0,2019,49.26797,-122.921798,Not Emergency,11 to 45 dwelling units,Tundra / Native Prairie / Parks
0,Incorrect Operation,"Human Factors, Maintenance",Alberta,Trans Mountain Pipeline ULC,Not Applicable,Not Applicable,Transmission,0.0,2019,53.54290845,-113.36445011,Not Emergency,10 or fewer dwelling units,Developed Land - Industrial
0,"External Interference, Natural Force Damage",Natural or Environmental Forces,Ontario,Trans-Northern Pipelines Inc.,Not Applicable,Not Applicable,Transmission,0.0,2019,44.025841,-78.167113,Not Emergency,11 to 45 dwelling units,Agricultural Cropland
0,Natural Force Damage,Natural or Environmental Forces,British Columbia,Trans Mountain Pipeline ULC,Not Applicable,Not Applicable,Transmission,0.0,2019,49.181486,-122.719974,Not Emergency,46 or more dwelling units,Water / Wetlands
0,"External Interference, Incorrect Operation",Maintenance,British Columbia,Trans Mountain Pipeline ULC,Not Applicable,Not Applicable,Distribution,0.0,2019,50.66260932,-120.41416339,Not Emergency,10 or fewer dwelling units,Developed Land - Industrial
0,External Interference,"Engineering and Planning, Maintenance, Tools and Equipment",Alberta,Express Pipeline Ltd.,Crude Oil - Sweet,Liquid,Transmission,5.0,2019,50.1731181,-111.165654,Not Emergency,10 or fewer dwelling units,Developed Land - Industrial
0,External Interference,Natural or Environmental Forces,Alberta,NOVA Gas Transmission Ltd.,Not Applicable,Not Applicable,Transmission,0.0,2019,55.12858033,-119.38984699,Not Emergency,10 or fewer dwelling units,Agricultural Cropland
1,Incorrect Operation,"Failure in communication, Standards and Procedures",British Columbia,"Westcoast Energy Inc., carrying on business as Spectra Energy Transmission",Natural Gas - Sour,Gas,Processing,155958.38,2019,58.6527,-122.7042,Not Emergency,within 200 m of the event site - A building occupied by 20 to 120 persons during normal use,Developed Land - Industrial
0,"External Interference, Natural Force Damage",Natural or Environmental Forces,Alberta,NOVA Gas Transmission Ltd.,Not Applicable,Not Applicable,Transmission,0.0,2020,53.76999,-111.9527,Not Emergency,10 or fewer dwelling units,Agricultural Cropland
0,Natural Force Damage,Natural or Environmental Forces,British Columbia,"Westcoast Energy Inc., carrying on business as Spectra Energy Transmission",Not Applicable,Not Applicable,Transmission,0.0,2020,55.65598377,-121.71275402,Not Emergency,10 or fewer dwelling units,Agricultural Cropland
1,"Corrosion and Cracking, Natural Force Damage","Engineering and Planning, Standards and Procedures",Alberta,NOVA Gas Transmission Ltd.,Natural Gas - Sweet,Gas,Transmission,11457864.96,2020,56.7054,-111.403,Not Emergency,10 or fewer dwelling units,Forests
0,Corrosion and Cracking,Tools and Equipment,Alberta,NOVA Gas Transmission Ltd.,Natural Gas - Sweet,Gas,Transmission,86.0,2020,50.38248,-114.226414,Not Emergency,10 or fewer dwelling units,Agricultural Cropland
1,"External Interference, Incorrect Operation","Engineering and Planning, Human Factors, Maintenance, Standards and Procedures",Saskatchewan,Enbridge Pipelines Inc.,Crude Oil - Sweet,Liquid,Transmission,50.0,2020,51.64917,-108.21167,Not Emergency,10 or fewer dwelling units,Developed Land - Industrial
0,"External Interference, Incorrect Operation","Engineering and Planning, Human Factors, Tools and Equipment",Alberta,Trans Mountain Pipeline ULC,Not Applicable,Not Applicable,Transmission,0.0,2020,53.542879,-113.364282,Not Emergency,10 or fewer dwelling units,Developed Land - Industrial
0,"External Interference, Incorrect Operation","Engineering and Planning, Failure in communication, Standards and Procedures",Alberta,NOVA Gas Transmission Ltd.,Not Applicable,Not Applicable,Transmission,0.0,2020,56.514333,-113.68003,Not Emergency,10 or fewer dwelling units,Forests
0,Natural Force Damage,Natural or Environmental Forces,Ontario,TransCanada PipeLines Limited,Not Applicable,Not Applicable,Transmission,0.0,2020,48.72211,-88.588886,Not Emergency,10 or fewer dwelling units,Shrub Land
0,"External Interference, Incorrect Operation",Failure in communication,British Columbia,Trans Mountain Pipeline ULC,Not Applicable,Not Applicable,Gathering,0.0,2020,49.26848937,-122.93134198,Not Emergency,11 to 45 dwelling units,Developed Land - Industrial
0,"External Interference, Incorrect Operation",Tools and Equipment,British Columbia,Trans Mountain Pipeline ULC,Not Applicable,Not Applicable,Transmission,0.0,2020,49.29079839,-122.95027588,Not Emergency,11 to 45 dwelling units,Developed Land - Industrial
0,"External Interference, Natural Force Damage",Natural or Environmental Forces,Ontario,Trans-Northern Pipelines Inc.,Not Applicable,Not Applicable,Transmission,0.0,2020,43.776405,-79.370181,Not Emergency,"46 or more dwelling units, facilities, or institutions, or a combination of such structures intended for human occupancy from which rapid evacuation can be difficult (e.g., hospitals, nursing homes)",Forests
0,"Equipment Failure, External Interference",Maintenance,Alberta,"Westcoast Energy Inc., carrying on business as Spectra Energy Transmission",Not Applicable,Not Applicable,Transmission,0.0,2020,55.821969,-119.751665,Not Emergency,10 or fewer dwelling units,Developed Land - Industrial
0,External Interference,"Engineering and Planning, Maintenance, Standards and Procedures",Saskatchewan,Kingston Midstream Limited,Not Applicable,Not Applicable,Transmission,0.0,2020,49.450559,-103.336958,Not Emergency,10 or fewer dwelling units,Developed Land - Commercial
0,"External Interference, Incorrect Operation",Human Factors,Alberta,NOVA Gas Transmission Ltd.,Not Applicable,Not Applicable,Transmission,0.0,2021,57.19255,-118.19701,Not Emergency,10 or fewer dwelling units,Forests
1,Incorrect Operation,Tools and Equipment,British Columbia,NOVA Gas Transmission Ltd.,Natural Gas - Sweet,Gas,Transmission,31680.0,2021,55.99608407,-121.11102775,Not Emergency,10 or fewer dwelling units,Forests
0,"External Interference, Incorrect Operation",Standards and Procedures,Alberta,NOVA Gas Transmission Ltd.,Not Applicable,Not Applicable,Transmission,0.0,2021,53.482757,-116.454622,Not Emergency,10 or fewer dwelling units,Forests
0,"Equipment Failure, Incorrect Operation",Standards and Procedures,British Columbia,Trans Mountain Pipeline ULC,Not Applicable,Not Applicable,Distribution,0.0,2021,50.96016288,-120.25245239,Not Emergency,10 or fewer dwelling units,Barren Land
0,"External Interference, Incorrect Operation","Human Factors, Tools and Equipment",British Columbia,Trans Mountain Pipeline ULC,Not Applicable,Not Applicable,Transmission,0.0,2021,50.66260932,-120.41416339,Not Emergency,10 or fewer dwelling units,Developed Land - Industrial
1,Incorrect Operation,"Human Factors, Inadequate Supervision",Alberta,NOVA Gas Transmission Ltd.,Not Applicable,Not Applicable,Transmission,0.0,2021,56.091712,-114.015423,Not Emergency,10 or fewer dwelling units,Forests
0,"External Interference, Incorrect Operation","Engineering and Planning, Failure in communication, Human Factors, Inadequate Supervision, Standards and Procedures, Tools and Equipment",British Columbia,Westcoast Energy Inc.,Not Applicable,Not Applicable,Transmission,0.0,2021,56.954216,-121.920468,Not Emergency,10 or fewer dwelling units,Forests
0,"External Interference, Incorrect Operation","Human Factors, Tools and Equipment",British Columbia,Trans Mountain Pipeline ULC,Not Applicable,Not Applicable,Distribution,0.0,2021,49.267737,-122.926741,Not Emergency,10 or fewer dwelling units,Developed Land - Industrial
1,External Interference,Engineering and Planning,New Brunswick,Twin Rivers Paper Company Inc.,Water,Miscellaneous,Processing,102.2,2021,47.363174,-68.325044,Not Emergency,10 or fewer dwelling units,Developed Land - Industrial
0,"External Interference, Incorrect Operation","Engineering and Planning, Human Factors",New Brunswick,Twin Rivers Paper Company Inc.,Pulp slurry,Miscellaneous,Distribution,200.0,2021,47.368498,-68.330478,Not Emergency,10 or fewer dwelling units,Developed Land - Industrial
0,"External Interference, Incorrect Operation","Engineering and Planning, Human Factors",New Brunswick,Twin Rivers Paper Company Inc.,Pulp slurry,Miscellaneous,Distribution,1.32,2021,47.362349,-68.32506,Not Emergency,10 or fewer dwelling units,Developed Land - Commercial
0,"External Interference, Incorrect Operation",Natural or Environmental Forces,Alberta,NOVA Gas Transmission Ltd.,Not Applicable,Not Applicable,Transmission,0.0,2021,53.247208,-116.237877,Not Emergency,10 or fewer dwelling units,Forests
0,"External Interference, Other Causes",Maintenance,Alberta,Alliance Pipeline Ltd.,Not Applicable,Not Applicable,Transmission,0.0,2021,54.4124378,-117.44772902,Not Emergency,10 or fewer dwelling units,Forests
0,"External Interference, Incorrect Operation",Human Factors,British Columbia,Trans Mountain Pipeline ULC,Not Applicable,Not Applicable,Transmission,0.0,2021,49.309766,-121.634259,Not Emergency,10 or fewer dwelling units,Barren Land
1,Corrosion and Cracking,Engineering and Planning,Ontario,TransCanada PipeLines Limited,Natural Gas - Sweet,Gas,Transmission,233376.0,2021,49.74450054,-84.06775503,Not Emergency,10 or fewer dwelling units,Developed Land - Industrial
1,Incorrect Operation,Human Factors,Alberta,NOVA Gas Transmission Ltd.,Not Applicable,Not Applicable,Transmission,0.0,2021,54.38829,-118.01585,Not Emergency,10 or fewer dwelling units,Forests
0,"External Interference, Natural Force Damage","Human Factors, Natural or Environmental Forces",Quebec,Trans Québec and Maritimes Pipeline Inc.,Not Applicable,Not Applicable,Transmission,0.0,2021,45.710839,-73.757347,Not Emergency,10 or fewer dwelling units,Forests
0,Corrosion and Cracking,To be determined,New Brunswick,Twin Rivers Paper Company Inc.,Water,Miscellaneous,Distribution,2.27,2021,47.36138,-68.32803,Not Emergency,10 or fewer dwelling units,Developed Land - Industrial
0,External Interference,Natural or Environmental Forces,British Columbia,Trans Mountain Pipeline ULC,Not Applicable,Not Applicable,Distribution,0.0,2021,50.225919,-120.578865,Not Emergency,10 or fewer dwelling units,Shrub Land
0,Natural Force Damage,Natural or Environmental Forces,Alberta,NOVA Gas Transmission Ltd.,Not Applicable,Not Applicable,Transmission,0.0,2021,52.908328,-115.00664,Not Emergency,10 or fewer dwelling units,Forests
0,Equipment Failure,Natural or Environmental Forces,British Columbia,Trans Mountain Pipeline ULC,Not Applicable,Not Applicable,Distribution,0.0,2021,49.339729,-121.594706,Not Emergency,10 or fewer dwelling units,Developed Land - Industrial
0,"External Interference, Incorrect Operation",Human Factors,British Columbia,Trans Mountain Pipeline ULC,Not Applicable,Not Applicable,Transmission,0.0,2021,49.22468,-122.82575,Not Emergency,10 or fewer dwelling units,Developed Land - Industrial
0,Natural Force Damage,Natural or Environmental Forces,Alberta,NOVA Gas Transmission Ltd.,Not Applicable,Not Applicable,Transmission,0.0,2021,50.004614,-114.143281,Not Emergency,10 or fewer dwelling units,Forests
1,"External Interference, Incorrect Operation","Human Factors, Inadequate Supervision",Alberta,NOVA Gas Transmission Ltd.,Not Applicable,Not Applicable,Transmission,0.0,2021,52.34672227,-110.7640154,Not Emergency,10 or fewer dwelling units,Forests
1,External Interference,Natural or Environmental Forces,British Columbia,Trans Mountain Pipeline ULC,Not Applicable,Not Applicable,Transmission,0.0,2021,49.436473,-121.304001,Not Emergency,10 or fewer dwelling units,Water / Wetlands
0,"External Interference, Incorrect Operation","Human Factors, Maintenance",Alberta,Trans Mountain Pipeline ULC,Crude Oil - Sweet,Liquid,Transmission,7.0,2021,53.54290845,-113.36445011,Not Emergency,10 or fewer dwelling units,Developed Land - Industrial
1,"External Interference, Incorrect Operation","Human Factors, Inadequate Supervision",British Columbia,Trans Mountain Pipeline ULC,Not Applicable,Not Applicable,Distribution,0.0,2021,49.142,-122.5405,Not Emergency,10 or fewer dwelling units,Forests
1,"External Interference, Incorrect Operation",To be determined,Manitoba,Minell Pipeline Limited,Natural Gas - Sweet,Gas,Transmission,84000.0,2021,50.247336,-101.465189,Emergency,10 or fewer dwelling units,Agricultural Cropland
0,Natural Force Damage,Natural or Environmental Forces,Ontario,Enbridge Pipelines Inc.,Not Applicable,Not Applicable,Transmission,0.0,2021,44.831907,-75.408101,Not Emergency,10 or fewer dwelling units,Agricultural Cropland
0,Equipment Failure,Tools and Equipment,Alberta,Foothills Pipe Lines Ltd.,Not Applicable,Not Applicable,Transmission,0.0,2021,50.6773,-110.0216,Not Emergency,10 or fewer dwelling units,Developed Land - Industrial
0,Natural Force Damage,Natural or Environmental Forces,Alberta,NOVA Gas Transmission Ltd.,Not Applicable,Not Applicable,Transmission,0.0,2021,49.286791,-114.014257,Not Emergency,10 or fewer dwelling units,Water / Wetlands
0,External Interference,Natural or Environmental Forces,British Columbia,Westcoast Energy Inc.,Not Applicable,Not Applicable,Transmission,0.0,2021,49.429033,-121.308868,Not Emergency,10 or fewer dwelling units,Water / Wetlands
0,External Interference,Natural or Environmental Forces,British Columbia,Westcoast Energy Inc.,Not Applicable,Not Applicable,Transmission,0.0,2021,49.914986,-120.920873,Not Emergency,10 or fewer dwelling units,Water / Wetlands
1,External Interference,Human Factors,British Columbia,Trans Mountain Pipeline ULC,Not Applicable,Not Applicable,Transmission,0.0,2022,52.109063,-119.309071,Not Emergency,11 to 45 dwelling units,Developed Land - Industrial
0,"External Interference, Incorrect Operation","Human Factors, Maintenance",British Columbia,Trans Mountain Pipeline ULC,Not Applicable,Not Applicable,Distribution,0.0,2022,49.29079839,-122.95027588,Not Emergency,10 or fewer dwelling units,Developed Land - Industrial
0,Natural Force Damage,Natural or Environmental Forces,Alberta,NOVA Gas Transmission Ltd.,Not Applicable,Not Applicable,Transmission,0.0,2022,52.6359458,-115.6223682,Not Emergency,10 or fewer dwelling units,Forests
0,Incorrect Operation,Human Factors,Alberta,NOVA Gas Transmission Ltd.,Not Applicable,Not Applicable,Transmission,0.0,2022,57.36771436,-119.75277553,Not Emergency,10 or fewer dwelling units,Developed Land - Industrial
0,External Interference,"Engineering and Planning, Tools and Equipment",Alberta,NOVA Gas Transmission Ltd.,Not Applicable,Not Applicable,Transmission,0.0,2022,53.3333,-116.31667,Not Emergency,10 or fewer dwelling units,Forests
1,Incorrect Operation,"Human Factors, Inadequate Supervision, Maintenance",British Columbia,Trans Mountain Pipeline ULC,Not Applicable,Not Applicable,Transmission,0.0,2022,51.5931689,-120.11822,Not Emergency,11 to 45 dwelling units,Forests
1,Equipment Failure,"Engineering and Planning, Failure in communication",Alberta,NOVA Gas Transmission Ltd.,Natural Gas - Sweet,Gas,Transmission,601769.0,2022,53.19667,-111.78778,Not Emergency,10 or fewer dwelling units,Agricultural Cropland
1,Incorrect Operation,Human Factors,Alberta,Trans Mountain Pipeline ULC,Not Applicable,Not Applicable,Distribution,0.0,2022,53.55127,-116.70043,Not Emergency,11 to 45 dwelling units,Agricultural Cropland
0,"External Interference, Incorrect Operation","Failure in communication, Human Factors",Alberta,NOVA Gas Transmission Ltd.,Natural Gas - Sweet,Gas,Transmission,0.08,2022,53.55704503,-116.54080738,Not Emergency,10 or fewer dwelling units,Forests
0,Incorrect Operation,Human Factors,British Columbia,Trans Mountain Pipeline ULC,Not Applicable,Not Applicable,Transmission,0.0,2022,52.116958,-119.308819,Not Emergency,11 to 45 dwelling units,Developed Land - Industrial
0,Incorrect Operation,Maintenance,British Columbia,Trans Mountain Pipeline ULC,Not Applicable,Not Applicable,Transmission,0.0,2022,49.26848937,-122.93134198,Not Emergency,10 or fewer dwelling units,Developed Land - Industrial
1,Incorrect Operation,Engineering and Planning,Alberta,Trans Mountain Pipeline ULC,Not Applicable,Not Applicable,Transmission,0.0,2022,53.569096,-114.46076,Not Emergency,10 or fewer dwelling units,Water / Wetlands
1,Incorrect Operation,Maintenance,British Columbia,Trans Mountain Pipeline ULC,Lube Oil,Liquid,Transmission,0.0001,2022,49.726719,-121.011257,Not Emergency,10 or fewer dwelling units,Water / Wetlands
0,"Defect and Deterioration, Incorrect Operation","Inadequate Supervision, Maintenance",Alberta,NOVA Gas Transmission Ltd.,Not Applicable,Not Applicable,Transmission,0.0,2022,52.68141,-115.37544,Not Emergency,10 or fewer dwelling units,Forests
1,"External Interference, Natural Force Damage",Natural or Environmental Forces,Alberta,NOVA Gas Transmission Ltd.,Not Applicable,Not Applicable,Transmission,0.0,2022,54.333122,-118.113801,Not Emergency,10 or fewer dwelling units,Forests
1,Corrosion and Cracking,Engineering and Planning,Ontario,TransCanada PipeLines Limited,Natural Gas - Sweet,Gas,Transmission,1001182.0,2022,48.82551,-80.84534,Not Emergency,10 or fewer dwelling units,Forests
1,"External Interference, Natural Force Damage",Natural or Environmental Forces,Alberta,NOVA Gas Transmission Ltd.,Not Applicable,Not Applicable,Transmission,0.0,2022,54.20982,-117.75955,Not Emergency,10 or fewer dwelling units,Forests
0,Natural Force Damage,Natural or Environmental Forces,British Columbia,Trans Mountain Pipeline ULC,Not Applicable,Not Applicable,Transmission,0.0,2022,51.67461,-119.539017,Not Emergency,10 or fewer dwelling units,Forests
0,Natural Force Damage,Natural or Environmental Forces,British Columbia,Trans Mountain Pipeline ULC,Not Applicable,Not Applicable,Transmission,0.0,2022,49.067649,-122.139523,Not Emergency,10 or fewer dwelling units,Water / Wetlands
1,"External Interference, Incorrect Operation","Failure in communication, Human Factors, Inadequate Supervision",British Columbia,Trans Mountain Pipeline ULC,Not Applicable,Not Applicable,Distribution,0.0,2022,49.29079839,-122.95027588,Not Emergency,11 to 45 dwelling units,Developed Land - Industrial
1,"External Interference, Incorrect Operation","Engineering and Planning, Inadequate Supervision",British Columbia,Trans Mountain Pipeline ULC,Not Applicable,Not Applicable,Transmission,0.0,2022,50.51341,-120.363775,Not Emergency,10 or fewer dwelling units,Forests
0,External Interference,Maintenance,British Columbia,Trans Mountain Pipeline ULC,Not Applicable,Not Applicable,Distribution,0.0,2022,49.26848937,-122.93134198,Not Emergency,within 200 m of the event site - A building occupied by 20 to 120 persons during normal use,Developed Land - Industrial
1,External Interference,Engineering and Planning,British Columbia,Trans Mountain Pipeline ULC,Not Applicable,Not Applicable,Transmission,0.0,2022,49.27692,-121.671125,Not Emergency,10 or fewer dwelling units,Water / Wetlands
0,External Interference,Standards and Procedures,British Columbia,Trans Mountain Pipeline ULC,Not Applicable,Not Applicable,Transmission,0.0,2022,51.37767,-120.1956,Not Emergency,10 or fewer dwelling units,Forests
1,"External Interference, Natural Force Damage",Natural or Environmental Forces,Alberta,NOVA Gas Transmission Ltd.,Not Applicable,Not Applicable,Transmission,0.0,2022,53.23911,-116.22879,Not Emergency,10 or fewer dwelling units,Forests
1,"Incorrect Operation, Natural Force Damage","Engineering and Planning, Human Factors, Natural or Environmental Forces",British Columbia,Westcoast Energy Inc.,Not Applicable,Not Applicable,Transmission,0.0,2022,49.444187,-121.272473,Not Emergency,10 or fewer dwelling units,Water / Wetlands
0,"External Interference, Natural Force Damage",Natural or Environmental Forces,Ontario,Trans-Northern Pipelines Inc.,Not Applicable,Not Applicable,Transmission,0.0,2022,43.929818,-78.842344,Not Emergency,10 or fewer dwelling units,Water / Wetlands
0,External Interference,To be determined,British Columbia,Trans Mountain Pipeline ULC,Not Applicable,Not Applicable,Transmission,0.0,2022,52.118143,-119.310864,Not Emergency,11 to 45 dwelling units,Developed Land - Industrial
0,Natural Force Damage,Natural or Environmental Forces,Northwest Territories,Enbridge Pipelines (NW) Inc.,Not Applicable,Not Applicable,Transmission,0.0,2022,63.459707,-123.603407,Not Emergency,10 or fewer dwelling units,Water / Wetlands
0,External Interference,"Engineering and Planning, Standards and Procedures",Alberta,Trans Mountain Pipeline ULC,Not Applicable,Not Applicable,Transmission,0.0,2022,53.54290845,-113.36445011,Not Emergency,10 or fewer dwelling units,Developed Land - Industrial
1,Incorrect Operation,Engineering and Planning,Alberta,Trans Mountain Pipeline ULC,Not Applicable,Not Applicable,Transmission,0.0,2022,53.566032,-114.363405,Not Emergency,10 or fewer dwelling units,Water / Wetlands
0,Incorrect Operation,Human Factors,British Columbia,NOVA Gas Transmission Ltd.,Not Applicable,Not Applicable,Transmission,0.0,2022,55.368501,-119.927951,Not Emergency,10 or fewer dwelling units,Forests
0,Defect and Deterioration,Engineering and Planning,British Columbia,Westcoast Energy Inc.,Natural Gas - Sweet,Gas,Transmission,10121.0,2022,56.02475,-120.516088,Not Emergency,10 or fewer dwelling units,Shrub Land
0,External Interference,"Engineering and Planning, Standards and Procedures",New Brunswick,Twin Rivers Paper Company Inc.,Water,Miscellaneous,Processing,90.0,2022,47.367984,-68.330315,Not Emergency,10 or fewer dwelling units,Developed Land - Industrial
0,External Interference,"Engineering and Planning, Standards and Procedures",New Brunswick,Twin Rivers Paper Company Inc.,Water,Miscellaneous,Processing,90.0,2022,47.364587,-68.325497,Not Emergency,10 or fewer dwelling units,Developed Land - Industrial
0,Natural Force Damage,Natural or Environmental Forces,British Columbia,Westcoast Energy Inc.,Not Applicable,Not Applicable,Transmission,0.0,2022,49.612721,-121.065475,Not Emergency,10 or fewer dwelling units,Water / Wetlands
0,Incorrect Operation,Inadequate Supervision,British Columbia,Trans Mountain Pipeline ULC,Not Applicable,Not Applicable,Transmission,0.0,2022,50.691082,-120.456331,Not Emergency,10 or fewer dwelling units,Developed Land - Industrial
0,Equipment Failure,"Inadequate Procurement, Maintenance",Alberta,Enbridge Pipelines (NW) Inc.,Not Applicable,Not Applicable,Transmission,0.0,2022,59.06673752,-118.85381433,Not Emergency,10 or fewer dwelling units,Developed Land - Industrial
1,"External Interference, Incorrect Operation, Natural Force Damage","Human Factors, Inadequate Supervision",Alberta,NOVA Gas Transmission Ltd.,Not Applicable,Not Applicable,Transmission,0.0,2022,52.24759216,-115.22899641,Not Emergency,10 or fewer dwelling units,Forests
1,Incorrect Operation,Human Factors,British Columbia,Trans Mountain Pipeline ULC,Not Applicable,Not Applicable,Transmission,0.0,2022,49.53927,-121.2002,Not Emergency,10 or fewer dwelling units,Forests
0,Equipment Failure,Tools and Equipment,Alberta,TransCanada Keystone Pipeline GP Ltd.,Not Applicable,Not Applicable,Transmission,0.0,2022,52.65539,-111.25366,Not Emergency,10 or fewer dwelling units,Developed Land - Industrial
0,"Equipment Failure, External Interference",Human Factors,Ontario,TransCanada PipeLines Limited,Not Applicable,Not Applicable,Transmission,0.0,2022,49.800975,-86.759869,Not Emergency,10 or fewer dwelling units,Forests
0,"External Interference, Incorrect Operation","Human Factors, Inadequate Procurement",British Columbia,Trans Mountain Pipeline ULC,Not Applicable,Not Applicable,Transmission,0.0,2022,51.5459265,-120.21505,Not Emergency,10 or fewer dwelling units,Forests
0,External Interference,"Engineering and Planning, Inadequate Supervision, Tools and Equipment",Alberta,Enbridge Pipelines Inc.,Crude Oil - Sweet,Liquid,Transmission,13.25,2023,53.546443,-113.349627,Not Emergency,"46 or more dwelling units, facilities, or institutions, or a combination of such structures intended for human occupancy from which rapid evacuation can be difficult (e.g., hospitals, nursing homes)",Developed Land - Industrial
1,Incorrect Operation,Maintenance,British Columbia,Trans Mountain Pipeline ULC,Hydraulic Fluid,Miscellaneous,Transmission,0.035,2023,49.17749,-122.61864,Not Emergency,10 or fewer dwelling units,Water / Wetlands
0,"External Interference, Incorrect Operation",Human Factors,British Columbia,Trans Mountain Pipeline ULC,Not Applicable,Not Applicable,Distribution,0.0,2023,49.17677,-122.62277,Not Emergency,10 or fewer dwelling units,Shrub Land
1,Other Causes,Engineering and Planning,British Columbia,Trans Mountain Pipeline ULC,Drilling Fluid,Miscellaneous,Transmission,0.3,2023,49.195695,-122.745813,Not Emergency,10 or fewer dwelling units,Water / Wetlands
1,Incorrect Operation,Engineering and Planning,British Columbia,Trans Mountain Pipeline ULC,Not Applicable,Not Applicable,Transmission,0.0,2023,49.210294,-122.794979,Not Emergency,10 or fewer dwelling units,Water / Wetlands
0,"Equipment Failure, External Interference","Engineering and Planning, Inadequate Procurement",Alberta,NOVA Gas Transmission Ltd.,Natural Gas - Sweet,Gas,Transmission,0.91,2023,56.8782753,-116.54787167,Not Emergency,10 or fewer dwelling units,Forests
0,Equipment Failure,Maintenance,Alberta,NOVA Gas Transmission Ltd.,Not Applicable,Not Applicable,Transmission,0.0,2023,51.94361746,-114.73641673,Not Emergency,10 or fewer dwelling units,Forests
0,"External Interference, Incorrect Operation","Human Factors, Inadequate Supervision, Tools and Equipment",British Columbia,Trans Mountain Pipeline ULC,Not Applicable,Not Applicable,Transmission,0.0,2023,49.15233,-122.00333,Not Emergency,10 or fewer dwelling units,Developed Land - Industrial
1,Incorrect Operation,Engineering and Planning,British Columbia,Trans Mountain Pipeline ULC,Not Applicable,Not Applicable,Distribution,0.0,2023,49.1052659,-122.4101531,Not Emergency,10 or fewer dwelling units,Water / Wetlands
0,"External Interference, Incorrect Operation","Human Factors, Inadequate Supervision, Tools and Equipment",British Columbia,Trans Mountain Pipeline ULC,Not Applicable,Not Applicable,Distribution,0.0,2023,49.26848937,-122.93134198,Not Emergency,"46 or more dwelling units, facilities, or institutions, or a combination of such structures intended for human occupancy from which rapid evacuation can be difficult (e.g., hospitals, nursing homes)",Developed Land - Industrial
1,External Interference,Natural or Environmental Forces,Alberta,NOVA Gas Transmission Ltd.,Not Applicable,Not Applicable,Transmission,0.0,2023,49.62,-114.34,Not Emergency,10 or fewer dwelling units,Forests
0,External Interference,"Human Factors, Maintenance",Saskatchewan,Enbridge Pipelines Inc.,Not Applicable,Not Applicable,Transmission,0.0,2023,50.483963,-104.587818,Not Emergency,"46 or more dwelling units, facilities, or institutions, or a combination of such structures intended for human occupancy from which rapid evacuation can be difficult (e.g., hospitals, nursing homes)",Developed Land - Industrial
1,Incorrect Operation,Engineering and Planning,British Columbia,Trans Mountain Pipeline ULC,Not Applicable,Not Applicable,Transmission,0.0,2023,49.181733,-122.643529,Not Emergency,10 or fewer dwelling units,Water / Wetlands
1,Incorrect Operation,"Failure in communication, Human Factors, Inadequate Supervision",British Columbia,Trans Mountain Pipeline ULC,Not Applicable,Not Applicable,Distribution,0.0,2023,49.17916,-122.62307,Not Emergency,10 or fewer dwelling units,Shrub Land
0,External Interference,Maintenance,Alberta,NOVA Gas Transmission Ltd.,Natural Gas - Sweet,Gas,Transmission,0.1,2023,55.19455,-111.48166,Not Emergency,10 or fewer dwelling units,Forests
0,Natural Force Damage,Natural or Environmental Forces,Alberta,Trans Mountain Pipeline ULC,Not Applicable,Not Applicable,Transmission,0.0,2023,53.59196,-115.16533,Not Emergency,10 or fewer dwelling units,Water / Wetlands
0,"External Interference, Incorrect Operation","Failure in communication, Inadequate Supervision",British Columbia,Trans Mountain Pipeline ULC,Not Applicable,Not Applicable,Transmission,0.0,2023,49.727507,-121.016743,Not Emergency,10 or fewer dwelling units,Forests
1,"Incorrect Operation, Other Causes",Engineering and Planning,British Columbia,Trans Mountain Pipeline ULC,Not Applicable,Not Applicable,Transmission,0.0,2023,49.1283932,-121.9184898,Not Emergency,10 or fewer dwelling units,Agricultural Cropland
0,Natural Force Damage,Natural or Environmental Forces,Alberta,Trans Mountain Pipeline ULC,Not Applicable,Not Applicable,Transmission,0.0,2023,53.489108,-117.381511,Not Emergency,10 or fewer dwelling units,Water / Wetlands
0,Equipment Failure,Maintenance,British Columbia,Canadian Natural Resources Limited,Natural Gas - Sweet,Gas,Gathering,480.0,2023,57.73965,-120.01228,Not Emergency,"Within 200 m of event site - an industrial installation (e.g., a chemical plant or a hazardous substance storage area",Developed Land - Industrial
0,"External Interference, Natural Force Damage",Natural or Environmental Forces,Alberta,NOVA Gas Transmission Ltd.,Not Applicable,Not Applicable,Transmission,0.0,2023,52.8912,-115.1103,Not Emergency,10 or fewer dwelling units,Forests
0,"External Interference, Incorrect Operation","Human Factors, Inadequate Supervision",British Columbia,Trans Mountain Pipeline ULC,Not Applicable,Not Applicable,Transmission,0.0,2023,49.1444252,-122.054514,Not Emergency,11 to 45 dwelling units,Developed Land - Industrial
0,"External Interference, Incorrect Operation",Human Factors,British Columbia,Trans Mountain Pipeline ULC,Not Applicable,Not Applicable,Transmission,0.0,2023,49.147641,-121.8741153,Not Emergency,11 to 45 dwelling units,Agricultural Cropland
0,"Equipment Failure, External Interference","Maintenance, Natural or Environmental Forces",Alberta,NOVA Gas Transmission Ltd.,Not Applicable,Not Applicable,Transmission,0.0,2023,51.94358,-114.73537,Not Emergency,10 or fewer dwelling units,Forests
0,"External Interference, Incorrect Operation","Failure in communication, Human Factors, Inadequate Supervision, Standards and Procedures",Alberta,NOVA Gas Transmission Ltd.,Not Applicable,Not Applicable,Transmission,0.0,2023,51.35762,-113.02529,Not Emergency,10 or fewer dwelling units,Developed Land - Industrial
0,External Interference,Natural or Environmental Forces,Saskatchewan,TransCanada PipeLines Limited,Not Applicable,Not Applicable,Transmission,0.0,2023,50.51763,-106.92144,Not Emergency,10 or fewer dwelling units,Shrub Land
1,"Incorrect Operation, Other Causes",Engineering and Planning,British Columbia,Trans Mountain Pipeline ULC,Not Applicable,Not Applicable,Transmission,0.0,2023,49.098052,-122.33709,Not Emergency,10 or fewer dwelling units,Water / Wetlands
1,Incorrect Operation,Engineering and Planning,British Columbia,Trans Mountain Pipeline ULC,Not Applicable,Not Applicable,Transmission,0.0,2023,49.195714,-122.745648,Not Emergency,10 or fewer dwelling units,Water / Wetlands
0,Incorrect Operation,Human Factors,British Columbia,Trans Mountain Pipeline ULC,Not Applicable,Not Applicable,Transmission,0.0,2023,49.127566,-121.920018,Not Emergency,10 or fewer dwelling units,Agricultural Cropland
1,Incorrect Operation,Engineering and Planning,British Columbia,Trans Mountain Pipeline ULC,Not Applicable,Not Applicable,Transmission,0.0,2023,49.1968613,-122.7469638,Not Emergency,10 or fewer dwelling units,Water / Wetlands
0,External Interference,Maintenance,British Columbia,Trans Mountain Pipeline ULC,Not Applicable,Not Applicable,Transmission,0.0,2024,49.19539402,-121.73184916,Not Emergency,10 or fewer dwelling units,Developed Land - Industrial
1,"Equipment Failure, External Interference",Maintenance,British Columbia,Westcoast Energy Inc.,Natural Gas - Sweet,Gas,Transmission,34467.0,2024,56.954034,-121.919864,Not Emergency,10 or fewer dwelling units,Developed Land - Industrial
1,Corrosion and Cracking,Engineering and Planning,Alberta,"NGTL GP Ltd., as general partner on behalf of NGTL Limited Partnership",Natural Gas - Sweet,Gas,Transmission,5.98,2024,53.779944,-116.934181,Emergency,10 or fewer dwelling units,Forests
0,External Interference,Engineering and Planning,Alberta,NOVA Gas Transmission Ltd.,Not Applicable,Not Applicable,Transmission,0.0,2024,55.521447,-119.35451354,Not Emergency,10 or fewer dwelling units,Agricultural Cropland
0,External Interference,Maintenance,Ontario,TransCanada PipeLines Limited,Not Applicable,Not Applicable,Transmission,0.0,2024,46.37822727,-79.46729081,Not Emergency,10 or fewer dwelling units,Forests
0,Equipment Failure,Human Factors,British Columbia,Trans Mountain Pipeline ULC,Not Applicable,Not Applicable,Transmission,0.0,2024,50.96699,-120.24699,Not Emergency,10 or fewer dwelling units,Forests
0,"External Interference, Natural Force Damage",Engineering and Planning,Alberta,"NGTL GP Ltd., as general partner, on behalf of NGTL Limited Partnership",Not Applicable,Not Applicable,Transmission,0.0,2024,56.312851,-119.906052,Not Emergency,10 or fewer dwelling units,Forests
0,"External Interference, Natural Force Damage",Natural or Environmental Forces,Ontario,Trans-Northern Pipelines Inc.,Not Applicable,Not Applicable,Transmission,0.0,2024,43.931222,-78.828667,Not Emergency,11 to 45 dwelling units,Water / Wetlands
0,"External Interference, Natural Force Damage",Natural or Environmental Forces,Ontario,TransCanada PipeLines Limited,Not Applicable,Not Applicable,Transmission,0.0,2024,48.915722,-88.388449,Not Emergency,10 or fewer dwelling units,Forests
0,Equipment Failure,"Maintenance, Tools and Equipment",Alberta,"NGTL GP Ltd., as general partner, on behalf of NGTL Limited Partnership",Not Applicable,Not Applicable,Transmission,0.0,2024,56.5589,-119.0248,Not Emergency,10 or fewer dwelling units,Forests
0,Defect and Deterioration,"Standards and Procedures, Tools and Equipment",Alberta,"NGTL GP Ltd., as general partner, on behalf of NGTL Limited Partnership",Natural Gas - Sweet,Gas,Transmission,19000.0,2024,51.52996,-114.04356,Not Emergency,10 or fewer dwelling units,Agricultural Cropland
0,"Equipment Failure, External Interference","Engineering and Planning, Maintenance",Alberta,"NGTL GP Ltd., as general partner, on behalf of NGTL Limited Partnership",Not Applicable,Not Applicable,Transmission,0.0,2024,53.24568023,-116.23962717,Not Emergency,10 or fewer dwelling units,Forests
0,"External Interference, Natural Force Damage",Natural or Environmental Forces,Alberta,"NGTL GP Ltd., as general partner, on behalf of NGTL Limited Partnership",Not Applicable,Not Applicable,Transmission,0.0,2024,49.993233,-114.137463,Not Emergency,10 or fewer dwelling units,Forests
0,"External Interference, Natural Force Damage",Natural or Environmental Forces,Alberta,"NGTL GP Ltd., as general partner, on behalf of NGTL Limited Partnership",Not Applicable,Not Applicable,Transmission,0.0,2024,49.352828,-114.090993,Not Emergency,10 or fewer dwelling units,Forests
0,"Equipment Failure, External Interference",Maintenance,Alberta,Enbridge Pipelines Inc.,Natural Gas Liquids,Gas,Transmission,18.669,2024,52.93,-112.08,Not Emergency,10 or fewer dwelling units,Agricultural Cropland
1,"External Interference, Incorrect Operation","Inadequate Supervision, Maintenance, Standards and Procedures",Alberta,"NGTL GP Ltd., as general partner, on behalf of NGTL Limited Partnership",Not Applicable,Not Applicable,Transmission,0.0,2025,57.0053,-114.87121,Not Emergency,10 or fewer dwelling units,Forests
1,"External Interference, Incorrect Operation","Human Factors, Maintenance",British Columbia,Trans Mountain Pipeline ULC,Not Applicable,Not Applicable,Transmission,0.0,2025,49.29079839,-122.95027588,Not Emergency,10 or fewer dwelling units,Developed Land - Industrial
0,Equipment Failure,Engineering and Planning,Alberta,"NGTL GP Ltd., as general partner, on behalf of NGTL Limited Partnership",Natural Gas - Sweet,Gas,Transmission,2813.0,2025,56.87797208,-116.54707417,Not Emergency,10 or fewer dwelling units,Forests
0,Other Causes,Maintenance,British Columbia,Trans Mountain Pipeline ULC,Not Applicable,Not Applicable,Transmission,0.0,2025,49.2881065,-122.957767,Not Emergency,within 200 m of the event site - A building occupied by 20 to 120 persons during normal use,Barren Land
0,"Corrosion and Cracking, Defect and Deterioration","Engineering and Planning, Standards and Procedures",Ontario,TransCanada PipeLines Limited,Natural Gas - Sweet,Gas,Transmission,0.8,2025,48.70470124,-89.85291403,Not Emergency,10 or fewer dwelling units,Forests
0,Equipment Failure,Maintenance,Alberta,"NGTL GP Ltd., as general partner, on behalf of NGTL Limited Partnership",Natural Gas - Sweet,Gas,Transmission,2700.0,2025,55.98066255,-111.96657031,Not Emergency,10 or fewer dwelling units,Vegetative Barren
0,Incorrect Operation,"Engineering and Planning, Maintenance",Alberta,"NGTL GP Ltd., as general partner, on behalf of NGTL Limited Partnership",Natural Gas - Sweet,Gas,Transmission,11018.99,2025,56.87816869,-116.54670556,Not Emergency,10 or fewer dwelling units,Forests
0,"Equipment Failure, External Interference",Engineering and Planning,Alberta,Westcoast Energy Inc.,Not Applicable,Not Applicable,Transmission,0.0,2025,55.826,-119.756,Not Emergency,10 or fewer dwelling units,Forests
0,"Equipment Failure, External Interference",Engineering and Planning,Alberta,Enbridge Pipelines Inc.,Not Applicable,Not Applicable,Transmission,0.0,2025,52.407874,-110.582532,Not Emergency,10 or fewer dwelling units,Developed Land - Industrial
0,External Interference,Natural or Environmental Forces,Alberta,Enbridge Pipelines Inc.,Not Applicable,Not Applicable,Transmission,0.0,2025,53.53945478,-113.35869017,Not Emergency,10 or fewer dwelling units,Developed Land - Industrial
0,External Interference,Engineering and Planning,Alberta,"NGTL GP Ltd., as general partner on behalf of NGTL Limited Partnership",Not Applicable,Not Applicable,Transmission,0.0,2025,53.96045,-116.45832,Not Emergency,10 or fewer dwelling units,Forests
1,Equipment Failure,Engineering and Planning,British Columbia,Westcoast Energy Inc.,Natural Gas - Sweet,Gas,Transmission,56359.0,2025,49.19837,-121.78658,Not Emergency,10 or fewer dwelling units,Agricultural Cropland
0,Natural Force Damage,Natural or Environmental Forces,Quebec,Montreal Pipe Line Limited,Not Applicable,Not Applicable,Transmission,0.0,2025,45.122,-72.677,Not Emergency,10 or fewer dwelling units,Shrub Land
0,External Interference,Natural or Environmental Forces,Quebec,Montreal Pipe Line Limited,Not Applicable,Not Applicable,Transmission,0.0,2025,45.128,-72.688,Not Emergency,10 or fewer dwelling units,Shrub Land
1,Natural Force Damage,Natural or Environmental Forces,British Columbia,Trans Mountain Pipeline ULC,Not Applicable,Not Applicable,Transmission,0.0,2025,49.607017,-121.066651,Not Emergency,10 or fewer dwelling units,Forests
0,Equipment Failure,Engineering and Planning,Alberta,"NGTL GP Ltd., as general partner on behalf of NGTL Limited Partnership",Natural Gas - Sweet,Gas,Transmission,52.4,2025,52.43681242,-112.23432327,Not Emergency,10 or fewer dwelling units,Agricultural Cropland
0,Equipment Failure,Engineering and Planning,Ontario,TransCanada PipeLines Limited,Not Applicable,Not Applicable,Transmission,0.0,2025,43.87374203,-79.57983402,Not Emergency,10 or fewer dwelling units,Agricultural Cropland
0,External Interference,"Engineering and Planning, Natural or Environmental Forces",Alberta,"NGTL GP Ltd., as general partner on behalf of NGTL Limited Partnership",Natural Gas - Sweet,Gas,Transmission,25338.0,2026,57.36771436,-119.75277553,Not Emergency,10 or fewer dwelling units,Forests
0,Incorrect Operation,"Failure in communication, Human Factors",Saskatchewan,Enbridge Southern Lights GP Inc. on behalf of Enbridge Southern Lights LP,Not Applicable,Not Applicable,Transmission,0.0,2026,50.29791469,-103.83770026,Not Emergency,10 or fewer dwelling units,Developed Land - Industrial
0,External Interference,Maintenance,Alberta,"NGTL GP Ltd., as general partner on behalf of NGTL Limited Partnership",Not Applicable,Not Applicable,Transmission,0.0,2026,54.743401,-111.721306,Not Emergency,10 or fewer dwelling units,Forests
0,Natural Force Damage,Natural or Environmental Forces,Quebec,Champion Pipe Line Corporation Limited,Not Applicable,Not Applicable,Transmission,0.0,2026,48.05299,-79.189533,Not Emergency,10 or fewer dwelling units,Water / Wetlands
0,Natural Force Damage,Natural or Environmental Forces,Quebec,Champion Pipe Line Corporation Limited,Not Applicable,Not Applicable,Transmission,0.0,2026,47.824706,-79.314568,Not Emergency,10 or fewer dwelling units,Water / Wetlands
0,Natural Force Damage,Natural or Environmental Forces,Quebec,Champion Pipe Line Corporation Limited,Not Applicable,Not Applicable,Transmission,0.0,2026,47.887079,-79.255925,Not Emergency,10 or fewer dwelling units,Water / Wetlands
0,Natural Force Damage,Natural or Environmental Forces,Quebec,Champion Pipe Line Corporation Limited,Not Applicable,Not Applicable,Transmission,0.0,2026,47.756562,-79.476905,Not Emergency,10 or fewer dwelling units,Water / Wetlands
0,Natural Force Damage,Natural or Environmental Forces,Quebec,Champion Pipe Line Corporation Limited,Not Applicable,Not Applicable,Transmission,0.0,2026,47.763362,-79.467235,Not Emergency,10 or fewer dwelling units,Water / Wetlands
1,External Interference,Engineering and Planning,British Columbia,Westcoast Energy GP Inc. on behalf of Westcoast Energy Limited Partnership,Not Applicable,Not Applicable,Transmission,0.0,2026,56.141597,-120.670482,Not Emergency,"46 or more dwelling units, facilities, or institutions, or a combination of such structures intended for human occupancy from which rapid evacuation can be difficult (e.g., hospitals, nursing homes)",Developed Land - Industrial
0,External Interference,Natural or Environmental Forces,British Columbia,Westcoast Energy GP Inc. on behalf of Westcoast Energy Limited Partnership,Not Applicable,Not Applicable,Transmission,0.0,2026,56.109954,-122.043332,Not Emergency,10 or fewer dwelling units,Agricultural Cropland
0,External Interference,Natural or Environmental Forces,British Columbia,"NorthRiver Midstream G and P Canada Pipelines Inc., as general partner and on behalf of NorthRiver Midstream G and P Canada Pipelines Limited Partnership",Not Applicable,Not Applicable,Transmission,0.0,2026,56.39145,-121.02978,Not Emergency,10 or fewer dwelling units,Water / Wetlands
1,Equipment Failure,Maintenance,Ontario,TransCanada PipeLines Limited,Natural Gas - Sweet,Gas,Transmission,970200.0,2026,46.37842896,-79.47053361,Not Emergency,11 to 45 dwelling units,Forests
0,External Interference,Maintenance,British Columbia,Westcoast Energy GP Inc. on behalf of Westcoast Energy Limited Partnership,Not Applicable,Not Applicable,Transmission,0.0,2026,56.104455,-120.679196,Not Emergency,10 or fewer dwelling units,Agricultural Cropland
0,Other Causes,Natural or Environmental Forces,Saskatchewan,Souris Valley Pipeline Limited,Carbon Dioxide,Miscellaneous,Distribution,0.01,2026,49.425724,-103.680063,Not Emergency,10 or fewer dwelling units,Vegetative Barren
0,Corrosion and Cracking,Maintenance,Alberta,Alliance Pipeline Ltd.,Natural Gas - Sweet,Gas,Transmission,0.0,2008,54.84,-118.65,Level I,Unknown Population Density (Historical Data Migration),Unknown Land Use (Historical Data Migration)
0,Corrosion and Cracking,Maintenance,Manitoba,Enbridge Pipelines Inc.,Crude Oil - Sweet,Liquid,Unknown,8.0,2008,49.753,-101.239,Level I,Unknown Population Density (Historical Data Migration),Developed Land - Industrial
0,Equipment Failure,"Maintenance, Standards and Procedures",British Columbia,"Westcoast Energy Inc., carrying on business as Spectra Energy Transmission",Not Applicable,Not Applicable,Unknown,0.0,2008,56.63822,-121.65102,Level I,10 or fewer dwelling units,Unknown Land Use (Historical Data Migration)
0,Defect and Deterioration,Maintenance,British Columbia,"Westcoast Energy Inc., carrying on business as Spectra Energy Transmission",Natural Gas - Sweet,Gas,Unknown,0.0,2008,55.032,-123.03098,Level I,10 or fewer dwelling units,Unknown Land Use (Historical Data Migration)
0,Equipment Failure,Maintenance,Manitoba,TransCanada PipeLines Limited,Natural Gas - Sweet,Gas,Unknown,0.0,2008,49.75544,-97.2305,Level I,10 or fewer dwelling units,Unknown Land Use (Historical Data Migration)
1,Equipment Failure,Maintenance,Nova Scotia,EnCana Corporation,Not Applicable,Not Applicable,Unknown,0.0,2008,45.18253,-61.65236,Level I,10 or fewer dwelling units,Unknown Land Use (Historical Data Migration)
0,External Interference,Maintenance,Alberta,Enbridge Pipelines Inc.,Not Applicable,Not Applicable,Unknown,0.0,2008,53.5474,-113.35571,Level I,Buildings greater than 4 stories above ground,Unknown Land Use (Historical Data Migration)
0,Corrosion and Cracking,Engineering and Planning,Ontario,TransCanada PipeLines Limited,Natural Gas - Sweet,Gas,Unknown,0.0,2009,49.76492,-84.91824,Level I,Unknown Population Density (Historical Data Migration),Unknown Land Use (Historical Data Migration)
0,Corrosion and Cracking,Maintenance,Ontario,TransCanada PipeLines Limited,Natural Gas - Sweet,Gas,Unknown,0.0,2009,43.11405,-79.46307,Level I,Unknown Population Density (Historical Data Migration),Unknown Land Use (Historical Data Migration)
1,"Equipment Failure, Incorrect Operation","Human Factors, Maintenance, Standards and Procedures",Saskatchewan,Enbridge Pipelines Inc.,Not Applicable,Not Applicable,Unknown,0.0,2009,50.44344,-104.35655,Level III,46 or more dwelling units,Unknown Land Use (Historical Data Migration)
0,Defect and Deterioration,Maintenance,Ontario,TransCanada PipeLines Limited,Fuel Gas,Gas,Unknown,0.0,2009,43.11368,-79.46307,Level I,Unknown Population Density (Historical Data Migration),Unknown Land Use (Historical Data Migration)
1,"Corrosion and Cracking, Incorrect Operation","Engineering and Planning, Inadequate Supervision",British Columbia,"Westcoast Energy Inc., carrying on business as Spectra Energy Transmission",Natural Gas - Sour,Gas,Transmission,0.0001,2009,56.72686,-121.81832,Level III,10 or fewer dwelling units,Unknown Land Use (Historical Data Migration)
0,Defect and Deterioration,Maintenance,Manitoba,TransCanada PipeLines Limited,Lube Oil,Liquid,Unknown,2.5,2009,49.91175,-98.51757,Level I,Unknown Population Density (Historical Data Migration),Unknown Land Use (Historical Data Migration)
0,Defect and Deterioration,Maintenance,Ontario,TransCanada PipeLines Limited,Natural Gas - Sweet,Gas,Unknown,0.0,2009,48.87172,-80.89396,Level I,Unknown Population Density (Historical Data Migration),Developed Land - Industrial
1,Incorrect Operation,Human Factors,Ontario,Enbridge Pipelines Inc.,Not Applicable,Not Applicable,Unknown,0.0,2009,42.97494,-82.40703,Level I,Unknown Population Density (Historical Data Migration),Unknown Land Use (Historical Data Migration)
1,External Interference,Failure in communication,British Columbia,"Westcoast Energy Inc., carrying on business as Spectra Energy Transmission",Natural Gas - Sour,Gas,Unknown,0.0,2009,57.31724,-120.82153,Level I,Unknown Population Density (Historical Data Migration),Unknown Land Use (Historical Data Migration)
1,Equipment Failure,Maintenance,British Columbia,"Westcoast Energy Inc., carrying on business as Spectra Energy Transmission",Natural Gas - Sour,Gas,Unknown,0.0,2009,54.97941,-121.06074,Level I,Unknown Population Density (Historical Data Migration),Unknown Land Use (Historical Data Migration)
0,Natural Force Damage,Engineering and Planning,Ontario,TransCanada PipeLines Limited,Natural Gas - Sweet,Gas,Unknown,0.0,2009,49.58574,-83.16712,Level I,Unknown Population Density (Historical Data Migration),Unknown Land Use (Historical Data Migration)
0,Equipment Failure,Maintenance,Manitoba,TransCanada PipeLines Limited,Not Applicable,Not Applicable,Transmission,0.0,2009,50.04208,-99.65931,Level I,Unknown Population Density (Historical Data Migration),Unknown Land Use (Historical Data Migration)
1,External Interference,Maintenance,British Columbia,"Westcoast Energy Inc., carrying on business as Spectra Energy Transmission",Natural Gas - Sour,Gas,Unknown,0.0,2009,54.89349,-120.66962,Level I,Unknown Population Density (Historical Data Migration),Unknown Land Use (Historical Data Migration)
1,Defect and Deterioration,"Engineering and Planning, Maintenance",Ontario,TransCanada PipeLines Limited,Natural Gas - Sweet,Gas,Transmission,1430000.0,2009,46.89733,-79.80783,Level III,Unknown Population Density (Historical Data Migration),Unknown Land Use (Historical Data Migration)
0,Corrosion and Cracking,Engineering and Planning,Saskatchewan,Enbridge Pipelines Inc.,Crude Oil - Synthetic,Liquid,Transmission,175.0,2009,50.29138341,-103.8103553,Level III,Unknown Population Density (Historical Data Migration),Unknown Land Use (Historical Data Migration)
0,External Interference,Inadequate Supervision,Ontario,2193914 Canada Limited,Natural Gas - Sweet,Gas,Distribution,0.0,2009,43.59893,-79.776,Level III,Unknown Population Density (Historical Data Migration),Unknown Land Use (Historical Data Migration)
1,Corrosion and Cracking,"Engineering and Planning, Maintenance",Ontario,Trans-Northern Pipelines Inc.,Gasoline,Liquid,Unknown,3.0,2009,45.16297,-75.37183,Level III,10 or fewer dwelling units,Unknown Land Use (Historical Data Migration)
0,Equipment Failure,Maintenance,Alberta,NOVA Gas Transmission Ltd.,Natural Gas - Sweet,Gas,Transmission,0.0,2009,51.66922,-111.89792,Level I,Unknown Population Density (Historical Data Migration),Unknown Land Use (Historical Data Migration)
0,Equipment Failure,Maintenance,Alberta,Enbridge Pipelines Inc.,Not Applicable,Not Applicable,Unknown,0.0,2009,52.93029,-112.07347,Level I,Unknown Population Density (Historical Data Migration),Unknown Land Use (Historical Data Migration)
0,Equipment Failure,"Engineering and Planning, Maintenance",Alberta,NOVA Gas Transmission Ltd.,Natural Gas - Sweet,Gas,Unknown,0.0,2009,54.0438,-117.42069,Level I,Unknown Population Density (Historical Data Migration),Unknown Land Use (Historical Data Migration)
0,Corrosion and Cracking,Maintenance,Ontario,TransCanada PipeLines Limited,Natural Gas - Sweet,Gas,Unknown,100.0,2009,49.03334,-90.51047,Level I,Unknown Population Density (Historical Data Migration),Unknown Land Use (Historical Data Migration)
0,External Interference,"Maintenance, Standards and Procedures",British Columbia,"Westcoast Energy Inc., carrying on business as Spectra Energy Transmission",Not Applicable,Not Applicable,Unknown,0.0,2009,59.63213,-123.09505,Level I,Unknown Population Density (Historical Data Migration),Unknown Land Use (Historical Data Migration)
0,Defect and Deterioration,"Maintenance, Standards and Procedures",New Brunswick,Emera Brunswick Pipeline Company Ltd.,Natural Gas - Sweet,Gas,Unknown,0.0,2009,45.30706,-66.04267,Level I,Unknown Population Density (Historical Data Migration),Unknown Land Use (Historical Data Migration)
0,Defect and Deterioration,Maintenance,Alberta,NOVA Gas Transmission Ltd.,Natural Gas - Sweet,Gas,Unknown,0.0,2009,56.03467,-117.96587,Level I,Unknown Population Density (Historical Data Migration),Unknown Land Use (Historical Data Migration)
0,Equipment Failure,Maintenance,New Brunswick,Maritimes & Northeast Pipeline Management Ltd.,Natural Gas - Sweet,Gas,Transmission,0.0,2009,46.02461,-64.22321,Level I,10 or fewer dwelling units,Unknown Land Use (Historical Data Migration)
0,Equipment Failure,Tools and Equipment,New Brunswick,Emera Brunswick Pipeline Company Ltd.,Natural Gas - Sweet,Gas,Unknown,0.1,2009,45.26269,-65.98211,Level I,Unknown Population Density (Historical Data Migration),Unknown Land Use (Historical Data Migration)
1,Incorrect Operation,"Human Factors, Inadequate Supervision, Standards and Procedures",Manitoba,Enbridge Pipelines Inc.,Not Applicable,Not Applicable,Unknown,0.0,2009,49.19043,-98.10794,Level I,Unknown Population Density (Historical Data Migration),Unknown Land Use (Historical Data Migration)
0,"Incorrect Operation, Other Causes",Engineering and Planning,Alberta,NOVA Gas Transmission Ltd.,Not Applicable,Not Applicable,Unknown,0.0,2010,51.943585,-114.736419,Level I,Unknown Population Density (Historical Data Migration),Unknown Land Use (Historical Data Migration)
0,Equipment Failure,Maintenance,Alberta,NOVA Gas Transmission Ltd.,Natural Gas - Sweet,Gas,Unknown,1.0,2010,57.19361,-118.20534,Level I,Unknown Population Density (Historical Data Migration),Unknown Land Use (Historical Data Migration)
0,Defect and Deterioration,Maintenance,Manitoba,Spectra Energy Empress Management Inc. as General Partner and Agent for Spectra Energy Empress L.P.,Propane,Gas,Unknown,0.0,2010,50.04165,-99.66005,Level I,Unknown Population Density (Historical Data Migration),Unknown Land Use (Historical Data Migration)
0,Defect and Deterioration,"Engineering and Planning, Maintenance",Alberta,NOVA Gas Transmission Ltd.,Natural Gas - Sweet,Gas,Unknown,0.0,2010,50.69805,-111.53063,Level I,Unknown Population Density (Historical Data Migration),Unknown Land Use (Historical Data Migration)
0,Defect and Deterioration,Standards and Procedures,Saskatchewan,TransCanada PipeLines Limited,Natural Gas - Sweet,Gas,Unknown,0.0,2010,50.57578,-108.36036,Level I,Unknown Population Density (Historical Data Migration),Unknown Land Use (Historical Data Migration)
0,Equipment Failure,Maintenance,Alberta,NOVA Gas Transmission Ltd.,Natural Gas - Sweet,Gas,Unknown,0.1,2010,54.093481,-116.62138,Level I,Unknown Population Density (Historical Data Migration),Unknown Land Use (Historical Data Migration)
0,Defect and Deterioration,Maintenance,Saskatchewan,Spectra Energy Empress Management Inc. as General Partner and Agent for Spectra Energy Empress L.P.,Mixed HVP Hydrocarbons,Gas,Unknown,0.0,2010,50.65773,-109.53719,Level I,Unknown Population Density (Historical Data Migration),Unknown Land Use (Historical Data Migration)
0,Corrosion and Cracking,Engineering and Planning,Alberta,NOVA Gas Transmission Ltd.,Natural Gas - Sweet,Gas,Unknown,0.0,2010,54.83027,-118.64709,Level I,Unknown Population Density (Historical Data Migration),Unknown Land Use (Historical Data Migration)
0,Incorrect Operation,Engineering and Planning,New Brunswick,Emera Brunswick Pipeline Company Ltd.,Natural Gas - Sweet,Gas,Unknown,0.0,2010,45.30724,-66.04254,Level I,Unknown Population Density (Historical Data Migration),Unknown Land Use (Historical Data Migration)
0,External Interference,Human Factors,Saskatchewan,TransCanada PipeLines Limited,Natural Gas - Sweet,Gas,Unknown,100.0,2010,50.28617,-102.95153,Level I,10 or fewer dwelling units,Unknown Land Use (Historical Data Migration)
0,Equipment Failure,Inadequate Supervision,Saskatchewan,Enbridge Pipelines Inc.,Crude Oil - Sour,Liquid,Unknown,25.0,2010,52.13984,-109.80493,Level I,10 or fewer dwelling units,Unknown Land Use (Historical Data Migration)
0,Defect and Deterioration,Maintenance,Alberta,NOVA Gas Transmission Ltd.,Natural Gas - Sweet,Gas,Unknown,0.0,2010,54.1326,-115.2362,Level I,10 or fewer dwelling units,Unknown Land Use (Historical Data Migration)
0,External Interference,Maintenance,British Columbia,"Westcoast Energy Inc., carrying on business as Spectra Energy Transmission",Not Applicable,Not Applicable,Unknown,0.0,2010,54.28494,-122.61215,Level I,10 or fewer dwelling units,Unknown Land Use (Historical Data Migration)
0,Corrosion and Cracking,Natural or Environmental Forces,Alberta,NOVA Gas Transmission Ltd.,Natural Gas - Sweet,Gas,Unknown,0.5,2010,53.16727,-112.15003,Level I,10 or fewer dwelling units,Unknown Land Use (Historical Data Migration)
1,"Corrosion and Cracking, Incorrect Operation",Standards and Procedures,Quebec,Trans-Northern Pipelines Inc.,Jet Fuel,Liquid,Transmission,0.0,2010,45.625209,-73.543389,Level III,Unknown Population Density (Historical Data Migration),Unknown Land Use (Historical Data Migration)
0,Equipment Failure,Maintenance,Ontario,TransCanada PipeLines Limited,Natural Gas - Sweet,Gas,Unknown,3300.0,2010,48.94621,-80.99467,Level I,Unknown Population Density (Historical Data Migration),Unknown Land Use (Historical Data Migration)
0,Equipment Failure,Maintenance,Nova Scotia,Maritimes & Northeast Pipeline Management Ltd.,Natural Gas - Sweet,Gas,Unknown,1.0,2010,44.663897,-63.568182,Level I,Unknown Population Density (Historical Data Migration),Unknown Land Use (Historical Data Migration)
0,"Equipment Failure, External Interference",Engineering and Planning,Alberta,TransCanada Keystone Pipeline GP Ltd.,Not Applicable,Not Applicable,Unknown,0.0,2010,52.65486,-111.26462,Level I,Unknown Population Density (Historical Data Migration),Unknown Land Use (Historical Data Migration)
0,Defect and Deterioration,Maintenance,Alberta,NOVA Gas Transmission Ltd.,Natural Gas - Sweet,Gas,Unknown,0.0,2010,54.50731,-116.44281,Level I,Unknown Population Density (Historical Data Migration),Unknown Land Use (Historical Data Migration)
0,Equipment Failure,Maintenance,Alberta,NOVA Gas Transmission Ltd.,Natural Gas - Sweet,Gas,Unknown,0.0,2010,54.65256,-114.52778,Level I,Unknown Population Density (Historical Data Migration),Unknown Land Use (Historical Data Migration)
1,To be determined,To be determined,British Columbia,"Westcoast Energy Inc., carrying on business as Spectra Energy Transmission",Not Applicable,Not Applicable,Unknown,0.0,2010,56.14652,-120.66907,Level I,Unknown Population Density (Historical Data Migration),Unknown Land Use (Historical Data Migration)
0,Equipment Failure,Human Factors,Alberta,Enbridge Pipelines Inc.,Not Applicable,Not Applicable,Unknown,0.0,2010,53.547403,-113.355714,Level I,Unknown Population Density (Historical Data Migration),Unknown Land Use (Historical Data Migration)
0,Equipment Failure,Human Factors,Alberta,Enbridge Pipelines Inc.,Not Applicable,Not Applicable,Unknown,0.0,2010,53.547403,-113.355714,Level I,Unknown Population Density (Historical Data Migration),Unknown Land Use (Historical Data Migration)
0,Equipment Failure,Human Factors,Alberta,Enbridge Pipelines Inc.,Not Applicable,Not Applicable,Unknown,0.0,2010,53.547403,-113.355714,Level I,Unknown Population Density (Historical Data Migration),Unknown Land Use (Historical Data Migration)
0,Equipment Failure,Human Factors,Alberta,Enbridge Pipelines Inc.,Not Applicable,Not Applicable,Unknown,0.0,2010,53.547403,-113.355714,Level I,Unknown Population Density (Historical Data Migration),Unknown Land Use (Historical Data Migration)
0,Equipment Failure,Human Factors,Alberta,Enbridge Pipelines Inc.,Not Applicable,Not Applicable,Unknown,0.0,2010,53.547403,-113.355714,Level I,Unknown Population Density (Historical Data Migration),Unknown Land Use (Historical Data Migration)
0,Equipment Failure,Human Factors,Alberta,Enbridge Pipelines Inc.,Not Applicable,Not Applicable,Unknown,0.0,2010,53.547403,-113.355714,Level I,Unknown Population Density (Historical Data Migration),Unknown Land Use (Historical Data Migration)
0,Equipment Failure,Human Factors,Alberta,Enbridge Pipelines Inc.,Not Applicable,Not Applicable,Unknown,0.0,2010,53.547403,-113.355714,Level I,Unknown Population Density (Historical Data Migration),Unknown Land Use (Historical Data Migration)
0,Equipment Failure,Human Factors,Alberta,Enbridge Pipelines Inc.,Not Applicable,Not Applicable,Unknown,0.0,2010,53.547403,-113.355714,Level I,Unknown Population Density (Historical Data Migration),Unknown Land Use (Historical Data Migration)
0,Equipment Failure,Human Factors,Alberta,Enbridge Pipelines Inc.,Not Applicable,Not Applicable,Unknown,0.0,2010,53.547403,-113.355714,Level I,Unknown Population Density (Historical Data Migration),Unknown Land Use (Historical Data Migration)
0,Equipment Failure,Human Factors,Alberta,Enbridge Pipelines Inc.,Not Applicable,Not Applicable,Unknown,0.0,2010,53.547403,-113.355714,Level I,Unknown Population Density (Historical Data Migration),Unknown Land Use (Historical Data Migration)
0,Equipment Failure,Human Factors,Alberta,Enbridge Pipelines Inc.,Not Applicable,Not Applicable,Unknown,0.0,2010,53.547403,-113.355714,Level I,Unknown Population Density (Historical Data Migration),Unknown Land Use (Historical Data Migration)
1,Equipment Failure,Engineering and Planning,British Columbia,"Westcoast Energy Inc., carrying on business as Spectra Energy Transmission",Natural Gas - Sour,Gas,Unknown,3.6,2011,56.14635,-120.66936,Level I,Unknown Population Density (Historical Data Migration),Unknown Land Use (Historical Data Migration)
0,Incorrect Operation,Maintenance,British Columbia,"Westcoast Energy Inc., carrying on business as Spectra Energy Transmission",Natural Gas - Sweet,Gas,Unknown,0.0001,2011,56.254,-120.716,Level I,Unknown Population Density (Historical Data Migration),Unknown Land Use (Historical Data Migration)
0,"Defect and Deterioration, Equipment Failure",Maintenance,Alberta,TransCanada Keystone Pipeline GP Ltd.,Not Applicable,Not Applicable,Unknown,0.0,2011,52.64129,-111.2708,Level I,Unknown Population Density (Historical Data Migration),Unknown Land Use (Historical Data Migration)
0,Defect and Deterioration,"Engineering and Planning, Maintenance",New Brunswick,Maritimes & Northeast Pipeline Management Ltd.,Natural Gas - Sweet,Gas,Unknown,0.0,2011,45.27811111,-66.0088056,Level I,Unknown Population Density (Historical Data Migration),Unknown Land Use (Historical Data Migration)
0,Defect and Deterioration,Maintenance,New Brunswick,Maritimes & Northeast Pipeline Management Ltd.,Natural Gas - Sweet,Gas,Unknown,0.0,2011,45.806186,-66.593942,Level I,Unknown Population Density (Historical Data Migration),Unknown Land Use (Historical Data Migration)
0,Defect and Deterioration,Maintenance,New Brunswick,Maritimes & Northeast Pipeline Management Ltd.,Natural Gas - Sweet,Gas,Unknown,0.0,2011,45.881317,-66.551169,Level I,Unknown Population Density (Historical Data Migration),Unknown Land Use (Historical Data Migration)
0,Defect and Deterioration,Maintenance,New Brunswick,Maritimes & Northeast Pipeline Management Ltd.,Natural Gas - Sweet,Gas,Unknown,0.0,2011,47.590212,-64.959858,Level I,Unknown Population Density (Historical Data Migration),Unknown Land Use (Historical Data Migration)
0,External Interference,Maintenance,Alberta,NOVA Gas Transmission Ltd.,Natural Gas - Sweet,Gas,Unknown,0.0,2011,52.24822,-113.61774,Level I,Unknown Population Density (Historical Data Migration),Unknown Land Use (Historical Data Migration)
0,Equipment Failure,Maintenance,Alberta,NOVA Gas Transmission Ltd.,Not Applicable,Not Applicable,Unknown,0.0,2011,53.96088,-116.46033,Level I,Unknown Population Density (Historical Data Migration),Unknown Land Use (Historical Data Migration)
0,Defect and Deterioration,"Engineering and Planning, Maintenance",Saskatchewan,TransCanada PipeLines Limited,Natural Gas - Sweet,Gas,Unknown,0.0,2011,50.67653,-109.97885,Level I,Unknown Population Density (Historical Data Migration),Unknown Land Use (Historical Data Migration)
0,Equipment Failure,Maintenance,Nova Scotia,Maritimes & Northeast Pipeline Management Ltd.,Natural Gas - Sweet,Gas,Unknown,113.0,2011,45.37514774,-62.452671,Level I,Unknown Population Density (Historical Data Migration),Unknown Land Use (Historical Data Migration)
0,Defect and Deterioration,Maintenance,Nova Scotia,Maritimes & Northeast Pipeline Management Ltd.,Natural Gas - Sweet,Gas,Unknown,934.0,2011,44.648901,-63.575335,Level I,Unknown Population Density (Historical Data Migration),Unknown Land Use (Historical Data Migration)
0,Defect and Deterioration,Maintenance,New Brunswick,Maritimes & Northeast Pipeline Management Ltd.,Natural Gas - Sweet,Gas,Unknown,0.0,2011,45.45872,-67.02456,Level I,Unknown Population Density (Historical Data Migration),Unknown Land Use (Historical Data Migration)
0,"External Interference, Incorrect Operation","Human Factors, Inadequate Supervision",Saskatchewan,TransCanada Keystone Pipeline GP Ltd.,Not Applicable,Not Applicable,Unknown,0.0,2011,50.53923,-107.30765,Level I,Unknown Population Density (Historical Data Migration),Unknown Land Use (Historical Data Migration)
0,External Interference,Standards and Procedures,Alberta,TransCanada Keystone Pipeline GP Ltd.,Not Applicable,Not Applicable,Unknown,0.0,2011,51.92351,-110.63297,Level I,Unknown Population Density (Historical Data Migration),Unknown Land Use (Historical Data Migration)
0,External Interference,Standards and Procedures,Alberta,TransCanada Keystone Pipeline GP Ltd.,Not Applicable,Not Applicable,Unknown,0.0,2011,51.42256,-110.54117,Level I,Unknown Population Density (Historical Data Migration),Unknown Land Use (Historical Data Migration)
0,External Interference,Maintenance,Alberta,NOVA Gas Transmission Ltd.,Not Applicable,Not Applicable,Unknown,0.0,2012,57.37269,-119.13156,Level I,Unknown Population Density (Historical Data Migration),Unknown Land Use (Historical Data Migration)
0,"External Interference, Incorrect Operation","Human Factors, Maintenance",Saskatchewan,Enbridge Pipelines Inc.,Not Applicable,Not Applicable,Unknown,0.0,2012,51.86534,-109.02627,Level I,Unknown Population Density (Historical Data Migration),Unknown Land Use (Historical Data Migration)
0,Incorrect Operation,Inadequate Supervision,Alberta,NOVA Gas Transmission Ltd.,Not Applicable,Not Applicable,Unknown,0.0,2012,57.38062,-119.18572,Level I,Unknown Population Density (Historical Data Migration),Unknown Land Use (Historical Data Migration)
0,Defect and Deterioration,"Engineering and Planning, Human Factors, Maintenance, Natural or Environmental Forces, Standards and Procedures",British Columbia,Trans Mountain Pipeline ULC,Crude Oil - Sweet,Liquid,Unknown,90.0,2012,49.07801,-122.20215,Level II,Unknown Population Density (Historical Data Migration),Unknown Land Use (Historical Data Migration)
0,Incorrect Operation,Maintenance,British Columbia,NOVA Gas Transmission Ltd.,Propane,Gas,Unknown,0.001,2012,59.20208,-121.62187,Level I,Unknown Population Density (Historical Data Migration),Unknown Land Use (Historical Data Migration)
0,External Interference,Maintenance,Alberta,NOVA Gas Transmission Ltd.,Not Applicable,Not Applicable,Unknown,0.0,2012,56.19745,-110.86556,Level I,Unknown Population Density (Historical Data Migration),Unknown Land Use (Historical Data Migration)
0,Equipment Failure,Maintenance,New Brunswick,Maritimes & Northeast Pipeline Management Ltd.,Natural Gas - Sweet,Gas,Unknown,0.0,2012,45.274038,-66.0275,Level I,Unknown Population Density (Historical Data Migration),Unknown Land Use (Historical Data Migration)
1,Incorrect Operation,Inadequate Supervision,Alberta,NOVA Gas Transmission Ltd.,Not Applicable,Not Applicable,Transmission,0.0,2012,56.25495,-110.89551,Level I,Unknown Population Density (Historical Data Migration),Unknown Land Use (Historical Data Migration)
0,Equipment Failure,Maintenance,Saskatchewan,Foothills Pipe Lines (Saskatchewan) Ltd.,Natural Gas - Sweet,Gas,Unknown,0.0,2012,49.78627,-108.72239,Level I,Unknown Population Density (Historical Data Migration),Unknown Land Use (Historical Data Migration)
0,External Interference,Standards and Procedures,Alberta,NOVA Gas Transmission Ltd.,Mixed HVP Hydrocarbons,Gas,Unknown,0.0,2012,56.18776,-110.86149,Level I,Unknown Population Density (Historical Data Migration),Unknown Land Use (Historical Data Migration)
0,"Corrosion and Cracking, Defect and Deterioration",Maintenance,Ontario,Enbridge Pipelines Inc.,Not Applicable,Not Applicable,Unknown,0.0,2012,43.14439,-81.21239,Level I,Unknown Population Density (Historical Data Migration),Unknown Land Use (Historical Data Migration)
0,Incorrect Operation,Engineering and Planning,Saskatchewan,Foothills Pipe Lines Ltd.,Not Applicable,Not Applicable,Unknown,0.0,2012,50.66225,-110.01655,Level I,Unknown Population Density (Historical Data Migration),Unknown Land Use (Historical Data Migration)
1,External Interference,Standards and Procedures,British Columbia,"Westcoast Energy Inc., carrying on business as Spectra Energy Transmission",Not Applicable,Not Applicable,Transmission,0.0,2012,55.697588,-121.629633,Level I,Unknown Population Density (Historical Data Migration),Unknown Land Use (Historical Data Migration)
0,Defect and Deterioration,Engineering and Planning,Ontario,TransCanada PipeLines Limited,Natural Gas - Sweet,Gas,Unknown,0.0,2012,49.82818,-93.63726,Level I,Unknown Population Density (Historical Data Migration),Unknown Land Use (Historical Data Migration)
0,Equipment Failure,Maintenance,Ontario,TransCanada PipeLines Limited,Natural Gas - Sweet,Gas,Unknown,100.0,2012,43.00477,-79.05065,Level I,Unknown Population Density (Historical Data Migration),Unknown Land Use (Historical Data Migration)
0,"Defect and Deterioration, Equipment Failure",Maintenance,New Brunswick,Emera Brunswick Pipeline Company Ltd.,Natural Gas - Sweet,Gas,Unknown,0.0,2012,45.27916,-66.09058,Level I,Unknown Population Density (Historical Data Migration),Unknown Land Use (Historical Data Migration)
0,Defect and Deterioration,Standards and Procedures,New Brunswick,Maritimes & Northeast Pipeline Management Ltd.,Natural Gas - Sweet,Gas,Unknown,0.0,2012,45.88692,-66.5514,Level I,Unknown Population Density (Historical Data Migration),Unknown Land Use (Historical Data Migration)
0,External Interference,Tools and Equipment,Saskatchewan,Enbridge Pipelines Inc.,Not Applicable,Not Applicable,Unknown,0.0,2012,51.86562,-109.02627,Level I,Unknown Population Density (Historical Data Migration),Unknown Land Use (Historical Data Migration)
0,External Interference,Standards and Procedures,Alberta,NOVA Gas Transmission Ltd.,Not Applicable,Not Applicable,Unknown,0.0,2012,58.48217,-119.92404,Level I,10 or fewer dwelling units,Unknown Land Use (Historical Data Migration)
0,Corrosion and Cracking,Maintenance,New Brunswick,Maritimes & Northeast Pipeline Management Ltd.,Natural Gas - Sweet,Gas,Unknown,0.0,2012,45.23904,-66.1032,Level I,Buildings greater than 4 stories above ground,Unknown Land Use (Historical Data Migration)
0,Corrosion and Cracking,Maintenance,Ontario,TransCanada PipeLines Limited,Natural Gas - Sweet,Gas,Unknown,0.0,2012,49.69204,-87.24486,Level I,10 or fewer dwelling units,Unknown Land Use (Historical Data Migration)
0,External Interference,Maintenance,Saskatchewan,Enbridge Pipelines Inc.,Not Applicable,Not Applicable,Unknown,0.0,2012,51.58466,-107.91601,Level I,Buildings greater than 4 stories above ground,Unknown Land Use (Historical Data Migration)
0,Equipment Failure,Engineering and Planning,Alberta,TransCanada PipeLines Limited,Natural Gas - Sweet,Gas,Unknown,34.9,2012,51.40776,-113.65548,Level I,Buildings greater than 4 stories above ground,Unknown Land Use (Historical Data Migration)
0,External Interference,Maintenance,Saskatchewan,TransCanada PipeLines Limited,Not Applicable,Not Applicable,Unknown,0.0,2012,50.5882,-108.45721,Level I,11 to 45 dwelling units,Unknown Land Use (Historical Data Migration)
0,Corrosion and Cracking,Maintenance,British Columbia,"Westcoast Energy Inc., carrying on business as Spectra Energy Transmission",Mixed HVP Hydrocarbons,Gas,Unknown,0.0,2012,58.65325,-122.68505,Level I,46 or more dwelling units,Unknown Land Use (Historical Data Migration)
0,Equipment Failure,Engineering and Planning,Ontario,TransCanada PipeLines Limited,Natural Gas - Sweet,Gas,Unknown,0.0,2012,49.48139,-91.95966,Level I,10 or fewer dwelling units,Unknown Land Use (Historical Data Migration)
0,Corrosion and Cracking,Engineering and Planning,Alberta,Burlington Resources Canada (Hunter) Ltd.,Natural Gas - Sweet,Gas,Unknown,0.0,2012,55.09204,-119.85311,Level I,Unknown Population Density (Historical Data Migration),Unknown Land Use (Historical Data Migration)
0,Defect and Deterioration,Standards and Procedures,New Brunswick,Maritimes & Northeast Pipeline Management Ltd.,Natural Gas - Sweet,Gas,Unknown,0.0,2012,46.087816,-64.778231,Level I,Unknown Population Density (Historical Data Migration),Unknown Land Use (Historical Data Migration)
0,"Equipment Failure, Incorrect Operation",Maintenance,Manitoba,Enbridge Pipelines Inc.,Not Applicable,Not Applicable,Unknown,0.0,2012,49.544121,-99.314964,Level I,Unknown Population Density (Historical Data Migration),Unknown Land Use (Historical Data Migration)
0,External Interference,Human Factors,Saskatchewan,Enbridge Pipelines Inc.,Not Applicable,Not Applicable,Unknown,0.0,2012,50.454722,-104.606667,Level II,Unknown Population Density (Historical Data Migration),Unknown Land Use (Historical Data Migration)
1,"External Interference, Incorrect Operation","Human Factors, Tools and Equipment",Ontario,Trans-Northern Pipelines Inc.,Not Applicable,Not Applicable,Transmission,0.0,2016,43.383581,-79.752363,Level II,11 to 45 dwelling units,Developed Land - Residential
0,Incorrect Operation,Maintenance,British Columbia,"Westcoast Energy Inc., carrying on business as Spectra Energy Transmission",Natural Gas - Sweet,Gas,Transmission,16645.0,2016,52.72947567,-122.44197649,Level I,10 or fewer dwelling units,Developed Land - Industrial
0,Corrosion and Cracking,Engineering and Planning,British Columbia,"Westcoast Energy Inc., carrying on business as Spectra Energy Transmission",Natural Gas - Sweet,Gas,Transmission,448.0,2016,51.836784,-121.511133,Level I,10 or fewer dwelling units,Forests
0,Equipment Failure,Maintenance,Alberta,NOVA Gas Transmission Ltd.,Natural Gas - Sweet,Gas,Transmission,342.0,2016,51.599421,-114.244235,Level I,10 or fewer dwelling units,Developed Land - Industrial
0,"Defect and Deterioration, Incorrect Operation",Human Factors,Ontario,TransCanada PipeLines Limited,Natural Gas - Sweet,Gas,Transmission,50.0,2016,48.870172,-88.458775,Level II,10 or fewer dwelling units,Forests
0,Equipment Failure,Maintenance,Saskatchewan,Enbridge Pipelines Inc.,Not Applicable,Not Applicable,Transmission,0.0,2016,51.870752,-109.034275,Level I,10 or fewer dwelling units,Developed Land - Industrial
1,Incorrect Operation,"Engineering and Planning, Maintenance",British Columbia,"Westcoast Energy Inc., carrying on business as Spectra Energy Transmission",Natural Gas - Sweet,Gas,Transmission,529960.0,2016,56.47138904,-122.11370889,Level I,46 or more dwelling units,Forests
0,Equipment Failure,Maintenance,New Brunswick,Maritimes & Northeast Pipeline Management Ltd.,Natural Gas - Sweet,Gas,Transmission,10.0,2016,46.1614081,-65.349648,Level I,10 or fewer dwelling units,Forests
0,"External Interference, Incorrect Operation",Engineering and Planning,Saskatchewan,Many Islands Pipe Lines (Canada) Limited,Natural Gas - Sweet,Gas,Transmission,24000.0,2016,49.0097,-102.589,Level I,10 or fewer dwelling units,Agricultural Cropland
0,Equipment Failure,Maintenance,Nova Scotia,Maritimes & Northeast Pipeline Management Ltd.,Natural Gas - Sweet,Gas,Transmission,1.0,2016,44.6791,-63.5921,Level I,Buildings greater than 4 stories above ground,Developed Land - Industrial
1,"External Interference, Incorrect Operation","Failure in communication, Inadequate Supervision",British Columbia,Trans Mountain Pipeline ULC,Not Applicable,Not Applicable,Transmission,0.0,2016,52.870416,-119.296387,Level II,10 or fewer dwelling units,Developed Land - Residential
0,External Interference,Maintenance,British Columbia,"Westcoast Energy Inc., carrying on business as Spectra Energy Transmission",Natural Gas - Sweet,Gas,Transmission,24100.0,2016,55.64990496,-122.20721642,Level I,10 or fewer dwelling units,Developed Land - Industrial
0,"External Interference, Incorrect Operation",Tools and Equipment,Alberta,NOVA Gas Transmission Ltd.,Not Applicable,Not Applicable,Transmission,0.0,2016,53.960517,-111.806651,Level I,10 or fewer dwelling units,Tundra / Native Prairie / Parks
0,"External Interference, Incorrect Operation","Human Factors, Tools and Equipment",Ontario,TransCanada PipeLines Limited,Not Applicable,Not Applicable,Transmission,0.0,2016,45.70163,-79.41703,Level I,10 or fewer dwelling units,Forests
0,External Interference,Engineering and Planning,British Columbia,"Westcoast Energy Inc., carrying on business as Spectra Energy Transmission",Not Applicable,Not Applicable,Processing,0.0,2016,56.14630285,-120.66916931,Level I,10 or fewer dwelling units,Developed Land - Industrial
0,"External Interference, Other Causes",Engineering and Planning,Manitoba,TransCanada Keystone Pipeline GP Ltd.,Not Applicable,Not Applicable,Transmission,0.0,2016,49.62182529,-98.00927638,Level I,10 or fewer dwelling units,Developed Land - Industrial
1,"Equipment Failure, External Interference",Maintenance,Alberta,Enbridge Pipelines Inc.,Crude Oil - Synthetic,Liquid,Transmission,10.0,2017,53.54740268,-113.35571374,Level II,10 or fewer dwelling units,Developed Land - Industrial
0,"External Interference, Incorrect Operation",Human Factors,Alberta,NOVA Gas Transmission Ltd.,Not Applicable,Not Applicable,Transmission,0.0,2017,56.38,-119.92,Level I,10 or fewer dwelling units,Agricultural Cropland
0,Incorrect Operation,Human Factors,Alberta,NOVA Gas Transmission Ltd.,Not Applicable,Not Applicable,Transmission,0.0,2017,56.933508,-115.228594,Level I,10 or fewer dwelling units,Forests
0,"External Interference, Incorrect Operation","Maintenance, Tools and Equipment",Ontario,TransCanada PipeLines Limited,Not Applicable,Not Applicable,Transmission,0.0,2017,43.860643,-79.66837,Level I,10 or fewer dwelling units,Agricultural Cropland
0,"External Interference, Incorrect Operation",Human Factors,Alberta,NOVA Gas Transmission Ltd.,Not Applicable,Not Applicable,Transmission,0.0,2017,55.9663241,-119.59767515,Level I,10 or fewer dwelling units,Agricultural Cropland
0,External Interference,Tools and Equipment,Alberta,NOVA Gas Transmission Ltd.,Not Applicable,Not Applicable,Transmission,0.0,2017,51.35976855,-111.74254529,Level I,10 or fewer dwelling units,Vegetative Barren
0,"External Interference, Incorrect Operation",Maintenance,Alberta,NOVA Gas Transmission Ltd.,Not Applicable,Not Applicable,Transmission,0.0,2017,56.17861,-112.842775,Level I,10 or fewer dwelling units,Forests
0,External Interference,Natural or Environmental Forces,British Columbia,"Westcoast Energy Inc., carrying on business as Spectra Energy Transmission",Not Applicable,Not Applicable,Processing,0.0,2017,56.14410425,-120.66393313,Level I,46 or more dwelling units,Shrub Land
0,"External Interference, Incorrect Operation","Human Factors, Standards and Procedures",British Columbia,"Westcoast Energy Inc., carrying on business as Spectra Energy Transmission",Contaminated Water,Miscellaneous,Processing,3.0,2017,58.65432778,-122.68555556,Level I,10 or fewer dwelling units,Developed Land - Industrial
1,Corrosion and Cracking,Maintenance,British Columbia,"Westcoast Energy Inc., carrying on business as Spectra Energy Transmission",Natural Gas - Sour,Gas,Processing,7327.0,2017,55.57343158,-121.94381931,Level I,10 or fewer dwelling units,Developed Land - Industrial
0,"Corrosion and Cracking, Incorrect Operation",Engineering and Planning,Alberta,NOVA Gas Transmission Ltd.,Lube Oil,Liquid,Transmission,1.75,2017,50.69834843,-111.53063326,Level I,10 or fewer dwelling units,Shrub Land
0,Equipment Failure,"Maintenance, Natural or Environmental Forces",New Brunswick,Emera Brunswick Pipeline Company Ltd.,Natural Gas - Sweet,Gas,Transmission,0.01,2017,45.19199,-66.40071,Level I,10 or fewer dwelling units,Forests
0,"Equipment Failure, Incorrect Operation",Human Factors,Saskatchewan,Enbridge Pipelines Inc.,Not Applicable,Not Applicable,Transmission,0.0,2017,50.62028,-105.24194,Level I,10 or fewer dwelling units,Developed Land - Industrial
1,Corrosion and Cracking,Maintenance,British Columbia,"Westcoast Energy Inc., carrying on business as Spectra Energy Transmission",Hydrogen Sulphide,Miscellaneous,Processing,0.06,2017,56.14630285,-120.66916931,Level I,11 to 45 dwelling units,Developed Land - Industrial
0,Incorrect Operation,Standards and Procedures,British Columbia,"Westcoast Energy Inc., carrying on business as Spectra Energy Transmission",Not Applicable,Not Applicable,Processing,0.0,2017,56.14630285,-120.66916931,Level I,46 or more dwelling units,Developed Land - Industrial
0,Incorrect Operation,Engineering and Planning,Alberta,NOVA Gas Transmission Ltd.,Not Applicable,Not Applicable,Transmission,0.0,2017,53.96114,-112.32891,Level I,10 or fewer dwelling units,Developed Land - Industrial
0,External Interference,Engineering and Planning,Quebec,Trans-Northern Pipelines Inc.,Not Applicable,Not Applicable,Transmission,0.0,2017,45.630971,-73.531765,Level I,10 or fewer dwelling units,Developed Land - Industrial
0,External Interference,Engineering and Planning,Quebec,Trans-Northern Pipelines Inc.,Not Applicable,Not Applicable,Transmission,0.0,2017,45.630971,-73.531765,Level I,10 or fewer dwelling units,Developed Land - Industrial
0,External Interference,Engineering and Planning,Quebec,Trans-Northern Pipelines Inc.,Not Applicable,Not Applicable,Transmission,0.0,2017,45.630971,-73.531765,Level I,10 or fewer dwelling units,Developed Land - Industrial
0,External Interference,Engineering and Planning,Quebec,Trans-Northern Pipelines Inc.,Not Applicable,Not Applicable,Transmission,0.0,2017,45.630971,-73.531765,Level I,10 or fewer dwelling units,Developed Land - Industrial
0,External Interference,"Engineering and Planning, Failure in communication, Human Factors",Quebec,Trans-Northern Pipelines Inc.,Not Applicable,Not Applicable,Transmission,0.0,2017,45.630971,-73.531765,Level I,10 or fewer dwelling units,Developed Land - Industrial
0,External Interference,"Engineering and Planning, Failure in communication, Human Factors",Quebec,Trans-Northern Pipelines Inc.,Not Applicable,Not Applicable,Transmission,0.0,2017,45.630971,-73.531765,Level I,10 or fewer dwelling units,Developed Land - Industrial
0,External Interference,"Engineering and Planning, Failure in communication, Human Factors",Quebec,Trans-Northern Pipelines Inc.,Not Applicable,Not Applicable,Transmission,0.0,2017,45.630971,-73.531765,Level I,10 or fewer dwelling units,Developed Land - Industrial
0,"External Interference, Incorrect Operation",Human Factors,Saskatchewan,TransCanada PipeLines Limited,Not Applicable,Not Applicable,Transmission,0.0,2017,50.23066354,-101.67623503,Level I,10 or fewer dwelling units,Agricultural Cropland
1,Incorrect Operation,"Human Factors, Inadequate Procurement, Inadequate Supervision, Tools and Equipment",British Columbia,"Westcoast Energy Inc., carrying on business as Spectra Energy Transmission",Not Applicable,Not Applicable,Transmission,0.0,2017,56.727,-122.273,Level II,10 or fewer dwelling units,Forests
0,Incorrect Operation,Failure in communication,British Columbia,"Westcoast Energy Inc., carrying on business as Spectra Energy Transmission",Not Applicable,Not Applicable,Gathering,0.0,2017,56.73,-121.81,Level I,10 or fewer dwelling units,Forests
0,Natural Force Damage,"Engineering and Planning, Maintenance, Natural or Environmental Forces",Quebec,Trans-Northern Pipelines Inc.,Not Applicable,Not Applicable,Transmission,0.0,2017,45.62254,-73.6561,Level I,46 or more dwelling units,Water / Wetlands
0,Natural Force Damage,"Engineering and Planning, Maintenance, Natural or Environmental Forces",Quebec,Trans-Northern Pipelines Inc.,Not Applicable,Not Applicable,Transmission,0.0,2017,45.451382,-74.059042,Level I,10 or fewer dwelling units,Water / Wetlands
0,External Interference,"Engineering and Planning, Human Factors",Quebec,Trans-Northern Pipelines Inc.,Not Applicable,Not Applicable,Gathering,0.0,2017,45.630971,-73.531765,Level I,10 or fewer dwelling units,Developed Land - Industrial
0,External Interference,Tools and Equipment,Manitoba,TransCanada PipeLines Limited,Not Applicable,Not Applicable,Transmission,0.0,2017,50.48066052,-105.86703804,Level I,10 or fewer dwelling units,Agricultural Cropland
0,Corrosion and Cracking,"Engineering and Planning, Maintenance",Alberta,NOVA Gas Transmission Ltd.,Natural Gas - Sweet,Gas,Transmission,18337.0,2017,54.67505,-111.98999,Level I,10 or fewer dwelling units,Shrub Land
0,Natural Force Damage,Natural or Environmental Forces,British Columbia,"Westcoast Energy Inc., carrying on business as Spectra Energy Transmission",Not Applicable,Not Applicable,Gathering,0.0,2017,56.4692572,-120.73757187,Level I,10 or fewer dwelling units,Forests
0,Equipment Failure,Maintenance,Alberta,Alliance Pipeline Ltd.,Natural Gas - Sweet,Gas,Transmission,1.0,2017,54.52823203,-118.15941793,Level I,Buildings greater than 4 stories above ground,Developed Land - Industrial
0,Corrosion and Cracking,Engineering and Planning,British Columbia,NOVA Gas Transmission Ltd.,Natural Gas - Sweet,Gas,Transmission,2.05,2017,55.78756,-120.53231,Level I,10 or fewer dwelling units,Forests
0,Equipment Failure,Engineering and Planning,British Columbia,"Westcoast Energy Inc., carrying on business as Spectra Energy Transmission",Natural Gas - Sweet,Gas,Transmission,18181.0,2017,49.95917767,-120.91602779,Level I,10 or fewer dwelling units,Forests
0,Equipment Failure,Engineering and Planning,British Columbia,"Westcoast Energy Inc., carrying on business as Spectra Energy Transmission",Natural Gas - Sweet,Gas,Transmission,22272.0,2017,49.95917767,-120.91602779,Level I,10 or fewer dwelling units,Forests
1,"Corrosion and Cracking, Incorrect Operation","Maintenance, Standards and Procedures",British Columbia,"Westcoast Energy Inc., carrying on business as Spectra Energy Transmission",Natural Gas - Sour,Gas,Processing,255.0,2017,56.14630285,-120.66916931,Level I,46 or more dwelling units,Developed Land - Industrial
0,Defect and Deterioration,Standards and Procedures,Alberta,NOVA Gas Transmission Ltd.,Natural Gas - Sweet,Gas,Transmission,7552.0,2017,54.04370807,-117.42054229,Level I,10 or fewer dwelling units,Forests
0,Corrosion and Cracking,Engineering and Planning,Alberta,NOVA Gas Transmission Ltd.,Natural Gas - Sweet,Gas,Transmission,5125.0,2017,54.17425,-116.67334,Level I,10 or fewer dwelling units,Forests
0,External Interference,Engineering and Planning,British Columbia,"Westcoast Energy Inc., carrying on business as Spectra Energy Transmission",Natural Gas - Sweet,Gas,Transmission,835.91,2017,52.72947567,-122.44197649,Level I,10 or fewer dwelling units,Forests
0,Defect and Deterioration,Engineering and Planning,Alberta,NOVA Gas Transmission Ltd.,Natural Gas - Sweet,Gas,Transmission,786.0,2017,51.40840045,-113.6557044,Level I,10 or fewer dwelling units,Developed Land - Industrial
0,"Equipment Failure, External Interference",Engineering and Planning,British Columbia,"Westcoast Energy Inc., carrying on business as Spectra Energy Transmission",Propane,Gas,Processing,0.94,2017,56.145647,-120.671581,Level I,11 to 45 dwelling units,Developed Land - Industrial
0,Corrosion and Cracking,Maintenance,Alberta,NOVA Gas Transmission Ltd.,Natural Gas - Sweet,Gas,Transmission,252.0,2017,54.04370807,-117.42054229,Level I,10 or fewer dwelling units,Forests
0,Incorrect Operation,Maintenance,British Columbia,"Westcoast Energy Inc., carrying on business as Spectra Energy Transmission",Natural Gas - Sweet,Gas,Transmission,13399.59,2017,56.78078388,-122.32382739,Level I,10 or fewer dwelling units,Agricultural Cropland
0,Corrosion and Cracking,Maintenance,Ontario,TransCanada PipeLines Limited,Natural Gas - Sweet,Gas,Transmission,0.01,2018,47.96083302,-80.01609001,Level I,10 or fewer dwelling units,Developed Land - Industrial
1,Incorrect Operation,Human Factors,British Columbia,"Westcoast Energy Inc., carrying on business as Spectra Energy Transmission",Not Applicable,Not Applicable,Transmission,0.0,2018,55.64990496,-122.20721642,Level I,10 or fewer dwelling units,Forests
0,External Interference,Natural or Environmental Forces,Ontario,TransCanada PipeLines Limited,Not Applicable,Not Applicable,Transmission,0.0,2018,49.3338,-88.09678,Level I,10 or fewer dwelling units,Forests
1,Equipment Failure,Maintenance,British Columbia,"Westcoast Energy Inc., carrying on business as Spectra Energy Transmission",Natural Gas - Sour,Gas,Gathering,199.0,2018,54.892,-120.668,Level II,10 or fewer dwelling units,Forests
0,Natural Force Damage,Natural or Environmental Forces,Alberta,Enbridge Pipelines Inc.,Not Applicable,Not Applicable,Transmission,0.0,2018,52.8043,-111.72651,Level I,10 or fewer dwelling units,Agricultural Cropland
0,"External Interference, Natural Force Damage",Natural or Environmental Forces,Alberta,NOVA Gas Transmission Ltd.,Not Applicable,Not Applicable,Transmission,0.0,2018,56.05924,-119.71935,Level I,10 or fewer dwelling units,Agricultural Cropland
0,External Interference,Standards and Procedures,Manitoba,Enbridge Pipelines Inc.,Not Applicable,Not Applicable,Transmission,0.0,2018,49.53917,-99.28778,Level I,10 or fewer dwelling units,Developed Land - Industrial
0,Natural Force Damage,Natural or Environmental Forces,British Columbia,"Westcoast Energy Inc., carrying on business as Spectra Energy Transmission",Not Applicable,Not Applicable,Gathering,0.0,2018,55.24190008,-121.66880689,Not Emergency,10 or fewer dwelling units,Forests
0,Natural Force Damage,Natural or Environmental Forces,British Columbia,"Westcoast Energy Inc., carrying on business as Spectra Energy Transmission",Not Applicable,Not Applicable,Transmission,0.0,2018,55.75058,-122.21198,Not Emergency,10 or fewer dwelling units,Forests
0,External Interference,Engineering and Planning,Saskatchewan,Enbridge Pipelines Inc.,Not Applicable,Not Applicable,Transmission,0.0,2018,50.4830371,-104.5810935,Level I,46 or more dwelling units,Developed Land - Industrial
0,External Interference,Engineering and Planning,Saskatchewan,Enbridge Pipelines Inc.,Not Applicable,Not Applicable,Transmission,0.0,2018,50.48,-104.58,Level I,46 or more dwelling units,Developed Land - Industrial
1,Other Causes,Human Factors,Alberta,NOVA Gas Transmission Ltd.,Not Applicable,Not Applicable,Transmission,0.0,2018,55.641057,-113.882761,Not Emergency,10 or fewer dwelling units,Forests
0,"External Interference, Natural Force Damage",Natural or Environmental Forces,Alberta,NOVA Gas Transmission Ltd.,Not Applicable,Not Applicable,Transmission,0.0,2018,54.43388,-114.11625,Level I,10 or fewer dwelling units,Agricultural Cropland
0,Natural Force Damage,Natural or Environmental Forces,British Columbia,"Westcoast Energy Inc., carrying on business as Spectra Energy Transmission",Not Applicable,Not Applicable,Gathering,0.0,2018,56.7379,-120.84994,Level I,10 or fewer dwelling units,Agricultural Cropland
0,Natural Force Damage,Natural or Environmental Forces,British Columbia,"Westcoast Energy Inc., carrying on business as Spectra Energy Transmission",Not Applicable,Not Applicable,Gathering,0.0,2018,56.737701,-120.86468,Level I,10 or fewer dwelling units,Agricultural Cropland
0,Natural Force Damage,Natural or Environmental Forces,British Columbia,"Westcoast Energy Inc., carrying on business as Spectra Energy Transmission",Not Applicable,Not Applicable,Transmission,0.0,2018,57.43875714,-122.6578265,Level I,10 or fewer dwelling units,Forests
0,Natural Force Damage,Natural or Environmental Forces,British Columbia,"Westcoast Energy Inc., carrying on business as Spectra Energy Transmission",Not Applicable,Not Applicable,Gathering,0.0,2018,55.24122535,-121.66884813,Level I,10 or fewer dwelling units,Water / Wetlands
0,Natural Force Damage,Natural or Environmental Forces,British Columbia,"Westcoast Energy Inc., carrying on business as Spectra Energy Transmission",Not Applicable,Not Applicable,Gathering,0.0,2018,57.19365583,-121.79446893,Level I,10 or fewer dwelling units,Forests
0,"External Interference, Other Causes",Tools and Equipment,Quebec,Trans Québec and Maritimes Pipeline Inc.,Not Applicable,Not Applicable,Transmission,0.0,2018,45.03339107,-71.50002623,Level I,10 or fewer dwelling units,Developed Land - Industrial
0,"External Interference, Natural Force Damage",Natural or Environmental Forces,Ontario,Trans-Northern Pipelines Inc.,Not Applicable,Not Applicable,Transmission,0.0,2018,43.51232,-79.622715,Level I,46 or more dwelling units,Developed Land - Residential
0,"Corrosion and Cracking, Incorrect Operation","Standards and Procedures, Tools and Equipment",Alberta,NOVA Gas Transmission Ltd.,Natural Gas - Sweet,Gas,Transmission,8213.59,2018,56.48610421,-114.11750799,Not Emergency,10 or fewer dwelling units,Forests
0,Defect and Deterioration,Human Factors,Manitoba,Plains Midstream Canada ULC,Propane,Gas,Transmission,0.0001,2018,50.038132,-99.623821,Not Emergency,10 or fewer dwelling units,Agricultural Cropland
0,Natural Force Damage,Natural or Environmental Forces,British Columbia,"Westcoast Energy Inc., carrying on business as Spectra Energy Transmission",Not Applicable,Not Applicable,Gathering,0.0,2018,56.53155543,-121.82932867,Not Emergency,10 or fewer dwelling units,Water / Wetlands
0,Natural Force Damage,Natural or Environmental Forces,British Columbia,"Westcoast Energy Inc., carrying on business as Spectra Energy Transmission",Not Applicable,Not Applicable,Gathering,0.0,2018,56.6572599,-121.01073052,Not Emergency,10 or fewer dwelling units,Water / Wetlands
1,"External Interference, Incorrect Operation","Human Factors, Inadequate Supervision, Tools and Equipment",Manitoba,Enbridge Pipelines Inc.,Not Applicable,Not Applicable,Distribution,0.0,2018,49.323,-99.173,Not Emergency,10 or fewer dwelling units,Developed Land - Industrial
0,Natural Force Damage,Natural or Environmental Forces,British Columbia,"Westcoast Energy Inc., carrying on business as Spectra Energy Transmission",Not Applicable,Not Applicable,Transmission,0.0,2018,57.92822369,-122.71669454,Not Emergency,10 or fewer dwelling units,Shrub Land
0,Natural Force Damage,Natural or Environmental Forces,British Columbia,"Westcoast Energy Inc., carrying on business as Spectra Energy Transmission",Not Applicable,Not Applicable,Transmission,0.0,2018,57.91971088,-122.71798766,Not Emergency,10 or fewer dwelling units,Shrub Land
0,"External Interference, Incorrect Operation","Engineering and Planning, Human Factors",Alberta,Express Pipeline Ltd.,Not Applicable,Not Applicable,Transmission,0.0,2018,52.63822644,-111.27864571,Not Emergency,10 or fewer dwelling units,Developed Land - Industrial
1,Incorrect Operation,Human Factors,Manitoba,Enbridge Pipelines Inc.,Not Applicable,Not Applicable,Transmission,0.0,2018,49.5055204,-100.5557102,Not Emergency,10 or fewer dwelling units,Developed Land - Industrial
1,"External Interference, Incorrect Operation","Human Factors, Inadequate Supervision, Maintenance, Tools and Equipment",Manitoba,Enbridge Pipelines Inc.,Not Applicable,Not Applicable,Transmission,0.0,2018,49.796452,-101.367996,Not Emergency,10 or fewer dwelling units,Agricultural Cropland
1,External Interference,Standards and Procedures,British Columbia,"Westcoast Energy Inc., carrying on business as Spectra Energy Transmission",Natural Gas - Sour,Gas,Processing,4.94,2018,55.573639,-121.9434,Not Emergency,10 or fewer dwelling units,Forests
1,External Interference,"Engineering and Planning, Maintenance",British Columbia,"Westcoast Energy Inc., carrying on business as Spectra Energy Transmission",Natural Gas - Sweet,Gas,Processing,9500.0,2018,55.572745,-121.940852,Not Emergency,10 or fewer dwelling units,Developed Land - Industrial
1,External Interference,Engineering and Planning,British Columbia,"Westcoast Energy Inc., carrying on business as Spectra Energy Transmission",Natural Gas - Sour,Gas,Processing,55.0,2018,55.572723,-121.940853,Not Emergency,10 or fewer dwelling units,Developed Land - Industrial
1,"External Interference, Incorrect Operation","Human Factors, Inadequate Supervision, Tools and Equipment",Alberta,NOVA Gas Transmission Ltd.,Not Applicable,Not Applicable,Transmission,0.0,2019,53.88869,-117.11462,Not Emergency,10 or fewer dwelling units,Forests
1,"External Interference, Incorrect Operation",Tools and Equipment,British Columbia,Trans Mountain Pipeline ULC,Drilling Fluid,Miscellaneous,Transmission,74.0,2019,52.0652,-119.31508,Not Emergency,10 or fewer dwelling units,Forests
0,"External Interference, Incorrect Operation","Maintenance, Standards and Procedures",British Columbia,"Westcoast Energy Inc., carrying on business as Spectra Energy Transmission",Not Applicable,Not Applicable,Processing,0.0,2019,58.66,-122.69,Not Emergency,10 or fewer dwelling units,Developed Land - Industrial
0,Natural Force Damage,Natural or Environmental Forces,Ontario,TransCanada PipeLines Limited,Not Applicable,Not Applicable,Transmission,0.0,2019,48.443855,-80.347784,Not Emergency,10 or fewer dwelling units,Agricultural Cropland
0,"Corrosion and Cracking, Equipment Failure","Engineering and Planning, Maintenance, Standards and Procedures",Manitoba,TransCanada Keystone Pipeline GP Ltd.,Crude Oil - Sweet,Liquid,Transmission,50.0,2019,50.07461053,-100.00036153,Not Emergency,10 or fewer dwelling units,Developed Land - Industrial
0,"Equipment Failure, External Interference",Maintenance,Alberta,Trans Mountain Pipeline ULC,Not Applicable,Not Applicable,Transmission,0.0,2019,53.57580147,-116.64755443,Not Emergency,10 or fewer dwelling units,Developed Land - Industrial
0,"Equipment Failure, External Interference",Maintenance,Alberta,NOVA Gas Transmission Ltd.,Not Applicable,Not Applicable,Transmission,0.0,2019,51.40375331,-114.03396956,Not Emergency,10 or fewer dwelling units,Developed Land - Industrial
0,Equipment Failure,Engineering and Planning,Saskatchewan,Enbridge Pipelines Inc.,Not Applicable,Not Applicable,Transmission,0.0,2019,50.183454,-103.1616,Not Emergency,10 or fewer dwelling units,Developed Land - Industrial
0,"External Interference, Incorrect Operation","Failure in communication, Tools and Equipment",Ontario,Trans-Northern Pipelines Inc.,Not Applicable,Not Applicable,Transmission,0.0,2019,43.76842553,-79.48533571,Not Emergency,"Within 200 m of event site - an industrial installation (e.g., a chemical plant or a hazardous substance storage area",Developed Land - Industrial
0,"External Interference, Natural Force Damage",Natural or Environmental Forces,Alberta,Trans Mountain Pipeline ULC,Not Applicable,Not Applicable,Transmission,0.0,2019,53.57580147,-116.64755443,Not Emergency,10 or fewer dwelling units,Water / Wetlands
0,Natural Force Damage,Natural or Environmental Forces,British Columbia,"Westcoast Energy Inc., carrying on business as Spectra Energy Transmission",Not Applicable,Not Applicable,Gathering,0.0,2019,56.5285191,-121.96021454,Not Emergency,10 or fewer dwelling units,Forests
0,Corrosion and Cracking,"Maintenance, Standards and Procedures",Alberta,Enbridge Pipelines Inc.,Crude Oil - Synthetic,Liquid,Transmission,8.0,2019,53.54740268,-113.35571374,Not Emergency,10 or fewer dwelling units,Developed Land - Industrial
0,"External Interference, Incorrect Operation","Human Factors, Standards and Procedures",Alberta,Trans Mountain Pipeline ULC,Crude Oil - Sweet,Liquid,Transmission,2.0,2019,53.545709,-113.365488,Not Emergency,10 or fewer dwelling units,Developed Land - Industrial
0,"Equipment Failure, Other Causes",Inadequate Procurement,Alberta,NOVA Gas Transmission Ltd.,Lube Oil,Liquid,Transmission,3.18,2019,51.44418383,-114.52710752,Not Emergency,10 or fewer dwelling units,Developed Land - Industrial
0,"Defect and Deterioration, Equipment Failure","Engineering and Planning, Human Factors, Inadequate Procurement, Standards and Procedures",British Columbia,Trans Mountain Pipeline ULC,Crude Oil - Sweet,Liquid,Transmission,190.0,2020,49.06567935,-122.15971426,Not Emergency,10 or fewer dwelling units,Developed Land - Industrial
0,External Interference,"Engineering and Planning, Standards and Procedures",Alberta,Enbridge Pipelines Inc.,Not Applicable,Not Applicable,Transmission,0.0,2020,53.543056,-113.354167,Not Emergency,"46 or more dwelling units, facilities, or institutions, or a combination of such structures intended for human occupancy from which rapid evacuation can be difficult (e.g., hospitals, nursing homes)",Developed Land - Industrial
0,"Defect and Deterioration, External Interference",Maintenance,Ontario,TransCanada PipeLines Limited,Not Applicable,Not Applicable,Transmission,0.0,2020,46.152799,-77.690799,Not Emergency,10 or fewer dwelling units,Forests
0,To be determined,Engineering and Planning,Alberta,NOVA Gas Transmission Ltd.,Not Applicable,Not Applicable,Transmission,0.0,2020,53.38098,-115.61765,Not Emergency,10 or fewer dwelling units,Forests
0,"Equipment Failure, External Interference",Natural or Environmental Forces,Alberta,TransCanada Keystone Pipeline GP Ltd.,Not Applicable,Not Applicable,Transmission,0.0,2020,52.64363744,-111.27753573,Not Emergency,"Within 200 m of event site - an industrial installation (e.g., a chemical plant or a hazardous substance storage area",Developed Land - Industrial
0,Natural Force Damage,Natural or Environmental Forces,British Columbia,Trans Mountain Pipeline ULC,Not Applicable,Not Applicable,Transmission,0.0,2020,52.506788,-119.106979,Not Emergency,10 or fewer dwelling units,Water / Wetlands
0,Defect and Deterioration,Engineering and Planning,British Columbia,"Westcoast Energy Inc., carrying on business as Spectra Energy Transmission",Natural Gas - Sweet,Gas,Transmission,4.05,2020,55.7041176,-121.62826764,Not Emergency,10 or fewer dwelling units,Developed Land - Industrial
0,Natural Force Damage,Natural or Environmental Forces,Ontario,TransCanada PipeLines Limited,Not Applicable,Not Applicable,Transmission,0.0,2020,48.93875,-89.774665,Not Emergency,10 or fewer dwelling units,Forests
0,Natural Force Damage,Natural or Environmental Forces,Alberta,NOVA Gas Transmission Ltd.,Not Applicable,Not Applicable,Transmission,0.0,2020,55.79381,-119.03227,Not Emergency,10 or fewer dwelling units,Agricultural Cropland
1,"External Interference, Incorrect Operation",Tools and Equipment,Alberta,NOVA Gas Transmission Ltd.,Not Applicable,Not Applicable,Transmission,0.0,2020,56.933508,-115.228594,Not Emergency,10 or fewer dwelling units,Developed Land - Industrial
0,Natural Force Damage,Natural or Environmental Forces,Ontario,TransCanada PipeLines Limited,Not Applicable,Not Applicable,Transmission,0.0,2020,45.10426,-79.31686,Not Emergency,10 or fewer dwelling units,Forests
0,"External Interference, Incorrect Operation",Natural or Environmental Forces,British Columbia,Trans Mountain Pipeline ULC,Not Applicable,Not Applicable,Transmission,0.0,2020,49.29079839,-122.95027588,Not Emergency,11 to 45 dwelling units,Barren Land
0,Natural Force Damage,Natural or Environmental Forces,Alberta,NOVA Gas Transmission Ltd.,Not Applicable,Not Applicable,Transmission,0.0,2020,53.836111,-117.030833,Not Emergency,10 or fewer dwelling units,Forests
0,"External Interference, Incorrect Operation",Tools and Equipment,British Columbia,Trans Mountain Pipeline ULC,Not Applicable,Not Applicable,Distribution,0.0,2020,49.06567935,-122.15971426,Not Emergency,10 or fewer dwelling units,Developed Land - Industrial
0,Natural Force Damage,Natural or Environmental Forces,Ontario,TransCanada PipeLines Limited,Not Applicable,Not Applicable,Transmission,0.0,2020,47.63417,-79.78694,Not Emergency,10 or fewer dwelling units,Agricultural Cropland
0,"External Interference, Incorrect Operation",Engineering and Planning,British Columbia,Trans Mountain Pipeline ULC,Not Applicable,Not Applicable,Transmission,0.0,2021,50.844444,-120.33,Not Emergency,10 or fewer dwelling units,Barren Land
0,Incorrect Operation,"Human Factors, Inadequate Supervision, Standards and Procedures",Alberta,Trans Mountain Pipeline ULC,Not Applicable,Not Applicable,Processing,0.0,2021,53.57580147,-116.64755443,Not Emergency,10 or fewer dwelling units,Developed Land - Industrial
0,Natural Force Damage,Natural or Environmental Forces,British Columbia,Westcoast Energy Inc.,Not Applicable,Not Applicable,Transmission,0.0,2021,55.98780007,-120.4000174,Not Emergency,10 or fewer dwelling units,Forests
0,Defect and Deterioration,"Engineering and Planning, Tools and Equipment",Alberta,NOVA Gas Transmission Ltd.,Natural Gas - Sweet,Gas,Transmission,0.1,2021,55.767105,-118.577531,Not Emergency,10 or fewer dwelling units,Agricultural Cropland
1,Incorrect Operation,Engineering and Planning,Alberta,Trans Mountain Pipeline ULC,Not Applicable,Not Applicable,Transmission,0.0,2021,53.588615,-116.497454,Not Emergency,10 or fewer dwelling units,Water / Wetlands
0,"External Interference, Incorrect Operation","Human Factors, Tools and Equipment",Alberta,NOVA Gas Transmission Ltd.,Not Applicable,Not Applicable,Transmission,0.0,2021,52.71908998,-115.70861607,Not Emergency,10 or fewer dwelling units,Developed Land - Industrial
0,Equipment Failure,"Inadequate Procurement, Maintenance",Alberta,NOVA Gas Transmission Ltd.,Lube Oil,Liquid,Transmission,1.7,2021,56.46355006,-112.84412907,Not Emergency,10 or fewer dwelling units,Forests
0,"Defect and Deterioration, External Interference, Incorrect Operation",Maintenance,British Columbia,Trans Mountain Pipeline ULC,Not Applicable,Not Applicable,Transmission,0.0,2021,49.29079839,-122.95027588,Not Emergency,10 or fewer dwelling units,Water / Wetlands
0,Corrosion and Cracking,"Engineering and Planning, Natural or Environmental Forces",Alberta,NOVA Gas Transmission Ltd.,Natural Gas - Sweet,Gas,Transmission,17128.0,2021,56.85251,-118.13427,Not Emergency,10 or fewer dwelling units,Forests
0,Incorrect Operation,Tools and Equipment,Quebec,Trans Québec and Maritimes Pipeline Inc.,Not Applicable,Not Applicable,Transmission,0.0,2021,45.709997,-73.87652,Not Emergency,10 or fewer dwelling units,Forests
0,Natural Force Damage,Natural or Environmental Forces,Alberta,Westcoast Energy Inc.,Not Applicable,Not Applicable,Transmission,0.0,2021,55.801359,-119.787564,Not Emergency,10 or fewer dwelling units,Forests
0,External Interference,"Human Factors, Maintenance",Quebec,Trans Québec and Maritimes Pipeline Inc.,Not Applicable,Not Applicable,Transmission,0.0,2021,45.903078,-73.338683,Not Emergency,10 or fewer dwelling units,Forests
0,External Interference,Natural or Environmental Forces,British Columbia,Trans Mountain Pipeline ULC,Not Applicable,Not Applicable,Transmission,0.0,2021,50.295329,-120.449373,Not Emergency,10 or fewer dwelling units,Barren Land
1,Incorrect Operation,Human Factors,British Columbia,Trans Mountain Pipeline ULC,Not Applicable,Not Applicable,Distribution,0.0,2021,52.111742,-119.305695,Not Emergency,10 or fewer dwelling units,Developed Land - Industrial
0,External Interference,Maintenance,Quebec,Trans Québec and Maritimes Pipeline Inc.,Not Applicable,Not Applicable,Transmission,0.0,2021,46.6996,-71.4419,Not Emergency,10 or fewer dwelling units,Agricultural Cropland
0,Equipment Failure,"Natural or Environmental Forces, Tools and Equipment",British Columbia,Foothills Pipe Lines (South B.C.) Ltd.,Natural Gas - Sweet,Gas,Transmission,2350.0,2021,49.2802,-115.47198,Not Emergency,10 or fewer dwelling units,Forests
0,Equipment Failure,Maintenance,British Columbia,Trans Mountain Pipeline ULC,Not Applicable,Not Applicable,Transmission,0.0,2021,49.07786219,-122.20214801,Not Emergency,10 or fewer dwelling units,Developed Land - Industrial
1,Incorrect Operation,Human Factors,British Columbia,Trans Mountain Pipeline ULC,Not Applicable,Not Applicable,Distribution,0.0,2021,49.26848937,-122.93134198,Not Emergency,10 or fewer dwelling units,Developed Land - Industrial
0,Equipment Failure,Natural or Environmental Forces,Saskatchewan,TransCanada PipeLines Limited,Not Applicable,Not Applicable,Transmission,0.0,2021,50.481267,-105.866997,Not Emergency,10 or fewer dwelling units,Developed Land - Industrial
0,"Equipment Failure, Incorrect Operation","Maintenance, Tools and Equipment",Quebec,Trans Québec and Maritimes Pipeline Inc.,Natural Gas - Sweet,Gas,Transmission,16373.0,2021,45.72681,-73.5327,Not Emergency,10 or fewer dwelling units,Forests
1,Incorrect Operation,Natural or Environmental Forces,British Columbia,Trans Mountain Pipeline ULC,Not Applicable,Not Applicable,Transmission,0.0,2021,49.29079839,-122.95027588,Not Emergency,10 or fewer dwelling units,Developed Land - Industrial
0,"External Interference, Natural Force Damage",Natural or Environmental Forces,Ontario,TransCanada PipeLines Limited,Not Applicable,Not Applicable,Transmission,0.0,2021,48.552579,-88.996618,Not Emergency,10 or fewer dwelling units,Forests
0,Natural Force Damage,Natural or Environmental Forces,Ontario,TransCanada PipeLines Limited,Not Applicable,Not Applicable,Transmission,0.0,2021,43.333398,-79.866848,Not Emergency,10 or fewer dwelling units,Shrub Land
0,Corrosion and Cracking,"Engineering and Planning, Maintenance",Alberta,NOVA Gas Transmission Ltd.,Natural Gas - Sweet,Gas,Transmission,59.8,2021,53.63671854,-112.01906492,Not Emergency,10 or fewer dwelling units,Developed Land - Industrial
0,External Interference,Natural or Environmental Forces,Alberta,NOVA Gas Transmission Ltd.,Not Applicable,Not Applicable,Transmission,0.0,2021,52.268,-115.21521,Not Emergency,10 or fewer dwelling units,Forests
0,External Interference,Natural or Environmental Forces,British Columbia,Westcoast Energy Inc.,Not Applicable,Not Applicable,Transmission,0.0,2021,49.378864,-121.35175,Not Emergency,10 or fewer dwelling units,Vegetative Barren
0,"External Interference, Natural Force Damage",Natural or Environmental Forces,British Columbia,Trans Mountain Pipeline ULC,Not Applicable,Not Applicable,Transmission,0.0,2021,49.898713,-120.908999,Not Emergency,10 or fewer dwelling units,Agricultural Cropland
1,Incorrect Operation,"Failure in communication, Standards and Procedures",Alberta,NOVA Gas Transmission Ltd.,Not Applicable,Not Applicable,Transmission,0.0,2021,52.751968,-115.733753,Not Emergency,10 or fewer dwelling units,Forests
0,"External Interference, Natural Force Damage",Natural or Environmental Forces,British Columbia,Trans Mountain Pipeline ULC,Not Applicable,Not Applicable,Transmission,0.0,2021,49.863576,-120.910154,Not Emergency,10 or fewer dwelling units,Forests
0,External Interference,Natural or Environmental Forces,British Columbia,Westcoast Energy Inc.,Not Applicable,Not Applicable,Transmission,0.0,2021,49.44418702,-121.2724734,Not Emergency,10 or fewer dwelling units,Water / Wetlands
0,External Interference,Natural or Environmental Forces,British Columbia,Westcoast Energy Inc.,Not Applicable,Not Applicable,Transmission,0.0,2021,49.73905166,-121.013667,Not Emergency,10 or fewer dwelling units,Water / Wetlands
0,"External Interference, Natural Force Damage",Natural or Environmental Forces,British Columbia,Trans Mountain Pipeline ULC,Not Applicable,Not Applicable,Transmission,0.0,2021,49.691373,-121.01045,Not Emergency,10 or fewer dwelling units,Forests
0,External Interference,Natural or Environmental Forces,British Columbia,Westcoast Energy Inc.,Not Applicable,Not Applicable,Transmission,0.0,2022,49.454794,-121.258219,Not Emergency,10 or fewer dwelling units,Water / Wetlands
1,Incorrect Operation,Engineering and Planning,Alberta,NOVA Gas Transmission Ltd.,Not Applicable,Not Applicable,Transmission,0.0,2022,51.59891,-114.23733,Not Emergency,10 or fewer dwelling units,Agricultural Cropland
0,Other Causes,Tools and Equipment,Ontario,TransCanada PipeLines Limited,Not Applicable,Not Applicable,Transmission,0.0,2022,49.12687318,-90.7832235,Not Emergency,10 or fewer dwelling units,Forests
1,"Equipment Failure, External Interference",Maintenance,Manitoba,Enbridge Pipelines Inc.,Crude Oil - Synthetic,Liquid,Transmission,2.0,2022,49.01667,-97.55556,Not Emergency,"Within 200 m of event site - an industrial installation (e.g., a chemical plant or a hazardous substance storage area",Developed Land - Industrial
1,External Interference,Natural or Environmental Forces,Alberta,NOVA Gas Transmission Ltd.,Not Applicable,Not Applicable,Transmission,0.0,2022,54.1125,-117.4351,Not Emergency,10 or fewer dwelling units,Water / Wetlands
0,External Interference,Natural or Environmental Forces,British Columbia,Westcoast Energy Inc.,Not Applicable,Not Applicable,Transmission,0.0,2022,49.35945,-121.59733,Not Emergency,10 or fewer dwelling units,Water / Wetlands
1,"Equipment Failure, External Interference, Natural Force Damage","Engineering and Planning, Maintenance, Tools and Equipment",Alberta,Enbridge Pipelines Inc.,Crude Oil - Sweet,Liquid,Transmission,166.0,2022,53.541584,-113.354894,Not Emergency,10 or fewer dwelling units,Developed Land - Industrial
0,Incorrect Operation,Tools and Equipment,Alberta,NOVA Gas Transmission Ltd.,Not Applicable,Not Applicable,Transmission,0.0,2022,56.51556,-113.670535,Not Emergency,10 or fewer dwelling units,Forests
1,"External Interference, Incorrect Operation","Human Factors, Standards and Procedures",British Columbia,Trans Mountain Pipeline ULC,Not Applicable,Not Applicable,Transmission,0.0,2022,51.241451,-120.170022,Not Emergency,10 or fewer dwelling units,Agricultural Cropland
1,"External Interference, Incorrect Operation",Standards and Procedures,British Columbia,Trans Mountain Pipeline ULC,Not Applicable,Not Applicable,Transmission,0.0,2022,48.50668,-120.929811,Not Emergency,10 or fewer dwelling units,Forests
1,Incorrect Operation,Tools and Equipment,British Columbia,Trans Mountain Pipeline ULC,Not Applicable,Not Applicable,Distribution,0.0,2022,49.298404,-121.652672,Not Emergency,10 or fewer dwelling units,Agricultural Cropland
0,Natural Force Damage,Natural or Environmental Forces,British Columbia,Trans Mountain Pipeline ULC,Not Applicable,Not Applicable,Transmission,0.0,2022,49.54893,-121.113637,Not Emergency,10 or fewer dwelling units,Water / Wetlands
0,"External Interference, Incorrect Operation","Engineering and Planning, Failure in communication, Human Factors, Tools and Equipment",Alberta,NOVA Gas Transmission Ltd.,Not Applicable,Not Applicable,Transmission,0.0,2022,55.3093,-118.71221,Not Emergency,10 or fewer dwelling units,Barren Land
1,Incorrect Operation,Human Factors,British Columbia,Trans Mountain Pipeline ULC,Not Applicable,Not Applicable,Distribution,0.0,2022,53.028316,-119.230995,Not Emergency,10 or fewer dwelling units,Forests
0,"External Interference, Incorrect Operation",Human Factors,British Columbia,Trans Mountain Pipeline ULC,Not Applicable,Not Applicable,Distribution,0.0,2022,51.6373788,-119.9722,Not Emergency,within 200 m of the event site - A building occupied by 20 to 120 persons during normal use,Developed Land - Commercial
0,"External Interference, Incorrect Operation",Maintenance,Alberta,NOVA Gas Transmission Ltd.,Not Applicable,Not Applicable,Transmission,0.0,2022,49.537,-114.597,Not Emergency,10 or fewer dwelling units,Agricultural Cropland
0,"Corrosion and Cracking, External Interference, Incorrect Operation",Maintenance,Ontario,Enbridge Pipelines Inc.,Crude Oil - Synthetic,Liquid,Transmission,5.0,2022,42.952425,-82.37243611,Not Emergency,"Within 200 m of event site - an industrial installation (e.g., a chemical plant or a hazardous substance storage area",Developed Land - Industrial
1,Incorrect Operation,Failure in communication,British Columbia,Trans Mountain Pipeline ULC,Not Applicable,Not Applicable,Transmission,0.0,2022,49.228491,-121.682383,Not Emergency,10 or fewer dwelling units,Water / Wetlands
0,"External Interference, Incorrect Operation",Tools and Equipment,Alberta,NOVA Gas Transmission Ltd.,Not Applicable,Not Applicable,Transmission,0.0,2022,57.36767,-119.75241,Not Emergency,10 or fewer dwelling units,Forests
1,External Interference,Natural or Environmental Forces,Alberta,NOVA Gas Transmission Ltd.,Not Applicable,Not Applicable,Transmission,0.0,2022,54.0833,-117.50529,Not Emergency,10 or fewer dwelling units,Forests
0,"Equipment Failure, External Interference","Engineering and Planning, Maintenance",Manitoba,Enbridge Pipelines Inc.,Crude Oil - Sweet,Liquid,Transmission,5.0,2022,49.017818,-97.55738113,Not Emergency,"Within 200 m of event site - an industrial installation (e.g., a chemical plant or a hazardous substance storage area",Developed Land - Industrial
1,"Equipment Failure, External Interference, Incorrect Operation","Engineering and Planning, Maintenance, Tools and Equipment",British Columbia,Trans Mountain Pipeline ULC,Not Applicable,Not Applicable,Transmission,0.0,2022,49.244027,-122.898145,Not Emergency,10 or fewer dwelling units,Forests
0,Corrosion and Cracking,Maintenance,Ontario,TransCanada PipeLines Limited,Natural Gas - Sweet,Gas,Transmission,15.6,2022,47.44886,-79.76338,Not Emergency,10 or fewer dwelling units,Forests
0,Other Causes,To be determined,British Columbia,Trans Mountain Pipeline ULC,Not Applicable,Not Applicable,Distribution,0.0,2022,49.24086,-122.89206,Not Emergency,10 or fewer dwelling units,Developed Land - Industrial
1,"External Interference, Natural Force Damage",Natural or Environmental Forces,Alberta,NOVA Gas Transmission Ltd.,Not Applicable,Not Applicable,Transmission,0.0,2022,52.29583,-117.52844,Not Emergency,10 or fewer dwelling units,Forests
0,"External Interference, Incorrect Operation","Failure in communication, Standards and Procedures",Alberta,Trans Mountain Pipeline ULC,Not Applicable,Not Applicable,Transmission,0.0,2022,53.5215,-113.7871,Not Emergency,10 or fewer dwelling units,Agricultural Cropland
0,Natural Force Damage,Natural or Environmental Forces,Alberta,NOVA Gas Transmission Ltd.,Not Applicable,Not Applicable,Transmission,0.0,2022,56.476637,-119.496887,Not Emergency,10 or fewer dwelling units,Forests
0,Natural Force Damage,Natural or Environmental Forces,British Columbia,Trans Mountain Pipeline ULC,Not Applicable,Not Applicable,Transmission,0.0,2022,52.952405,-119.389287,Not Emergency,10 or fewer dwelling units,Water / Wetlands
1,Incorrect Operation,Human Factors,British Columbia,Westcoast Energy Inc.,Not Applicable,Not Applicable,Transmission,0.0,2022,49.0032077,-122.22102374,Not Emergency,10 or fewer dwelling units,Developed Land - Industrial
0,External Interference,"Engineering and Planning, Natural or Environmental Forces",British Columbia,Foothills Pipe Lines (South B.C.) Ltd.,Not Applicable,Not Applicable,Transmission,0.0,2022,49.2654932,-115.10345976,Not Emergency,10 or fewer dwelling units,Vegetative Barren
1,"External Interference, Natural Force Damage",Natural or Environmental Forces,Alberta,NOVA Gas Transmission Ltd.,Not Applicable,Not Applicable,Transmission,0.0,2022,54.092,-117.522,Not Emergency,10 or fewer dwelling units,Forests
0,External Interference,Tools and Equipment,British Columbia,Trans Mountain Pipeline ULC,Not Applicable,Not Applicable,Transmission,0.0,2022,52.245265,-119.206141,Not Emergency,10 or fewer dwelling units,Forests
1,"External Interference, Incorrect Operation","Human Factors, Tools and Equipment",British Columbia,Trans Mountain Pipeline ULC,Not Applicable,Not Applicable,Transmission,0.0,2022,49.36375,-121.54096,Not Emergency,11 to 45 dwelling units,Developed Land - Commercial
1,Other Causes,Natural or Environmental Forces,British Columbia,Trans Mountain Pipeline ULC,Not Applicable,Not Applicable,Transmission,0.0,2022,49.10059,-122.01926,Not Emergency,10 or fewer dwelling units,Shrub Land
0,Equipment Failure,Maintenance,Ontario,TransCanada PipeLines Limited,Natural Gas - Sweet,Gas,Transmission,4400.0,2022,48.8714,-80.8918,Not Emergency,10 or fewer dwelling units,Forests
1,Equipment Failure,Engineering and Planning,Alberta,NOVA Gas Transmission Ltd.,Natural Gas - Sweet,Gas,Transmission,80200.0,2022,53.46467299,-116.445232,Not Emergency,10 or fewer dwelling units,Forests
0,"External Interference, Incorrect Operation",Engineering and Planning,Saskatchewan,TransCanada PipeLines Limited,Natural Gas - Sweet,Gas,Transmission,6779.0,2022,50.58792452,-108.45225955,Not Emergency,10 or fewer dwelling units,Agricultural Cropland
0,"External Interference, Incorrect Operation","Standards and Procedures, Tools and Equipment",Alberta,NOVA Gas Transmission Ltd.,Not Applicable,Not Applicable,Transmission,0.0,2022,56.8762,-114.75508,Not Emergency,10 or fewer dwelling units,Forests
0,External Interference,"Failure in communication, Inadequate Supervision",Alberta,NOVA Gas Transmission Ltd.,Not Applicable,Not Applicable,Transmission,0.0,2022,57.36771436,-119.75277553,Not Emergency,10 or fewer dwelling units,Forests
1,"External Interference, Incorrect Operation",Human Factors,British Columbia,Trans Mountain Pipeline ULC,Not Applicable,Not Applicable,Transmission,0.0,2022,51.580611,-119.763056,Not Emergency,within 200 m of the event site - A building occupied by 20 to 120 persons during normal use,Developed Land - Industrial
1,Incorrect Operation,Human Factors,Alberta,Trans Mountain Pipeline ULC,Not Applicable,Not Applicable,Transmission,0.0,2022,53.58099054,-114.76334764,Not Emergency,11 to 45 dwelling units,Agricultural Cropland
1,Incorrect Operation,Human Factors,British Columbia,Trans Mountain Pipeline ULC,Not Applicable,Not Applicable,Transmission,0.0,2022,51.981709,-119.340098,Not Emergency,10 or fewer dwelling units,Forests
0,Other Causes,To be determined,British Columbia,Alliance Pipeline Ltd.,Not Applicable,Not Applicable,Gathering,0.0,2022,56.95499411,-121.9199318,Not Emergency,10 or fewer dwelling units,Forests
1,"External Interference, Incorrect Operation",Human Factors,Alberta,NOVA Gas Transmission Ltd.,Not Applicable,Not Applicable,Transmission,0.0,2022,57.359261,-119.59113,Not Emergency,10 or fewer dwelling units,Forests
0,"External Interference, Incorrect Operation","Maintenance, Natural or Environmental Forces, Standards and Procedures, Tools and Equipment",Alberta,NOVA Gas Transmission Ltd.,Not Applicable,Not Applicable,Transmission,0.0,2022,53.792003,-116.964156,Not Emergency,10 or fewer dwelling units,Forests
0,"Equipment Failure, External Interference","Maintenance, Natural or Environmental Forces",British Columbia,Westcoast Energy Inc.,Natural Gas - Sweet,Gas,Transmission,24669.0,2022,55.79811041,-122.18163686,Not Emergency,10 or fewer dwelling units,Agricultural Cropland
0,"External Interference, Incorrect Operation","Human Factors, Tools and Equipment",Alberta,NOVA Gas Transmission Ltd.,Not Applicable,Not Applicable,Transmission,0.0,2022,54.00567,-119.11445,Not Emergency,10 or fewer dwelling units,Forests
1,"External Interference, Incorrect Operation",Human Factors,British Columbia,Trans Mountain Pipeline ULC,Not Applicable,Not Applicable,Transmission,0.0,2023,49.29975,-121.65816,Not Emergency,"46 or more dwelling units, facilities, or institutions, or a combination of such structures intended for human occupancy from which rapid evacuation can be difficult (e.g., hospitals, nursing homes)",Developed Land - Industrial
1,External Interference,To be determined,Alberta,NOVA Gas Transmission Ltd.,Not Applicable,Not Applicable,Transmission,0.0,2023,52.57557,-112.69045,Not Emergency,10 or fewer dwelling units,Developed Land - Industrial
0,Incorrect Operation,Engineering and Planning,Alberta,NOVA Gas Transmission Ltd.,Not Applicable,Not Applicable,Transmission,0.0,2023,51.44418383,-114.52710752,Not Emergency,10 or fewer dwelling units,Developed Land - Industrial
1,"External Interference, Incorrect Operation, Natural Force Damage","Maintenance, Tools and Equipment",Alberta,Trans Mountain Pipeline ULC,Not Applicable,Not Applicable,Transmission,0.0,2023,51.941474,-119.34584,Not Emergency,10 or fewer dwelling units,Forests
0,External Interference,Maintenance,British Columbia,Trans Mountain Pipeline ULC,Not Applicable,Not Applicable,Transmission,0.0,2023,51.603893,-119.895246,Not Emergency,10 or fewer dwelling units,Forests
1,"External Interference, Natural Force Damage",Natural or Environmental Forces,British Columbia,Trans Mountain Pipeline ULC,Not Applicable,Not Applicable,Distribution,0.0,2023,49.746491,-121.006602,Not Emergency,10 or fewer dwelling units,Forests
1,Incorrect Operation,Engineering and Planning,British Columbia,Trans Mountain Pipeline ULC,Not Applicable,Not Applicable,Transmission,0.0,2023,49.17924,-122.644867,Not Emergency,10 or fewer dwelling units,Water / Wetlands
0,External Interference,Natural or Environmental Forces,Alberta,NOVA Gas Transmission Ltd.,Not Applicable,Not Applicable,Transmission,0.0,2023,53.792003,-116.96415,Not Emergency,10 or fewer dwelling units,Forests
0,External Interference,Natural or Environmental Forces,Alberta,1057533 Alberta Ltd.,Not Applicable,Not Applicable,Distribution,0.0,2023,58.495993,-119.43412,Not Emergency,10 or fewer dwelling units,Forests
0,External Interference,Maintenance,British Columbia,Trans Mountain Pipeline ULC,Not Applicable,Not Applicable,Transmission,0.0,2023,50.624312,-120.411757,Not Emergency,10 or fewer dwelling units,Shrub Land
0,Incorrect Operation,"Human Factors, Inadequate Supervision, Standards and Procedures",British Columbia,Trans Mountain Pipeline ULC,Not Applicable,Not Applicable,Transmission,0.0,2023,52.461942,-119.133094,Not Emergency,10 or fewer dwelling units,Forests
0,Natural Force Damage,Natural or Environmental Forces,Saskatchewan,TransCanada PipeLines Limited,Not Applicable,Not Applicable,Transmission,0.0,2023,50.300604,-103.146245,Not Emergency,10 or fewer dwelling units,Agricultural Cropland
0,Equipment Failure,Engineering and Planning,Alberta,NOVA Gas Transmission Ltd.,Natural Gas - Sweet,Gas,Transmission,27900.0,2023,56.8789,-116.5469,Not Emergency,10 or fewer dwelling units,Forests
0,External Interference,"Inadequate Procurement, Natural or Environmental Forces",Ontario,TransCanada PipeLines Limited,Not Applicable,Not Applicable,Transmission,0.0,2023,49.81509,-94.24709,Not Emergency,10 or fewer dwelling units,Forests
1,"Incorrect Operation, Other Causes",Engineering and Planning,British Columbia,Trans Mountain Pipeline ULC,Not Applicable,Not Applicable,Transmission,0.0,2023,49.180817,-122.711378,Not Emergency,10 or fewer dwelling units,Water / Wetlands
0,External Interference,Natural or Environmental Forces,British Columbia,Westcoast Energy Inc.,Not Applicable,Not Applicable,Transmission,0.0,2023,50.8600157,-120.96183656,Not Emergency,10 or fewer dwelling units,Water / Wetlands
0,External Interference,"Maintenance, Tools and Equipment",Alberta,NOVA Gas Transmission Ltd.,Not Applicable,Not Applicable,Transmission,0.0,2023,51.94344479,-114.73485947,Not Emergency,10 or fewer dwelling units,Agricultural Cropland
0,Equipment Failure,Maintenance,British Columbia,Westcoast Energy Inc.,Natural Gas - Sweet,Gas,Transmission,22065.0,2023,55.64990496,-122.20721642,Not Emergency,10 or fewer dwelling units,Developed Land - Industrial
0,Natural Force Damage,Natural or Environmental Forces,British Columbia,Trans Mountain Pipeline ULC,Not Applicable,Not Applicable,Transmission,0.0,2023,52.873161,-119.298058,Not Emergency,10 or fewer dwelling units,Water / Wetlands
0,Natural Force Damage,Natural or Environmental Forces,Alberta,Trans Mountain Pipeline ULC,Not Applicable,Not Applicable,Transmission,0.0,2023,53.46253512,-117.46458249,Not Emergency,10 or fewer dwelling units,Vegetative Barren
0,External Interference,Human Factors,British Columbia,NOVA Gas Transmission Ltd.,Not Applicable,Not Applicable,Transmission,0.0,2023,55.83772819,-120.74955173,Not Emergency,10 or fewer dwelling units,Agricultural Cropland
0,Incorrect Operation,Human Factors,British Columbia,Trans Mountain Pipeline ULC,Not Applicable,Not Applicable,Transmission,0.0,2023,49.1288104,-121.9152094,Not Emergency,10 or fewer dwelling units,Agricultural Cropland
0,"Corrosion and Cracking, Incorrect Operation","Engineering and Planning, Failure in communication, Human Factors, Inadequate Supervision, Standards and Procedures",Alberta,NOVA Gas Transmission Ltd.,Natural Gas - Sweet,Gas,Transmission,3437.02,2023,52.72044792,-115.70601192,Not Emergency,10 or fewer dwelling units,Forests
0,Incorrect Operation,"Inadequate Supervision, Standards and Procedures",British Columbia,Trans Mountain Pipeline ULC,Not Applicable,Not Applicable,Transmission,0.0,2023,49.806957,-120.947473,Not Emergency,10 or fewer dwelling units,Forests
0,Natural Force Damage,Natural or Environmental Forces,Northwest Territories,Enbridge Pipelines (NW) Inc.,Not Applicable,Not Applicable,Transmission,0.0,2023,63.66841912,-123.70255,Not Emergency,10 or fewer dwelling units,Forests
1,External Interference,Natural or Environmental Forces,British Columbia,Foothills Pipe Lines (South B.C.) Ltd.,Not Applicable,Not Applicable,Transmission,0.0,2023,49.40875,-114.84708,Not Emergency,10 or fewer dwelling units,Forests
1,"External Interference, Natural Force Damage",Natural or Environmental Forces,British Columbia,Foothills Pipe Lines (South B.C.) Ltd.,Not Applicable,Not Applicable,Transmission,0.0,2023,49.46312,-114.77366,Not Emergency,10 or fewer dwelling units,Forests
0,"Equipment Failure, External Interference, Incorrect Operation",Maintenance,Alberta,NOVA Gas Transmission Ltd.,Not Applicable,Not Applicable,Transmission,0.0,2023,51.09872674,-112.6387157,Not Emergency,10 or fewer dwelling units,Agricultural Cropland
0,"Corrosion and Cracking, External Interference, Incorrect Operation","Engineering and Planning, Maintenance",Alberta,NOVA Gas Transmission Ltd.,Not Applicable,Not Applicable,Transmission,0.0,2023,51.32190823,-113.38169216,Not Emergency,10 or fewer dwelling units,Agricultural Cropland
1,External Interference,Natural or Environmental Forces,British Columbia,Foothills Pipe Lines (South B.C.) Ltd.,Not Applicable,Not Applicable,Transmission,0.0,2023,49.36218,-114.86892,Not Emergency,10 or fewer dwelling units,Forests
0,Natural Force Damage,Natural or Environmental Forces,Quebec,Montreal Pipe Line Limited,Not Applicable,Not Applicable,Transmission,0.0,2023,45.047,-72.478,Not Emergency,10 or fewer dwelling units,Forests
0,Natural Force Damage,Natural or Environmental Forces,Quebec,Montreal Pipe Line Limited,Not Applicable,Not Applicable,Transmission,0.0,2023,45.117,-72.667,Not Emergency,10 or fewer dwelling units,Forests
0,External Interference,Human Factors,British Columbia,Trans Mountain Pipeline ULC,Not Applicable,Not Applicable,Transmission,0.0,2024,49.537671,-121.124303,Not Emergency,10 or fewer dwelling units,Forests
0,"External Interference, Natural Force Damage",Natural or Environmental Forces,Ontario,Trans-Northern Pipelines Inc.,Not Applicable,Not Applicable,Transmission,0.0,2024,43.643968,-79.601167,Not Emergency,11 to 45 dwelling units,Water / Wetlands
1,"External Interference, Incorrect Operation","Human Factors, Tools and Equipment",British Columbia,Foothills Pipe Lines (South B.C.) Ltd.,Not Applicable,Not Applicable,Transmission,0.0,2024,49.413655,-114.850936,Not Emergency,10 or fewer dwelling units,Forests
0,Corrosion and Cracking,"Engineering and Planning, Maintenance",Alberta,"NGTL GP Ltd., as general partner, on behalf of NGTL Limited Partnership",Natural Gas - Sweet,Gas,Transmission,11659.6,2024,54.3554,-117.9412,Not Emergency,10 or fewer dwelling units,Forests
0,Incorrect Operation,Maintenance,Alberta,"NGTL GP Ltd., as general partner, on behalf of NGTL Limited Partnership",Not Applicable,Not Applicable,Transmission,0.0,2024,54.04366,-117.42049,Not Emergency,10 or fewer dwelling units,Forests
0,Corrosion and Cracking,Maintenance,Ontario,TransCanada PipeLines Limited,Not Applicable,Not Applicable,Transmission,0.0,2024,49.03304404,-90.51024803,Not Emergency,10 or fewer dwelling units,Forests
1,"External Interference, Incorrect Operation","Standards and Procedures, Tools and Equipment",Alberta,"NGTL GP Ltd., as general partner, on behalf of NGTL Limited Partnership",Not Applicable,Not Applicable,Transmission,0.0,2024,49.644165,-114.63648,Not Emergency,10 or fewer dwelling units,Forests
0,"External Interference, Incorrect Operation","Maintenance, Standards and Procedures",Saskatchewan,TransCanada Keystone Pipeline GP Ltd.,Not Applicable,Not Applicable,Transmission,0.0,2024,50.20737004,-101.48728103,Not Emergency,10 or fewer dwelling units,Developed Land - Industrial
0,"External Interference, Natural Force Damage",Natural or Environmental Forces,Northwest Territories,Enbridge Pipelines (NW) Inc.,Not Applicable,Not Applicable,Transmission,0.0,2024,62.080133,-122.026567,Not Emergency,10 or fewer dwelling units,Forests
0,Natural Force Damage,Natural or Environmental Forces,Alberta,"NGTL GP Ltd., as general partner, on behalf of NGTL Limited Partnership",Not Applicable,Not Applicable,Transmission,0.0,2024,54.835385,-118.08285,Not Emergency,10 or fewer dwelling units,Forests
1,Incorrect Operation,Human Factors,Ontario,TransCanada PipeLines Limited,Not Applicable,Not Applicable,Transmission,0.0,2024,46.37976553,-79.46897152,Not Emergency,10 or fewer dwelling units,Forests
0,"External Interference, Natural Force Damage",Natural or Environmental Forces,Saskatchewan,Enbridge Southern Lights GP Inc. on behalf of Enbridge Southern Lights LP,Not Applicable,Not Applicable,Transmission,0.0,2024,50.493521,-104.787805,Not Emergency,10 or fewer dwelling units,Water / Wetlands
0,Equipment Failure,Engineering and Planning,Alberta,Trans Mountain Pipeline ULC,Crude Oil - Sweet,Liquid,Distribution,3.0,2024,53.54290845,-113.36445011,Not Emergency,10 or fewer dwelling units,Developed Land - Industrial
0,"External Interference, Natural Force Damage",Engineering and Planning,Alberta,"NGTL GP Ltd., as general partner, on behalf of NGTL Limited Partnership",Not Applicable,Not Applicable,Transmission,0.0,2024,55.564474,-119.35181,Not Emergency,10 or fewer dwelling units,Forests
0,"External Interference, Incorrect Operation","Maintenance, Tools and Equipment",Ontario,TransCanada PipeLines Limited,Not Applicable,Not Applicable,Transmission,0.0,2024,49.845444,-93.460501,Not Emergency,10 or fewer dwelling units,Forests
0,"External Interference, Incorrect Operation","Inadequate Supervision, Tools and Equipment",Ontario,TransCanada PipeLines Limited,Not Applicable,Not Applicable,Transmission,0.0,2025,49.77555,-86.38411,Not Emergency,10 or fewer dwelling units,Vegetative Barren
0,"External Interference, Natural Force Damage",Natural or Environmental Forces,Ontario,Enbridge Pipelines Inc.,Not Applicable,Not Applicable,Transmission,0.0,2025,43.344436,-79.856266,Not Emergency,10 or fewer dwelling units,Forests
0,"External Interference, Natural Force Damage",Natural or Environmental Forces,Ontario,Trans-Northern Pipelines Inc.,Not Applicable,Not Applicable,Transmission,0.0,2025,43.7765901,-79.3700168,Not Emergency,10 or fewer dwelling units,Water / Wetlands
0,Equipment Failure,Maintenance,Alberta,Foothills Pipe Lines Ltd.,Natural Gas - Sweet,Gas,Transmission,1311.0,2025,51.945705,-114.740343,Not Emergency,10 or fewer dwelling units,Forests
0,External Interference,Maintenance,Alberta,Trans Mountain Pipeline ULC,Not Applicable,Not Applicable,Transmission,0.0,2025,53.505913,-117.335484,Not Emergency,10 or fewer dwelling units,Vegetative Barren
0,External Interference,Maintenance,Ontario,TransCanada PipeLines Limited,Not Applicable,Not Applicable,Transmission,0.0,2025,49.800358,-86.529031,Not Emergency,10 or fewer dwelling units,Vegetative Barren
0,"Equipment Failure, External Interference, Incorrect Operation","Inadequate Supervision, Standards and Procedures, Tools and Equipment",Alberta,"NGTL GP Ltd., as general partner on behalf of NGTL Limited Partnership",Not Applicable,Not Applicable,Transmission,0.0,2025,52.468194,-114.869028,Not Emergency,10 or fewer dwelling units,Agricultural Cropland
0,Natural Force Damage,Natural or Environmental Forces,Alberta,Alliance Pipeline Ltd.,Not Applicable,Not Applicable,Transmission,0.0,2025,54.834199,-118.592345,Not Emergency,10 or fewer dwelling units,Water / Wetlands
0,Natural Force Damage,Natural or Environmental Forces,British Columbia,Westcoast Energy Inc.,Not Applicable,Not Applicable,Transmission,0.0,2025,57.7332,-122.6971,Not Emergency,10 or fewer dwelling units,Forests
0,Natural Force Damage,Natural or Environmental Forces,British Columbia,Trans Mountain Pipeline ULC,Not Applicable,Not Applicable,Transmission,0.0,2025,50.201223,-120.648077,Not Emergency,10 or fewer dwelling units,Water / Wetlands
0,"Equipment Failure, External Interference",Engineering and Planning,Saskatchewan,Enbridge Pipelines Inc.,Not Applicable,Not Applicable,Transmission,0.0,2025,50.184495,-103.160456,Not Emergency,10 or fewer dwelling units,Developed Land - Industrial
0,Natural Force Damage,Natural or Environmental Forces,Alberta,"NGTL GP Ltd., as general partner on behalf of NGTL Limited Partnership",Not Applicable,Not Applicable,Transmission,0.0,2025,54.83301762,-118.59021652,Not Emergency,10 or fewer dwelling units,Water / Wetlands
0,Incorrect Operation,"Maintenance, Tools and Equipment",Ontario,TransCanada PipeLines Limited,Not Applicable,Not Applicable,Transmission,0.0,2025,49.24433968,-88.16312431,Not Emergency,10 or fewer dwelling units,Forests
0,"External Interference, Natural Force Damage",Natural or Environmental Forces,Ontario,TransCanada PipeLines Limited,Not Applicable,Not Applicable,Transmission,0.0,2025,47.85299948,-79.92736884,Not Emergency,10 or fewer dwelling units,Water / Wetlands
0,Equipment Failure,Maintenance,Ontario,TransCanada PipeLines Limited,Natural Gas - Sweet,Gas,Transmission,16620.0,2025,47.96059697,-80.01602107,Not Emergency,10 or fewer dwelling units,Forests
0,Corrosion and Cracking,Tools and Equipment,Saskatchewan,TransCanada PipeLines Limited,Natural Gas - Sweet,Gas,Transmission,102.13,2026,50.53932219,-107.30871941,Not Emergency,10 or fewer dwelling units,Agricultural Cropland
0,"External Interference, Natural Force Damage",Natural or Environmental Forces,Quebec,Trans Québec and Maritimes Pipeline Inc.,Not Applicable,Not Applicable,Transmission,0.0,2026,45.93212432,-73.33946409,Not Emergency,10 or fewer dwelling units,Developed Land - Residential
1,External Interference,Natural or Environmental Forces,Manitoba,TransCanada PipeLines Limited,Natural Gas - Sweet,Gas,Transmission,277726.91,2026,49.0018,-97.0571,Not Emergency,10 or fewer dwelling units,Agricultural Cropland
0,Other Causes,To be determined,British Columbia,NorthRiver Midstream NEBC Connector GP Inc.,Not Applicable,Not Applicable,Transmission,0.0,2026,56.262243,-120.743188,Not Emergency,10 or fewer dwelling units,Agricultural Cropland
0,To be determined,To be determined,Saskatchewan,TransCanada PipeLines Limited,Not Applicable,Not Applicable,Transmission,0.0,2026,50.39410078,-104.41099753,Not Emergency,10 or fewer dwelling units,Developed Land - Industrial
0,To be determined,To be determined,Alberta,"NGTL GP Ltd., as general partner on behalf of NGTL Limited Partnership",Not Applicable,Not Applicable,Transmission,0.0,2026,55.864342,-117.03504,Not Emergency,10 or fewer dwelling units,Forests
0,"External Interference, Incorrect Operation","Human Factors, Tools and Equipment",Alberta,Enbridge Pipelines Inc.,Not Applicable,Not Applicable,Transmission,0.0,2026,53.54740268,-113.35571374,Not Emergency,"Within 200 m of event site - an industrial installation (e.g., a chemical plant or a hazardous substance storage area",Developed Land - Industrial
0,To be determined,To be determined,Manitoba,Enbridge Pipelines Inc.,Crude Oil - Synthetic,Liquid,Transmission,78.0,2026,49.01757197,-97.555526,Not Emergency,"Within 200 m of event site - an industrial installation (e.g., a chemical plant or a hazardous substance storage area",Developed Land - Industrial
0,"Defect and Deterioration, External Interference",Maintenance,Saskatchewan,Kingston Midstream Westspur Limited,Not Applicable,Not Applicable,Transmission,0.0,2026,49.422,-101.86893,Not Emergency,10 or fewer dwelling units,Developed Land - Industrial
0,To be determined,To be determined,British Columbia,Westcoast Energy GP Inc. on behalf of Westcoast Energy Limited Partnership,Not Applicable,Not Applicable,Transmission,0.0,2026,49.7077,-121.01767,Not Emergency,10 or fewer dwelling units,Forests
0,To be determined,To be determined,Alberta,"NGTL GP Ltd., as general partner on behalf of NGTL Limited Partnership",Natural Gas - Sweet,Gas,Transmission,1.0,2026,52.255709,-110.029806,Not Emergency,10 or fewer dwelling units,Agricultural Cropland
0,To be determined,To be determined,British Columbia,Westcoast Energy GP Inc. on behalf of Westcoast Energy Limited Partnership,Not Applicable,Not Applicable,Transmission,0.0,2026,56.870205,-122.282566,Not Emergency,10 or fewer dwelling units,Forests
0,To be determined,To be determined,Alberta,"NGTL GP Ltd., as general partner on behalf of NGTL Limited Partnership",Not Applicable,Not Applicable,Transmission,0.0,2026,57.34677,-119.067783,Not Emergency,10 or fewer dwelling units,Forests
0,Natural Force Damage,Natural or Environmental Forces,Quebec,Champion Pipe Line Corporation Limited,Not Applicable,Not Applicable,Transmission,0.0,2026,47.787071,-79.37914555,Not Emergency,10 or fewer dwelling units,Water / Wetlands
1,To be determined,To be determined,Ontario,TransCanada PipeLines Limited,Not Applicable,Not Applicable,Transmission,0.0,2026,43.66252,-79.83486,Not Emergency,11 to 45 dwelling units,Developed Land - Residential
0,To be determined,To be determined,Alberta,"NGTL GP Ltd., as general partner on behalf of NGTL Limited Partnership",Not Applicable,Not Applicable,Transmission,0.0,2026,56.93062,-115.25428,Not Emergency,10 or fewer dwelling units,Developed Land - Industrial
0,To be determined,To be determined,Ontario,TransCanada PipeLines Limited,Not Applicable,Not Applicable,Transmission,0.0,2026,49.651552,-83.524825,Not Emergency,10 or fewer dwelling units,Water / Wetlands
0,Equipment Failure,Maintenance,Manitoba,Enbridge Pipelines Inc.,Crude Oil - Sweet,Liquid,Unknown,100.0,2008,49.754,-101.237,Level I,Unknown Population Density (Historical Data Migration),Developed Land - Industrial
0,Defect and Deterioration,Maintenance,British Columbia,"Westcoast Energy Inc., carrying on business as Spectra Energy Transmission",Natural Gas - Sweet,Gas,Unknown,0.0,2008,58.012,-122.694333,Level I,Unknown Population Density (Historical Data Migration),Unknown Land Use (Historical Data Migration)
1,Equipment Failure,"Maintenance, Standards and Procedures, Tools and Equipment",British Columbia,"Westcoast Energy Inc., carrying on business as Spectra Energy Transmission",Potassium Hydroxide (caustic solution),Miscellaneous,Unknown,0.0,2008,56.14377,-120.51605,Level I,Unknown Population Density (Historical Data Migration),Unknown Land Use (Historical Data Migration)
0,Defect and Deterioration,Maintenance,Alberta,Foothills Pipe Lines Ltd.,Natural Gas - Sweet,Gas,Unknown,0.0,2008,51.385029,-113.535263,Level I,Unknown Population Density (Historical Data Migration),Unknown Land Use (Historical Data Migration)
0,Incorrect Operation,Standards and Procedures,Saskatchewan,TransCanada PipeLines Limited,Natural Gas - Sweet,Gas,Unknown,100.0,2008,50.20739,-101.48731,Level I,Unknown Population Density (Historical Data Migration),Unknown Land Use (Historical Data Migration)
0,Corrosion and Cracking,Maintenance,Ontario,TransCanada PipeLines Limited,Natural Gas - Sweet,Gas,Unknown,0.0,2008,49.7894,-92.76549,Level I,Unknown Population Density (Historical Data Migration),Unknown Land Use (Historical Data Migration)
0,Equipment Failure,Maintenance,Ontario,TransCanada PipeLines Limited,Natural Gas - Sweet,Gas,Unknown,18.0,2008,49.30391,-82.04386,Level I,Unknown Population Density (Historical Data Migration),Unknown Land Use (Historical Data Migration)
0,Corrosion and Cracking,Maintenance,Manitoba,TransCanada PipeLines Limited,Natural Gas - Sweet,Gas,Unknown,0.0,2008,50.07673,-99.99864,Level I,Unknown Population Density (Historical Data Migration),Unknown Land Use (Historical Data Migration)
1,"External Interference, Incorrect Operation",Inadequate Supervision,Saskatchewan,Enbridge Pipelines Inc.,Not Applicable,Not Applicable,Transmission,0.0,2008,51.92095,-109.17023,Level I,Unknown Population Density (Historical Data Migration),Unknown Land Use (Historical Data Migration)
0,Corrosion and Cracking,Engineering and Planning,Ontario,TransCanada PipeLines Limited,Natural Gas - Sweet,Gas,Transmission,0.0,2008,47.44678,-79.76267,Level I,Unknown Population Density (Historical Data Migration),Unknown Land Use (Historical Data Migration)
0,Defect and Deterioration,"Human Factors, Tools and Equipment",Ontario,TransCanada PipeLines Limited,Natural Gas - Sweet,Gas,Unknown,0.0,2008,49.80823,-94.18954,Level I,Unknown Population Density (Historical Data Migration),Unknown Land Use (Historical Data Migration)
0,Equipment Failure,Maintenance,Saskatchewan,"Plains Marketing Canada, L.P.",Crude Oil - Sweet,Liquid,Unknown,4.0,2008,50.48057,-104.56646,Level I,Unknown Population Density (Historical Data Migration),Unknown Land Use (Historical Data Migration)
1,Defect and Deterioration,"Failure in communication, Human Factors",British Columbia,"Westcoast Energy Inc., carrying on business as Spectra Energy Transmission",Natural Gas - Sour,Gas,Unknown,0.0,2008,56.27973,-120.96341,Level I,Unknown Population Density (Historical Data Migration),Unknown Land Use (Historical Data Migration)
1,Equipment Failure,Maintenance,British Columbia,"Westcoast Energy Inc., carrying on business as Spectra Energy Transmission",Natural Gas - Sour,Gas,Unknown,0.0,2008,55.33867,-121.87115,Level I,Unknown Population Density (Historical Data Migration),Unknown Land Use (Historical Data Migration)
0,External Interference,Maintenance,Manitoba,Enbridge Pipelines Inc.,Not Applicable,Not Applicable,Unknown,0.0,2008,49.754,-101.239,Level I,Unknown Population Density (Historical Data Migration),Developed Land - Industrial
0,Defect and Deterioration,Standards and Procedures,Saskatchewan,Enbridge Pipelines Inc.,Crude Oil - Sweet,Liquid,Unknown,9.4,2008,51.63826,-108.3544,Level I,Unknown Population Density (Historical Data Migration),Unknown Land Use (Historical Data Migration)
0,Corrosion and Cracking,Maintenance,Ontario,TransCanada PipeLines Limited,Natural Gas - Sweet,Gas,Unknown,0.0,2009,43.35064,-80.1193,Level I,Unknown Population Density (Historical Data Migration),Unknown Land Use (Historical Data Migration)
0,Defect and Deterioration,Maintenance,British Columbia,"Westcoast Energy Inc., carrying on business as Spectra Energy Transmission",Sulphur,Miscellaneous,Unknown,0.004,2009,58.65325,-122.68501,Level I,Unknown Population Density (Historical Data Migration),Unknown Land Use (Historical Data Migration)
1,"External Interference, Incorrect Operation",Standards and Procedures,British Columbia,"Westcoast Energy Inc., carrying on business as Spectra Energy Transmission",Natural Gas - Sour,Gas,Unknown,0.0,2009,56.14652,-120.66917,Level I,Unknown Population Density (Historical Data Migration),Unknown Land Use (Historical Data Migration)
0,Corrosion and Cracking,Engineering and Planning,Ontario,TransCanada PipeLines Limited,Natural Gas - Sweet,Gas,Unknown,0.0,2009,49.03329,-90.51006,Level I,Unknown Population Density (Historical Data Migration),Unknown Land Use (Historical Data Migration)
0,Defect and Deterioration,Standards and Procedures,Alberta,NOVA Gas Transmission Ltd.,Natural Gas - Sweet,Gas,Unknown,0.0,2009,53.63705,-112.01828,Level I,Unknown Population Density (Historical Data Migration),Unknown Land Use (Historical Data Migration)
0,Defect and Deterioration,"Engineering and Planning, Standards and Procedures, Tools and Equipment",British Columbia,Trans Mountain Pipeline ULC,Crude Oil - Sweet,Liquid,Unknown,305.0,2009,49.26849,-122.93134,Level III,Unknown Population Density (Historical Data Migration),Unknown Land Use (Historical Data Migration)
0,Corrosion and Cracking,Maintenance,Alberta,NOVA Gas Transmission Ltd.,Natural Gas - Sweet,Gas,Unknown,0.0,2009,54.93272,-117.25214,Level I,Unknown Population Density (Historical Data Migration),Unknown Land Use (Historical Data Migration)
0,Equipment Failure,Maintenance,Quebec,TransCanada PipeLines Limited,Natural Gas - Sweet,Gas,Unknown,0.0,2009,45.31394,-73.48289,Level I,Unknown Population Density (Historical Data Migration),Unknown Land Use (Historical Data Migration)
0,Equipment Failure,Maintenance,British Columbia,"Westcoast Energy Inc., carrying on business as Spectra Energy Transmission",Not Applicable,Not Applicable,Unknown,0.0,2009,58.65334,-122.68482,Level I,Unknown Population Density (Historical Data Migration),Unknown Land Use (Historical Data Migration)
0,Defect and Deterioration,Standards and Procedures,Saskatchewan,Kinder Morgan Cochin ULC,Propane,Gas,Unknown,6.36,2009,51.55484,-107.996,Level I,Unknown Population Density (Historical Data Migration),Unknown Land Use (Historical Data Migration)
0,Equipment Failure,Maintenance,British Columbia,"Westcoast Energy Inc., carrying on business as Spectra Energy Transmission",Not Applicable,Not Applicable,Unknown,0.0,2009,55.56925,-121.94485,Level I,Unknown Population Density (Historical Data Migration),Unknown Land Use (Historical Data Migration)
0,Defect and Deterioration,Maintenance,Alberta,NOVA Gas Transmission Ltd.,Natural Gas - Sweet,Gas,Unknown,0.0,2009,55.67738,-112.18288,Level I,Unknown Population Density (Historical Data Migration),Unknown Land Use (Historical Data Migration)
0,Corrosion and Cracking,Standards and Procedures,Alberta,NOVA Gas Transmission Ltd.,Natural Gas - Sweet,Gas,Unknown,0.0,2009,53.63705,-112.01829,Level I,Unknown Population Density (Historical Data Migration),Unknown Land Use (Historical Data Migration)
0,Corrosion and Cracking,Maintenance,Saskatchewan,Alliance Pipeline Ltd.,Natural Gas - Sweet,Gas,Unknown,0.0,2009,51.2719,-106.75421,Level I,Unknown Population Density (Historical Data Migration),Unknown Land Use (Historical Data Migration)
0,Defect and Deterioration,Maintenance,Manitoba,TransCanada PipeLines Limited,Natural Gas - Sweet,Gas,Unknown,0.0,2009,49.68123,-95.37458,Level I,Unknown Population Density (Historical Data Migration),Unknown Land Use (Historical Data Migration)
0,Equipment Failure,Maintenance,Ontario,Enbridge Pipelines Inc.,Crude Oil - Sweet,Liquid,Unknown,1.8,2009,44.06958,-77.92945,Level I,Unknown Population Density (Historical Data Migration),Unknown Land Use (Historical Data Migration)
1,Incorrect Operation,"Inadequate Supervision, Standards and Procedures",Manitoba,Enbridge Pipelines Inc.,Not Applicable,Not Applicable,Unknown,0.0,2009,49.10416,-97.93104,Level I,Unknown Population Density (Historical Data Migration),Unknown Land Use (Historical Data Migration)
0,Equipment Failure,Maintenance,Saskatchewan,Husky Oil Limited,Condensate,Liquid,Transmission,3.0,2009,53.271222,-109.943083,Level I,Unknown Population Density (Historical Data Migration),Unknown Land Use (Historical Data Migration)
0,Equipment Failure,To be determined,Saskatchewan,Enbridge Pipelines Inc.,Not Applicable,Not Applicable,Unknown,0.0,2009,51.1967,-106.57472,Level I,Unknown Population Density (Historical Data Migration),Unknown Land Use (Historical Data Migration)
0,Defect and Deterioration,Maintenance,British Columbia,TransCanada PipeLines Limited B.C. System,Natural Gas - Sweet,Gas,Unknown,0.0,2009,49.238462,-115.855313,Level I,Unknown Population Density (Historical Data Migration),Unknown Land Use (Historical Data Migration)
0,Equipment Failure,Maintenance,Quebec,TransCanada PipeLines Limited,Natural Gas - Sweet,Gas,Transmission,69.0,2009,45.37081,-74.12582,Level I,Unknown Population Density (Historical Data Migration),Unknown Land Use (Historical Data Migration)
0,Equipment Failure,Inadequate Supervision,British Columbia,"Westcoast Energy Inc., carrying on business as Spectra Energy Transmission",Not Applicable,Not Applicable,Unknown,0.0,2009,49.3825,-121.36469,Level I,Unknown Population Density (Historical Data Migration),Unknown Land Use (Historical Data Migration)
0,Equipment Failure,Maintenance,Alberta,NOVA Gas Transmission Ltd.,Not Applicable,Not Applicable,Unknown,0.0,2009,53.10063,-115.3622,Level I,Unknown Population Density (Historical Data Migration),Unknown Land Use (Historical Data Migration)
0,Incorrect Operation,Standards and Procedures,Alberta,NOVA Gas Transmission Ltd.,Not Applicable,Not Applicable,Unknown,0.0,2009,51.85163,-114.07574,Level I,Unknown Population Density (Historical Data Migration),Unknown Land Use (Historical Data Migration)
0,Equipment Failure,Maintenance,British Columbia,"Westcoast Energy Inc., carrying on business as Spectra Energy Transmission",Sulphur Dioxide,Miscellaneous,Unknown,0.0,2009,55.56908,-121.94467,Level I,Unknown Population Density (Historical Data Migration),Unknown Land Use (Historical Data Migration)
0,Incorrect Operation,Inadequate Supervision,Alberta,NOVA Gas Transmission Ltd.,Not Applicable,Not Applicable,Unknown,0.0,2009,54.79071,-114.04358,Level I,Unknown Population Density (Historical Data Migration),Unknown Land Use (Historical Data Migration)
1,Equipment Failure,Maintenance,Alberta,NOVA Gas Transmission Ltd.,Natural Gas - Sour,Gas,Gathering,0.0,2009,54.54693,-114.79252,Level I,Unknown Population Density (Historical Data Migration),Unknown Land Use (Historical Data Migration)
0,Equipment Failure,Maintenance,Alberta,NOVA Gas Transmission Ltd.,Not Applicable,Not Applicable,Gathering,0.0,2010,58.44704,-119.22409,Level I,10 or fewer dwelling units,Unknown Land Use (Historical Data Migration)
1,"External Interference, Incorrect Operation","Human Factors, Maintenance",British Columbia,Trans Mountain Pipeline ULC,Not Applicable,Not Applicable,Unknown,0.0,2010,49.266235,-122.928102,Level I,Unknown Population Density (Historical Data Migration),Unknown Land Use (Historical Data Migration)
0,Equipment Failure,Human Factors,Alberta,Enbridge Pipelines Inc.,Not Applicable,Not Applicable,Unknown,0.0,2010,53.54740278,-113.3556944,Level I,Unknown Population Density (Historical Data Migration),Unknown Land Use (Historical Data Migration)
0,Equipment Failure,Human Factors,Alberta,Enbridge Pipelines Inc.,Not Applicable,Not Applicable,Unknown,0.0,2010,53.54740278,-113.3556944,Level I,Unknown Population Density (Historical Data Migration),Unknown Land Use (Historical Data Migration)
0,Equipment Failure,Human Factors,Alberta,Enbridge Pipelines Inc.,Not Applicable,Not Applicable,Unknown,0.0,2010,53.54740278,-113.3556944,Level I,Unknown Population Density (Historical Data Migration),Unknown Land Use (Historical Data Migration)
0,"Defect and Deterioration, Equipment Failure, Incorrect Operation","Engineering and Planning, Maintenance",Ontario,TransCanada PipeLines Limited,Natural Gas - Sweet,Gas,Unknown,100.0,2010,43.87391,-79.57983,Level I,Unknown Population Density (Historical Data Migration),Unknown Land Use (Historical Data Migration)
0,"Defect and Deterioration, Equipment Failure",Engineering and Planning,New Brunswick,Emera Brunswick Pipeline Company Ltd.,Natural Gas - Sweet,Gas,Unknown,0.0,2010,45.26269,-65.98211,Level I,Unknown Population Density (Historical Data Migration),Unknown Land Use (Historical Data Migration)
0,Defect and Deterioration,Engineering and Planning,Alberta,NOVA Gas Transmission Ltd.,Natural Gas - Sweet,Gas,Unknown,0.0,2010,54.83026,-118.64722,Level I,10 or fewer dwelling units,Unknown Land Use (Historical Data Migration)
0,"Defect and Deterioration, External Interference","Inadequate Procurement, Maintenance",Alberta,NOVA Gas Transmission Ltd.,Natural Gas - Sweet,Gas,Unknown,0.0,2010,51.32247,-113.38195,Level I,Unknown Population Density (Historical Data Migration),Unknown Land Use (Historical Data Migration)
1,Incorrect Operation,"Engineering and Planning, Maintenance",Ontario,Trans-Northern Pipelines Inc.,Gasoline,Liquid,Transmission,25.1,2010,45.140221,-74.562991,Level III,Unknown Population Density (Historical Data Migration),Unknown Land Use (Historical Data Migration)
0,Defect and Deterioration,Maintenance,Ontario,TransCanada PipeLines Limited,Natural Gas - Sweet,Gas,Unknown,0.0,2010,44.00638,-78.19719,Level I,Unknown Population Density (Historical Data Migration),Unknown Land Use (Historical Data Migration)
0,Defect and Deterioration,Maintenance,Alberta,NOVA Gas Transmission Ltd.,Natural Gas - Sweet,Gas,Unknown,3.0,2010,51.50897,-113.86985,Level I,Unknown Population Density (Historical Data Migration),Unknown Land Use (Historical Data Migration)
0,"Defect and Deterioration, Equipment Failure",Engineering and Planning,Alberta,Alliance Pipeline Ltd.,Natural Gas - Sweet,Gas,Unknown,0.0,2010,54.31015,-115.68078,Level I,Unknown Population Density (Historical Data Migration),Unknown Land Use (Historical Data Migration)
0,Equipment Failure,Standards and Procedures,Alberta,NOVA Gas Transmission Ltd.,Natural Gas - Sweet,Gas,Unknown,0.0,2010,57.18167,-118.19522,Level I,Unknown Population Density (Historical Data Migration),Unknown Land Use (Historical Data Migration)
0,"External Interference, Incorrect Operation","Engineering and Planning, Failure in communication, Inadequate Supervision",Saskatchewan,Enbridge Pipelines Inc.,Natural Gas - Sweet,Gas,Unknown,0.0,2010,49.42185,-101.87015,Level I,Unknown Population Density (Historical Data Migration),Unknown Land Use (Historical Data Migration)
0,Equipment Failure,Human Factors,Alberta,Enbridge Pipelines Inc.,Not Applicable,Not Applicable,Unknown,0.0,2010,53.54740278,-113.3556944,Level I,Unknown Population Density (Historical Data Migration),Unknown Land Use (Historical Data Migration)
0,Equipment Failure,Maintenance,New Brunswick,Maritimes & Northeast Pipeline Management Ltd.,Natural Gas - Sweet,Gas,Unknown,14.2,2010,45.129046,-66.831379,Level I,Unknown Population Density (Historical Data Migration),Unknown Land Use (Historical Data Migration)
0,Defect and Deterioration,"Human Factors, Natural or Environmental Forces",Alberta,NOVA Gas Transmission Ltd.,Natural Gas - Sweet,Gas,Unknown,0.0,2010,50.04984,-112.53824,Level I,Unknown Population Density (Historical Data Migration),Unknown Land Use (Historical Data Migration)
0,Corrosion and Cracking,Standards and Procedures,Alberta,NOVA Gas Transmission Ltd.,Natural Gas - Sweet,Gas,Unknown,0.0,2010,55.77705,-119.36823,Level I,10 or fewer dwelling units,Unknown Land Use (Historical Data Migration)
0,Equipment Failure,Maintenance,Ontario,TransCanada PipeLines Limited,Natural Gas - Sweet,Gas,Transmission,0.0,2010,49.73149,-87.06539,Level I,10 or fewer dwelling units,Unknown Land Use (Historical Data Migration)
0,Defect and Deterioration,Maintenance,Saskatchewan,Foothills Pipe Lines Ltd.,Natural Gas - Sweet,Gas,Transmission,0.0,2010,49.98,-109.12,Level I,10 or fewer dwelling units,Unknown Land Use (Historical Data Migration)
0,"External Interference, Incorrect Operation","Maintenance, Standards and Procedures",Alberta,Alliance Pipeline Ltd.,Not Applicable,Not Applicable,Unknown,0.0,2011,54.5224,-118.10037,Level I,Unknown Population Density (Historical Data Migration),Unknown Land Use (Historical Data Migration)
0,Equipment Failure,Maintenance,Ontario,TransCanada PipeLines Limited,Natural Gas - Sweet,Gas,Unknown,192.0,2011,46.84822454,-79.8090245,Level I,Unknown Population Density (Historical Data Migration),Unknown Land Use (Historical Data Migration)
0,"Corrosion and Cracking, Equipment Failure, External Interference","Maintenance, Natural or Environmental Forces, Tools and Equipment",British Columbia,"Westcoast Energy Inc., carrying on business as Spectra Energy Transmission",Propane,Gas,Unknown,4.2,2011,56.14641,-120.66907,Level I,Unknown Population Density (Historical Data Migration),Unknown Land Use (Historical Data Migration)
0,Equipment Failure,Maintenance,Ontario,TransCanada PipeLines Limited,Natural Gas - Sweet,Gas,Unknown,1000.0,2011,43.96,-78.81941,Level I,Unknown Population Density (Historical Data Migration),Unknown Land Use (Historical Data Migration)
0,Equipment Failure,Maintenance,Alberta,NOVA Gas Transmission Ltd.,Natural Gas - Sweet,Gas,Unknown,0.0,2011,55.57555,-113.87749,Level I,10 or fewer dwelling units,Unknown Land Use (Historical Data Migration)
0,Equipment Failure,Engineering and Planning,Ontario,Trans-Northern Pipelines Inc.,Not Applicable,Not Applicable,Unknown,0.0,2011,43.69257,-79.61074,Level I,Buildings greater than 4 stories above ground,Unknown Land Use (Historical Data Migration)
0,Incorrect Operation,Human Factors,British Columbia,"Westcoast Energy Inc., carrying on business as Spectra Energy Transmission",Propane,Gas,Unknown,37.0,2011,56.14642,-120.66907,Level I,46 or more dwelling units,Unknown Land Use (Historical Data Migration)
0,Equipment Failure,Engineering and Planning,Alberta,TransCanada Keystone Pipeline GP Ltd.,Not Applicable,Not Applicable,Unknown,0.0,2011,52.29321,-111.09081,Level I,10 or fewer dwelling units,Unknown Land Use (Historical Data Migration)
0,Equipment Failure,Maintenance,Saskatchewan,Foothills Pipe Lines (Saskatchewan) Ltd.,Natural Gas - Sweet,Gas,Unknown,2.0,2011,49.017155,-107.831853,Level I,10 or fewer dwelling units,Unknown Land Use (Historical Data Migration)
0,Defect and Deterioration,Maintenance,New Brunswick,Maritimes & Northeast Pipeline Management Ltd.,Natural Gas - Sweet,Gas,Unknown,0.0,2011,45.88657778,-66.5511694,Level I,46 or more dwelling units,Unknown Land Use (Historical Data Migration)
0,Other Causes,Maintenance,New Brunswick,Maritimes & Northeast Pipeline Management Ltd.,Natural Gas - Sweet,Gas,Unknown,0.0,2011,46.11307222,-64.7157694,Level I,Unknown Population Density (Historical Data Migration),Unknown Land Use (Historical Data Migration)
0,Equipment Failure,"Maintenance, Standards and Procedures",Alberta,TransCanada Keystone Pipeline GP Ltd.,Not Applicable,Not Applicable,Unknown,0.0,2011,52.29334,-111.09092,Level I,Unknown Population Density (Historical Data Migration),Unknown Land Use (Historical Data Migration)
0,Corrosion and Cracking,Standards and Procedures,Ontario,TransCanada PipeLines Limited,Natural Gas - Sweet,Gas,Unknown,0.0,2011,46.37977,-79.46897,Level I,Unknown Population Density (Historical Data Migration),Unknown Land Use (Historical Data Migration)
0,Equipment Failure,Maintenance,New Brunswick,Maritimes & Northeast Pipeline Management Ltd.,Natural Gas - Sweet,Gas,Unknown,0.0,2011,45.887,-66.551169,Level I,Unknown Population Density (Historical Data Migration),Unknown Land Use (Historical Data Migration)
1,Corrosion and Cracking,Maintenance,Ontario,TransCanada PipeLines Limited,Natural Gas - Sweet,Gas,Unknown,2790000.0,2011,49.58894444,-87.9718889,Level III,Unknown Population Density (Historical Data Migration),Unknown Land Use (Historical Data Migration)
0,Equipment Failure,Engineering and Planning,Alberta,NOVA Gas Transmission Ltd.,Natural Gas - Sweet,Gas,Unknown,0.0,2011,58.44721,-119.22429,Level I,Unknown Population Density (Historical Data Migration),Unknown Land Use (Historical Data Migration)
0,"Equipment Failure, External Interference",Maintenance,Manitoba,TransCanada Keystone Pipeline GP Ltd.,Not Applicable,Not Applicable,Unknown,0.0,2011,50.0749,-100.00047,Level I,Unknown Population Density (Historical Data Migration),Unknown Land Use (Historical Data Migration)
0,Defect and Deterioration,Maintenance,Alberta,NOVA Gas Transmission Ltd.,Natural Gas - Sweet,Gas,Unknown,0.0,2011,54.46884,-113.21624,Level I,Unknown Population Density (Historical Data Migration),Unknown Land Use (Historical Data Migration)
0,External Interference,Tools and Equipment,Ontario,Trans-Northern Pipelines Inc.,Not Applicable,Not Applicable,Unknown,0.0,2011,43.768426,-79.485336,Level I,Unknown Population Density (Historical Data Migration),Unknown Land Use (Historical Data Migration)
0,Equipment Failure,"Engineering and Planning, Maintenance",Saskatchewan,TransCanada PipeLines Limited,Not Applicable,Not Applicable,Unknown,0.0,2011,50.39317,-104.40937,Level I,Unknown Population Density (Historical Data Migration),Unknown Land Use (Historical Data Migration)
0,"External Interference, Incorrect Operation",Maintenance,Alberta,NOVA Gas Transmission Ltd.,Not Applicable,Not Applicable,Unknown,0.0,2011,55.12635,-117.83833,Level I,Unknown Population Density (Historical Data Migration),Unknown Land Use (Historical Data Migration)
0,"Equipment Failure, Incorrect Operation",Engineering and Planning,Alberta,NOVA Gas Transmission Ltd.,Not Applicable,Not Applicable,Unknown,0.0,2011,57.19241,-118.19542,Level I,Unknown Population Density (Historical Data Migration),Unknown Land Use (Historical Data Migration)
0,External Interference,Engineering and Planning,Saskatchewan,Enbridge Pipelines Inc.,Not Applicable,Not Applicable,Unknown,0.0,2011,50.44344,-104.35691,Level I,Unknown Population Density (Historical Data Migration),Unknown Land Use (Historical Data Migration)
0,Corrosion and Cracking,Engineering and Planning,Alberta,NOVA Gas Transmission Ltd.,Natural Gas - Sweet,Gas,Unknown,0.0,2011,54.83012,-118.64715,Level I,Unknown Population Density (Historical Data Migration),Unknown Land Use (Historical Data Migration)
1,Incorrect Operation,"Inadequate Supervision, Maintenance, Tools and Equipment",Ontario,TransCanada PipeLines Limited,Not Applicable,Not Applicable,Unknown,0.0,2011,45.51138,-79.31036,Level I,Unknown Population Density (Historical Data Migration),Unknown Land Use (Historical Data Migration)
0,Equipment Failure,Maintenance,Alberta,NOVA Gas Transmission Ltd.,Natural Gas - Sweet,Gas,Unknown,0.0,2011,55.84448,-113.89141,Level I,Unknown Population Density (Historical Data Migration),Unknown Land Use (Historical Data Migration)
0,Defect and Deterioration,"Engineering and Planning, Maintenance",New Brunswick,Maritimes & Northeast Pipeline Management Ltd.,Natural Gas - Sweet,Gas,Unknown,0.0,2011,45.195347,-66.401993,Level I,Unknown Population Density (Historical Data Migration),Unknown Land Use (Historical Data Migration)
0,Defect and Deterioration,Maintenance,New Brunswick,Maritimes & Northeast Pipeline Management Ltd.,Natural Gas - Sweet,Gas,Unknown,0.0,2011,46.022695,-66.189817,Level I,Unknown Population Density (Historical Data Migration),Unknown Land Use (Historical Data Migration)
0,Defect and Deterioration,Maintenance,New Brunswick,Maritimes & Northeast Pipeline Management Ltd.,Natural Gas - Sweet,Gas,Unknown,0.0,2011,45.963713,-66.52814,Level I,Unknown Population Density (Historical Data Migration),Unknown Land Use (Historical Data Migration)
0,Incorrect Operation,Human Factors,Alberta,NOVA Gas Transmission Ltd.,Not Applicable,Not Applicable,Unknown,0.0,2011,55.50563,-119.56184,Level I,10 or fewer dwelling units,Unknown Land Use (Historical Data Migration)
0,Defect and Deterioration,Maintenance,Saskatchewan,TransCanada PipeLines Limited,Natural Gas - Sweet,Gas,Unknown,0.0,2011,50.28587,-102.95155,Level I,10 or fewer dwelling units,Unknown Land Use (Historical Data Migration)
0,Equipment Failure,Maintenance,New Brunswick,Maritimes & Northeast Pipeline Management Ltd.,Natural Gas - Sweet,Gas,Unknown,0.0,2011,45.129009,-66.83136,Level I,Unknown Population Density (Historical Data Migration),Unknown Land Use (Historical Data Migration)
0,Equipment Failure,Engineering and Planning,Ontario,TransCanada PipeLines Limited,Natural Gas - Sweet,Gas,Unknown,0.0,2012,49.82797,-93.63666,Level I,Unknown Population Density (Historical Data Migration),Unknown Land Use (Historical Data Migration)
0,Equipment Failure,Maintenance,New Brunswick,Maritimes & Northeast Pipeline Management Ltd.,Natural Gas - Sweet,Gas,Unknown,0.0,2012,45.895524,-66.542645,Level I,Unknown Population Density (Historical Data Migration),Unknown Land Use (Historical Data Migration)
0,"External Interference, Incorrect Operation",Inadequate Supervision,Ontario,TransCanada PipeLines Limited,Not Applicable,Not Applicable,Unknown,0.0,2012,49.29549,-88.10056,Level I,Unknown Population Density (Historical Data Migration),Unknown Land Use (Historical Data Migration)
0,Corrosion and Cracking,Maintenance,Ontario,TransCanada PipeLines Limited,Natural Gas - Sweet,Gas,Unknown,0.0,2012,47.44682,-79.76273,Level I,Unknown Population Density (Historical Data Migration),Unknown Land Use (Historical Data Migration)
0,Equipment Failure,Maintenance,Alberta,NOVA Gas Transmission Ltd.,Natural Gas - Sweet,Gas,Unknown,65.0,2012,54.64742,-112.80015,Level I,10 or fewer dwelling units,Unknown Land Use (Historical Data Migration)
0,Equipment Failure,Maintenance,Manitoba,TransCanada PipeLines Limited,Fuel Gas,Gas,Unknown,1400.0,2012,50.07461,-100.00038,Level I,10 or fewer dwelling units,Unknown Land Use (Historical Data Migration)
0,Corrosion and Cracking,Standards and Procedures,Alberta,NOVA Gas Transmission Ltd.,Natural Gas - Sweet,Gas,Unknown,0.0,2012,55.7578,-118.30145,Level I,10 or fewer dwelling units,Unknown Land Use (Historical Data Migration)
0,Other Causes,Maintenance,Alberta,Enbridge Pipelines Inc.,Not Applicable,Not Applicable,Unknown,0.0,2012,53.54727,-113.35571,Level I,Unknown Population Density (Historical Data Migration),Unknown Land Use (Historical Data Migration)
0,Defect and Deterioration,Maintenance,New Brunswick,Maritimes & Northeast Pipeline Management Ltd.,Natural Gas - Sweet,Gas,Unknown,0.0,2012,45.274038,-66.0275,Level I,Unknown Population Density (Historical Data Migration),Unknown Land Use (Historical Data Migration)
0,Incorrect Operation,Inadequate Supervision,Alberta,NOVA Gas Transmission Ltd.,Natural Gas - Sweet,Gas,Unknown,0.0,2012,55.81522,-119.36594,Level I,Unknown Population Density (Historical Data Migration),Unknown Land Use (Historical Data Migration)
0,Defect and Deterioration,Maintenance,Ontario,TransCanada PipeLines Limited,Natural Gas - Sweet,Gas,Unknown,0.0,2012,44.88671,-75.29431,Level I,Unknown Population Density (Historical Data Migration),Unknown Land Use (Historical Data Migration)
0,Equipment Failure,Maintenance,New Brunswick,Maritimes & Northeast Pipeline Management Ltd.,Natural Gas - Sweet,Gas,Unknown,0.0,2012,45.27614,-66.02945,Level I,Unknown Population Density (Historical Data Migration),Unknown Land Use (Historical Data Migration)
0,"External Interference, Incorrect Operation",Standards and Procedures,Alberta,Enbridge Pipelines Inc.,Not Applicable,Not Applicable,Unknown,0.0,2012,53.54746,-113.35569,Level I,46 or more dwelling units,Unknown Land Use (Historical Data Migration)
0,Equipment Failure,Standards and Procedures,Ontario,Trans-Northern Pipelines Inc.,Not Applicable,Not Applicable,Unknown,0.0,2012,43.693367,-79.609444,Level I,46 or more dwelling units,Unknown Land Use (Historical Data Migration)
0,Equipment Failure,Maintenance,New Brunswick,Maritimes & Northeast Pipeline Management Ltd.,Natural Gas - Sweet,Gas,Unknown,0.0,2012,45.23904,-66.1031,Level I,Unknown Population Density (Historical Data Migration),Unknown Land Use (Historical Data Migration)
0,"Equipment Failure, External Interference",Maintenance,British Columbia,"Westcoast Energy Inc., carrying on business as Spectra Energy Transmission",Not Applicable,Not Applicable,Unknown,0.0,2012,55.64991,-122.20723,Level I,10 or fewer dwelling units,Unknown Land Use (Historical Data Migration)
1,Defect and Deterioration,Maintenance,British Columbia,"Westcoast Energy Inc., carrying on business as Spectra Energy Transmission",Hydrogen Sulphide,Miscellaneous,Unknown,0.0,2012,55.56913,-121.94465,Level I,Unknown Population Density (Historical Data Migration),Unknown Land Use (Historical Data Migration)
0,Equipment Failure,Maintenance,New Brunswick,Maritimes & Northeast Pipeline Management Ltd.,Natural Gas - Sweet,Gas,Unknown,0.0,2012,45.19227,-66.40471,Level I,46 or more dwelling units,Unknown Land Use (Historical Data Migration)
0,Equipment Failure,Maintenance,Saskatchewan,TransCanada Keystone Pipeline GP Ltd.,Not Applicable,Not Applicable,Unknown,0.0,2012,50.48071,-105.86698,Level I,Unknown Population Density (Historical Data Migration),Unknown Land Use (Historical Data Migration)
0,Defect and Deterioration,Maintenance,New Brunswick,Maritimes & Northeast Pipeline Management Ltd.,Natural Gas - Sweet,Gas,Unknown,0.0,2012,45.239404,-66.102907,Level I,Unknown Population Density (Historical Data Migration),Unknown Land Use (Historical Data Migration)
0,Equipment Failure,Human Factors,Saskatchewan,Foothills Pipe Lines (Saskatchewan) Ltd.,Natural Gas - Sweet,Gas,Unknown,0.0,2012,49.98,-109.12,Level I,Unknown Population Density (Historical Data Migration),Unknown Land Use (Historical Data Migration)
0,"External Interference, Incorrect Operation","Engineering and Planning, Standards and Procedures",Ontario,Enbridge Pipelines Inc.,Natural Gas - Sweet,Gas,Unknown,0.001,2012,42.95262,-82.37435,Level I,Unknown Population Density (Historical Data Migration),Unknown Land Use (Historical Data Migration)
0,Defect and Deterioration,Maintenance,New Brunswick,Maritimes & Northeast Pipeline Management Ltd.,Natural Gas - Sweet,Gas,Unknown,0.0,2012,45.461,-66.99757,Level I,Buildings greater than 4 stories above ground,Unknown Land Use (Historical Data Migration)
0,Defect and Deterioration,"Maintenance, Standards and Procedures",Alberta,NOVA Gas Transmission Ltd.,Not Applicable,Not Applicable,Unknown,0.0,2012,52.93315,-114.88072,Level I,Unknown Population Density (Historical Data Migration),Unknown Land Use (Historical Data Migration)
0,Equipment Failure,Standards and Procedures,Alberta,TransCanada Keystone Pipeline GP Ltd.,Not Applicable,Not Applicable,Unknown,0.0,2012,52.29348,-111.09216,Level I,Unknown Population Density (Historical Data Migration),Unknown Land Use (Historical Data Migration)
0,"Defect and Deterioration, Equipment Failure","Maintenance, Standards and Procedures",Manitoba,TransCanada PipeLines Limited,Natural Gas - Sweet,Gas,Unknown,10.0,2012,50.0747,-100.00049,Level I,Unknown Population Density (Historical Data Migration),Unknown Land Use (Historical Data Migration)
0,Incorrect Operation,Engineering and Planning,Saskatchewan,Enbridge Pipelines Inc.,Not Applicable,Not Applicable,Unknown,0.0,2012,51.86536,-109.02607,Level I,Unknown Population Density (Historical Data Migration),Unknown Land Use (Historical Data Migration)
0,Equipment Failure,Maintenance,New Brunswick,Maritimes & Northeast Pipeline Management Ltd.,Natural Gas - Sweet,Gas,Unknown,5.7,2012,45.806186,-66.593942,Level I,11 to 45 dwelling units,Unknown Land Use (Historical Data Migration)
0,"External Interference, Incorrect Operation",Inadequate Supervision,Alberta,NOVA Gas Transmission Ltd.,Not Applicable,Not Applicable,Unknown,0.0,2012,53.65218,-116.09968,Level I,Unknown Population Density (Historical Data Migration),Unknown Land Use (Historical Data Migration)
0,External Interference,Standards and Procedures,Ontario,TransCanada PipeLines Limited,Not Applicable,Not Applicable,Unknown,0.0,2012,43.87374,-79.57984,Level I,Unknown Population Density (Historical Data Migration),Unknown Land Use (Historical Data Migration)
0,Defect and Deterioration,Maintenance,Manitoba,TransCanada PipeLines Limited,Natural Gas - Sweet,Gas,Unknown,0.0,2012,50.07455,-100.00074,Level I,Unknown Population Density (Historical Data Migration),Unknown Land Use (Historical Data Migration)
0,Defect and Deterioration,Engineering and Planning,Manitoba,TransCanada PipeLines Limited,Natural Gas - Sweet,Gas,Unknown,0.0,2012,50.024295,-99.454233,Level I,Unknown Population Density (Historical Data Migration),Unknown Land Use (Historical Data Migration)
0,Other Causes,Maintenance,Alberta,Enbridge Pipelines Inc.,Not Applicable,Not Applicable,Unknown,0.0,2012,53.5467,-113.35465,Level I,Unknown Population Density (Historical Data Migration),Unknown Land Use (Historical Data Migration)
0,Other Causes,Maintenance,Alberta,Enbridge Pipelines Inc.,Not Applicable,Not Applicable,Unknown,0.0,2012,53.5467,-113.35465,Level I,Unknown Population Density (Historical Data Migration),Unknown Land Use (Historical Data Migration)
0,Other Causes,Maintenance,Alberta,Enbridge Pipelines Inc.,Not Applicable,Not Applicable,Unknown,0.0,2012,53.5467,-113.35465,Level I,Unknown Population Density (Historical Data Migration),Unknown Land Use (Historical Data Migration)
0,Other Causes,Maintenance,Alberta,Enbridge Pipelines Inc.,Not Applicable,Not Applicable,Unknown,0.0,2012,53.5467,-113.35465,Level I,Unknown Population Density (Historical Data Migration),Unknown Land Use (Historical Data Migration)
0,Other Causes,Maintenance,Alberta,Enbridge Pipelines Inc.,Not Applicable,Not Applicable,Unknown,0.0,2012,53.5467,-113.35465,Level I,Unknown Population Density (Historical Data Migration),Unknown Land Use (Historical Data Migration)
0,Other Causes,Maintenance,Alberta,Enbridge Pipelines Inc.,Not Applicable,Not Applicable,Unknown,0.0,2012,53.5467,-113.35465,Level I,Unknown Population Density (Historical Data Migration),Unknown Land Use (Historical Data Migration)
0,Other Causes,Maintenance,Alberta,Enbridge Pipelines Inc.,Not Applicable,Not Applicable,Unknown,0.0,2012,53.5467,-113.35465,Level I,Unknown Population Density (Historical Data Migration),Unknown Land Use (Historical Data Migration)
0,External Interference,Maintenance,Ontario,TransCanada PipeLines Limited,Not Applicable,Not Applicable,Unknown,0.0,2013,43.87366,-79.57983,Level I,Unknown Population Density (Historical Data Migration),Unknown Land Use (Historical Data Migration)
0,Equipment Failure,Standards and Procedures,Nova Scotia,Maritimes & Northeast Pipeline Management Ltd.,Natural Gas - Sweet,Gas,Unknown,679.0,2013,45.17741,-61.6223,Level I,Unknown Population Density (Historical Data Migration),Unknown Land Use (Historical Data Migration)
0,Corrosion and Cracking,Maintenance,Ontario,TransCanada PipeLines Limited,Natural Gas - Sweet,Gas,Unknown,0.0,2013,49.789417,-92.765515,Level I,Unknown Population Density (Historical Data Migration),Unknown Land Use (Historical Data Migration)
0,Equipment Failure,Maintenance,British Columbia,"Westcoast Energy Inc., carrying on business as Spectra Energy Transmission",Condensate,Liquid,Unknown,9.1,2013,56.1442,-120.67138,Level I,46 or more dwelling units,Unknown Land Use (Historical Data Migration)
0,Equipment Failure,Maintenance,Alberta,NOVA Gas Transmission Ltd.,Natural Gas - Sweet,Gas,Unknown,0.0,2013,57.11437,-117.45693,Level I,46 or more dwelling units,Unknown Land Use (Historical Data Migration)
0,Natural Force Damage,Natural or Environmental Forces,Ontario,TransCanada PipeLines Limited,Natural Gas - Sweet,Gas,Unknown,1.0,2013,44.68344,-75.62107,Level I,Buildings greater than 4 stories above ground,Unknown Land Use (Historical Data Migration)
0,Corrosion and Cracking,Maintenance,Alberta,NOVA Gas Transmission Ltd.,Natural Gas - Sweet,Gas,Unknown,0.0,2013,53.96046,-116.46003,Level I,46 or more dwelling units,Unknown Land Use (Historical Data Migration)
1,Incorrect Operation,Human Factors,British Columbia,"Westcoast Energy Inc., carrying on business as Spectra Energy Transmission",Not Applicable,Not Applicable,Processing,0.0,2013,59.20188,-121.600162,Level II,Unknown Population Density (Historical Data Migration),Unknown Land Use (Historical Data Migration)
0,Equipment Failure,Standards and Procedures,Nova Scotia,Maritimes & Northeast Pipeline Management Ltd.,Natural Gas - Sweet,Gas,Unknown,1000.0,2013,44.375026,-65.031085,Level I,Unknown Population Density (Historical Data Migration),Unknown Land Use (Historical Data Migration)
0,Defect and Deterioration,Engineering and Planning,Alberta,NOVA Gas Transmission Ltd.,Natural Gas - Sweet,Gas,Unknown,0.0,2013,55.29782,-113.69498,Level I,10 or fewer dwelling units,Unknown Land Use (Historical Data Migration)
1,Incorrect Operation,"Engineering and Planning, Maintenance",British Columbia,"Westcoast Energy Inc., carrying on business as Spectra Energy Transmission",Natural Gas - Sour,Gas,Unknown,20500.0,2013,58.653246,-122.684823,Level I,Unknown Population Density (Historical Data Migration),Unknown Land Use (Historical Data Migration)
0,Equipment Failure,"Engineering and Planning, Inadequate Procurement",New Brunswick,Maritimes & Northeast Pipeline Management Ltd.,Natural Gas - Sweet,Gas,Unknown,0.0001,2013,45.9627,-66.6432,Level I,Unknown Population Density (Historical Data Migration),Unknown Land Use (Historical Data Migration)
0,"Corrosion and Cracking, Incorrect Operation","Engineering and Planning, Maintenance",Manitoba,TransCanada PipeLines Limited,Lube Oil,Liquid,Unknown,1.9,2013,49.720115,-96.983862,Level I,Unknown Population Density (Historical Data Migration),Unknown Land Use (Historical Data Migration)
0,Equipment Failure,Maintenance,Saskatchewan,Enbridge Pipelines Inc.,Natural Gas Liquids,Gas,Unknown,0.0,2013,51.865344,-109.026045,Level I,Unknown Population Density (Historical Data Migration),Unknown Land Use (Historical Data Migration)
0,Defect and Deterioration,Engineering and Planning,Alberta,NOVA Gas Transmission Ltd.,Natural Gas - Sweet,Gas,Unknown,0.0,2013,49.634728,-112.476416,Level I,Unknown Population Density (Historical Data Migration),Unknown Land Use (Historical Data Migration)
0,Incorrect Operation,Standards and Procedures,British Columbia,"Westcoast Energy Inc., carrying on business as Spectra Energy Transmission",Not Applicable,Not Applicable,Unknown,0.0,2013,56.943843,-122.074441,Level I,Unknown Population Density (Historical Data Migration),Unknown Land Use (Historical Data Migration)
0,To be determined,To be determined,Alberta,Kinder Morgan Cochin ULC,Not Applicable,Not Applicable,Unknown,0.0,2013,53.499634,-112.081524,Level I,Unknown Population Density (Historical Data Migration),Unknown Land Use (Historical Data Migration)
0,Incorrect Operation,"Human Factors, Standards and Procedures",Saskatchewan,Enbridge Pipelines Inc.,Natural Gas Liquids,Gas,Unknown,0.0001,2013,51.865344,-109.026045,Level I,Unknown Population Density (Historical Data Migration),Unknown Land Use (Historical Data Migration)
0,"Equipment Failure, External Interference",Maintenance,Manitoba,Enbridge Pipelines Inc.,Natural Gas Liquids,Gas,Unknown,0.0,2013,49.753998,-101.238688,Level I,Unknown Population Density (Historical Data Migration),Developed Land - Industrial
0,Equipment Failure,Maintenance,Saskatchewan,Enbridge Pipelines Inc.,Natural Gas Liquids,Gas,Unknown,0.0001,2013,51.865344,-109.026045,Level I,Unknown Population Density (Historical Data Migration),Unknown Land Use (Historical Data Migration)
0,To be determined,To be determined,Alberta,NOVA Gas Transmission Ltd.,Not Applicable,Not Applicable,Unknown,0.0,2013,49.78485,-112.15107,Level I,10 or fewer dwelling units,Unknown Land Use (Historical Data Migration)
0,Defect and Deterioration,Maintenance,New Brunswick,Maritimes & Northeast Pipeline Management Ltd.,Natural Gas - Sweet,Gas,Unknown,0.0,2013,45.27405,-66.02748,Level I,Unknown Population Density (Historical Data Migration),Unknown Land Use (Historical Data Migration)
0,External Interference,Natural or Environmental Forces,British Columbia,"Westcoast Energy Inc., carrying on business as Spectra Energy Transmission",Not Applicable,Not Applicable,Unknown,0.0,2013,56.146303,-120.669169,Level I,Unknown Population Density (Historical Data Migration),Unknown Land Use (Historical Data Migration)
0,External Interference,Engineering and Planning,Manitoba,Enbridge Pipelines Inc.,Not Applicable,Not Applicable,Unknown,0.0,2013,49.753998,-101.238688,Level I,11 to 45 dwelling units,Unknown Land Use (Historical Data Migration)
0,"Defect and Deterioration, External Interference",Maintenance,British Columbia,"Westcoast Energy Inc., carrying on business as Spectra Energy Transmission",Not Applicable,Not Applicable,Unknown,0.0,2013,55.569092,-121.944662,Level I,Unknown Population Density (Historical Data Migration),Unknown Land Use (Historical Data Migration)
0,External Interference,Engineering and Planning,Saskatchewan,Enbridge Pipelines Inc.,Not Applicable,Not Applicable,Unknown,0.0,2013,49.753998,-101.238688,Level I,11 to 45 dwelling units,Unknown Land Use (Historical Data Migration)
0,External Interference,Engineering and Planning,Saskatchewan,Enbridge Pipelines Inc.,Not Applicable,Not Applicable,Unknown,0.0,2013,49.753998,-101.238688,Level I,11 to 45 dwelling units,Unknown Land Use (Historical Data Migration)
0,External Interference,Engineering and Planning,Saskatchewan,Enbridge Pipelines Inc.,Not Applicable,Not Applicable,Unknown,0.0,2013,49.753998,-101.238688,Level I,11 to 45 dwelling units,Unknown Land Use (Historical Data Migration)
0,External Interference,Engineering and Planning,Saskatchewan,Enbridge Pipelines Inc.,Not Applicable,Not Applicable,Unknown,0.0,2013,49.753998,-101.238688,Level I,11 to 45 dwelling units,Unknown Land Use (Historical Data Migration)
0,External Interference,Engineering and Planning,Saskatchewan,Enbridge Pipelines Inc.,Not Applicable,Not Applicable,Unknown,0.0,2013,49.753998,-101.238688,Level I,11 to 45 dwelling units,Unknown Land Use (Historical Data Migration)
0,External Interference,Engineering and Planning,Quebec,Trans-Northern Pipelines Inc.,Not Applicable,Not Applicable,Unknown,0.0,2013,45.625321,-73.537743,Level I,Unknown Population Density (Historical Data Migration),Unknown Land Use (Historical Data Migration)
0,External Interference,Engineering and Planning,Quebec,Trans-Northern Pipelines Inc.,Not Applicable,Not Applicable,Unknown,0.0,2013,45.625321,-73.537743,Level I,Unknown Population Density (Historical Data Migration),Unknown Land Use (Historical Data Migration)
0,Equipment Failure,Maintenance,New Brunswick,Maritimes & Northeast Pipeline Management Ltd.,Natural Gas - Sweet,Gas,Unknown,0.0,2014,46.112702,-64.714397,Level I,Unknown Population Density (Historical Data Migration),Unknown Land Use (Historical Data Migration)
1,Corrosion and Cracking,Maintenance,British Columbia,"Westcoast Energy Inc., carrying on business as Spectra Energy Transmission",Hydrogen Sulphide,Miscellaneous,Unknown,0.3,2014,55.569092,-121.944662,Level I,Unknown Population Density (Historical Data Migration),Unknown Land Use (Historical Data Migration)
0,Equipment Failure,Maintenance,Manitoba,TransCanada PipeLines Limited,Lube Oil,Liquid,Unknown,2.0,2014,49.716512,-96.976655,Level I,Unknown Population Density (Historical Data Migration),Unknown Land Use (Historical Data Migration)
0,Incorrect Operation,Standards and Procedures,British Columbia,"Westcoast Energy Inc., carrying on business as Spectra Energy Transmission",Propane,Gas,Unknown,1.78,2014,55.793058,-120.52672,Level I,Unknown Population Density (Historical Data Migration),Unknown Land Use (Historical Data Migration)
0,"External Interference, Incorrect Operation",Standards and Procedures,Alberta,NOVA Gas Transmission Ltd.,Natural Gas - Sweet,Gas,Transmission,1.0,2014,51.911918,-113.664358,Level I,10 or fewer dwelling units,Unknown Land Use (Historical Data Migration)
0,Defect and Deterioration,"Engineering and Planning, Human Factors, Maintenance, Standards and Procedures",Alberta,Enbridge Pipelines Inc.,Not Applicable,Not Applicable,Unknown,0.0,2014,53.5474,-113.35582,Level I,Unknown Population Density (Historical Data Migration),Unknown Land Use (Historical Data Migration)
0,Incorrect Operation,"Maintenance, Standards and Procedures",British Columbia,"Westcoast Energy Inc., carrying on business as Spectra Energy Transmission",Natural Gas - Sweet,Gas,Unknown,190.0,2014,58.653246,-122.684823,Level I,Unknown Population Density (Historical Data Migration),Unknown Land Use (Historical Data Migration)
0,"External Interference, Incorrect Operation",Standards and Procedures,Northwest Territories,Enbridge Pipelines (NW) Inc.,Natural Gas - Sweet,Gas,Unknown,0.0001,2014,65.286034,-126.887048,Level I,Unknown Population Density (Historical Data Migration),Unknown Land Use (Historical Data Migration)
0,Defect and Deterioration,Maintenance,New Brunswick,Maritimes & Northeast Pipeline Management Ltd.,Natural Gas - Sweet,Gas,Unknown,2.0,2014,45.273315,-66.063308,Level I,Unknown Population Density (Historical Data Migration),Unknown Land Use (Historical Data Migration)
0,"Defect and Deterioration, External Interference","Engineering and Planning, Maintenance",British Columbia,"Westcoast Energy Inc., carrying on business as Spectra Energy Transmission",Not Applicable,Not Applicable,Unknown,0.0,2014,55.93969,-120.16184,Level I,Unknown Population Density (Historical Data Migration),Unknown Land Use (Historical Data Migration)
0,To be determined,To be determined,Ontario,TransCanada PipeLines Limited,Natural Gas - Sweet,Gas,Unknown,0.0,2014,43.873742,-79.579834,Level I,Buildings greater than 4 stories above ground,Unknown Land Use (Historical Data Migration)
0,"Equipment Failure, Incorrect Operation","Engineering and Planning, Maintenance",British Columbia,"Westcoast Energy Inc., carrying on business as Spectra Energy Transmission",Sulphur,Miscellaneous,Unknown,63.0,2014,55.569092,-121.944662,Level I,Unknown Population Density (Historical Data Migration),Developed Land - Industrial
0,Defect and Deterioration,Maintenance,Alberta,Enbridge Pipelines Inc.,Not Applicable,Not Applicable,Unknown,0.0,2014,53.547403,-113.355714,Level I,Unknown Population Density (Historical Data Migration),Unknown Land Use (Historical Data Migration)
0,"Equipment Failure, Incorrect Operation","Inadequate Supervision, Maintenance",Alberta,Enbridge Pipelines Inc.,Natural Gas Liquids,Gas,Unknown,0.0001,2014,53.547403,-113.355714,Level I,Unknown Population Density (Historical Data Migration),Unknown Land Use (Historical Data Migration)
0,Corrosion and Cracking,"Engineering and Planning, Maintenance",British Columbia,"Westcoast Energy Inc., carrying on business as Spectra Energy Transmission",Sulphur,Miscellaneous,Unknown,8.25,2014,55.56909171,-121.94466164,Level I,Unknown Population Density (Historical Data Migration),Unknown Land Use (Historical Data Migration)
1,Incorrect Operation,"Human Factors, Inadequate Supervision, Standards and Procedures",British Columbia,"Westcoast Energy Inc., carrying on business as Spectra Energy Transmission",Not Applicable,Not Applicable,Processing,0.0,2014,56.146303,-120.669169,Level III,Buildings greater than 4 stories above ground,Unknown Land Use (Historical Data Migration)
0,Equipment Failure,Maintenance,Alberta,NOVA Gas Transmission Ltd.,Not Applicable,Not Applicable,Unknown,0.0,2014,57.191516,-118.194326,Level I,Unknown Population Density (Historical Data Migration),Unknown Land Use (Historical Data Migration)
0,To be determined,To be determined,British Columbia,"Westcoast Energy Inc., carrying on business as Spectra Energy Transmission",Sulphur,Miscellaneous,Unknown,0.0,2014,55.569092,-121.944662,Level I,Unknown Population Density (Historical Data Migration),Unknown Land Use (Historical Data Migration)
0,Incorrect Operation,Inadequate Procurement,New Brunswick,Maritimes & Northeast Pipeline Management Ltd.,Natural Gas - Sweet,Gas,Unknown,0.3,2014,45.461,-66.99757,Level I,Buildings greater than 4 stories above ground,Unknown Land Use (Historical Data Migration)
0,External Interference,Engineering and Planning,Ontario,Trans-Northern Pipelines Inc.,Not Applicable,Not Applicable,Unknown,0.0,2014,43.69319,-79.60875,Level I,Unknown Population Density (Historical Data Migration),Unknown Land Use (Historical Data Migration)
0,"Corrosion and Cracking, Incorrect Operation",Maintenance,British Columbia,"Westcoast Energy Inc., carrying on business as Spectra Energy Transmission",Sulphur,Miscellaneous,Unknown,0.382,2014,55.5724,-121.9442,Level I,10 or fewer dwelling units,Unknown Land Use (Historical Data Migration)
1,Incorrect Operation,"Human Factors, Standards and Procedures",Alberta,Enbridge Pipelines Inc.,Not Applicable,Not Applicable,Transmission,0.0,2014,53.00696,-112.82689,Level II,Unknown Population Density (Historical Data Migration),Unknown Land Use (Historical Data Migration)
0,"Defect and Deterioration, Incorrect Operation",Standards and Procedures,British Columbia,"Westcoast Energy Inc., carrying on business as Spectra Energy Transmission",Natural Gas - Sweet,Gas,Unknown,0.0,2014,55.56909171,-121.94466164,Level I,10 or fewer dwelling units,Unknown Land Use (Historical Data Migration)
0,"External Interference, Incorrect Operation, Other Causes",Human Factors,Northwest Territories,Enbridge Pipelines (NW) Inc.,Not Applicable,Not Applicable,Unknown,0.0,2014,61.86168,-121.34796,Level I,Unknown Population Density (Historical Data Migration),Unknown Land Use (Historical Data Migration)
0,Incorrect Operation,"Failure in communication, Human Factors, Inadequate Supervision",Alberta,Pembina Energy Services Inc.,Not Applicable,Not Applicable,Transmission,0.0,2015,55.786645,-118.9348,Level I,10 or fewer dwelling units,Developed Land - Industrial
0,External Interference,Maintenance,British Columbia,"Westcoast Energy Inc., carrying on business as Spectra Energy Transmission",Water,Miscellaneous,Processing,268.0,2015,56.1463,-120.66917,Level I,46 or more dwelling units,Developed Land - Industrial
1,Incorrect Operation,Standards and Procedures,Alberta,Trans Mountain Pipeline ULC,Not Applicable,Not Applicable,Transmission,0.0,2015,53.010185,-118.100442,Level I,10 or fewer dwelling units,Forests
0,"External Interference, Incorrect Operation",Human Factors,British Columbia,"Westcoast Energy Inc., carrying on business as Spectra Energy Transmission",Amine,Miscellaneous,Processing,2.5,2015,56.14630285,-120.66916931,Level I,10 or fewer dwelling units,Developed Land - Industrial
0,"External Interference, Incorrect Operation",Tools and Equipment,Ontario,Plains Midstream Canada ULC,Mixed HVP Hydrocarbons,Gas,Transmission,1.82,2015,42.469356,-82.369772,Level I,10 or fewer dwelling units,Developed Land - Industrial
1,"Corrosion and Cracking, External Interference",Maintenance,Alberta,NOVA Gas Transmission Ltd.,Natural Gas - Sweet,Gas,Transmission,41380.0,2015,54.69512814,-110.72729395,Level I,10 or fewer dwelling units,Developed Land - Industrial
0,"Corrosion and Cracking, Defect and Deterioration",Engineering and Planning,Alberta,NOVA Gas Transmission Ltd.,Natural Gas - Sweet,Gas,Transmission,0.1,2015,55.81518,-119.36579,Level I,10 or fewer dwelling units,Shrub Land
0,Equipment Failure,Maintenance,New Brunswick,Maritimes & Northeast Pipeline Management Ltd.,Natural Gas - Sweet,Gas,Transmission,10374.0,2015,46.16167,-65.34959,Level I,10 or fewer dwelling units,Forests
0,External Interference,"Engineering and Planning, Human Factors, Maintenance, Standards and Procedures",British Columbia,"Westcoast Energy Inc., carrying on business as Spectra Energy Transmission",Butane,Gas,Processing,262.0,2015,56.146,-120.671,Level II,46 or more dwelling units,Developed Land - Industrial
0,Incorrect Operation,Human Factors,Saskatchewan,Enbridge Pipelines Inc.,Not Applicable,Not Applicable,Transmission,0.0,2015,51.586,-107.959,Level II,10 or fewer dwelling units,Agricultural Cropland
0,External Interference,Standards and Procedures,Manitoba,Enbridge Pipelines Inc.,Not Applicable,Not Applicable,Transmission,0.0,2015,49.538348,-99.289286,Level I,10 or fewer dwelling units,Developed Land - Industrial
0,Equipment Failure,Maintenance,British Columbia,"Westcoast Energy Inc., carrying on business as Spectra Energy Transmission",Natural Gas - Sweet,Gas,Transmission,1.0,2015,52.640194,-122.447333,Level I,10 or fewer dwelling units,Forests
0,"Corrosion and Cracking, Incorrect Operation",Engineering and Planning,Ontario,TransCanada PipeLines Limited,Natural Gas - Sweet,Gas,Transmission,0.1,2015,49.78942,-92.76552,Level I,11 to 45 dwelling units,Developed Land - Industrial
1,"Incorrect Operation, Natural Force Damage","Engineering and Planning, Natural or Environmental Forces",Alberta,NOVA Gas Transmission Ltd.,Natural Gas - Sweet,Gas,Transmission,3400000.0,2015,50.16626,-110.59318,Level II,10 or fewer dwelling units,Shrub Land
0,External Interference,Inadequate Supervision,Alberta,Enbridge Pipelines Inc.,Not Applicable,Not Applicable,Transmission,0.0,2015,53.537622,-113.368289,Level I,10 or fewer dwelling units,Tundra / Native Prairie / Parks
0,External Interference,"Engineering and Planning, Standards and Procedures",Alberta,Enbridge Pipelines Inc.,Not Applicable,Not Applicable,Transmission,0.0,2015,53.551922,-113.351563,Level I,46 or more dwelling units,Developed Land - Industrial
0,"Equipment Failure, External Interference","Human Factors, Maintenance",Alberta,NOVA Gas Transmission Ltd.,Natural Gas - Sweet,Gas,Transmission,1.22,2015,54.830122,-118.645459,Level I,10 or fewer dwelling units,Forests
0,"External Interference, Incorrect Operation","Engineering and Planning, Failure in communication, Human Factors, Inadequate Supervision, Standards and Procedures",Saskatchewan,Plains Midstream Canada ULC,Crude Oil - Sweet,Liquid,Transmission,4.0,2015,50.481964,-104.568289,Level I,46 or more dwelling units,Developed Land - Industrial
0,Defect and Deterioration,Maintenance,Alberta,NOVA Gas Transmission Ltd.,Natural Gas - Sweet,Gas,Transmission,1.0,2015,57.3426,-111.74337,Level I,10 or fewer dwelling units,Forests
0,Corrosion and Cracking,"Engineering and Planning, Failure in communication, Human Factors, Inadequate Supervision, Maintenance, Standards and Procedures",British Columbia,"Westcoast Energy Inc., carrying on business as Spectra Energy Transmission",Potassium Carbonate,Miscellaneous,Processing,3.527,2015,58.655,-122.6899,Level I,10 or fewer dwelling units,Developed Land - Industrial
1,External Interference,Engineering and Planning,Alberta,NOVA Gas Transmission Ltd.,Not Applicable,Not Applicable,Transmission,0.0,2015,57.340222,-111.677683,Level I,10 or fewer dwelling units,Water / Wetlands
0,External Interference,"Failure in communication, Standards and Procedures",Manitoba,Enbridge Pipelines Inc.,Not Applicable,Not Applicable,Transmission,0.0,2015,49.015601,-97.554021,Level I,10 or fewer dwelling units,Agricultural Cropland
0,Corrosion and Cracking,Maintenance,Alberta,NOVA Gas Transmission Ltd.,Natural Gas - Sweet,Gas,Transmission,14075.0,2015,52.61406,-110.96464,Level I,10 or fewer dwelling units,Agricultural Cropland
1,External Interference,Engineering and Planning,Alberta,NOVA Gas Transmission Ltd.,Not Applicable,Not Applicable,Transmission,0.0,2015,57.34,-111.68,Level I,10 or fewer dwelling units,Water / Wetlands
1,External Interference,Engineering and Planning,Alberta,NOVA Gas Transmission Ltd.,Not Applicable,Not Applicable,Transmission,0.0,2015,57.3,-111.68,Level I,10 or fewer dwelling units,Water / Wetlands
1,"External Interference, Natural Force Damage",Engineering and Planning,Alberta,NOVA Gas Transmission Ltd.,Not Applicable,Not Applicable,Transmission,0.0,2015,57.3,-111.68,Level I,10 or fewer dwelling units,Water / Wetlands
1,Incorrect Operation,Standards and Procedures,British Columbia,"Westcoast Energy Inc., carrying on business as Spectra Energy Transmission",Hydrogen Sulphide,Miscellaneous,Processing,770.0,2015,55.56909171,-121.94466164,Level I,10 or fewer dwelling units,Developed Land - Industrial
1,Equipment Failure,Maintenance,British Columbia,"Westcoast Energy Inc., carrying on business as Spectra Energy Transmission",Natural Gas - Sour,Gas,Gathering,0.001,2015,56.393465,-121.3719,Level I,10 or fewer dwelling units,Developed Land - Industrial
0,Incorrect Operation,"Failure in communication, Human Factors, Standards and Procedures",British Columbia,"Westcoast Energy Inc., carrying on business as Spectra Energy Transmission",Sulphur,Miscellaneous,Processing,58.0,2015,58.66,-122.69,Level I,10 or fewer dwelling units,Developed Land - Industrial
0,"External Interference, Incorrect Operation","Maintenance, Standards and Procedures",British Columbia,"Westcoast Energy Inc., carrying on business as Spectra Energy Transmission",Sulphur,Miscellaneous,Processing,0.075,2015,55.56909171,-121.94466164,Level I,10 or fewer dwelling units,Developed Land - Industrial
0,External Interference,"Human Factors, Standards and Procedures, Tools and Equipment",British Columbia,"Westcoast Energy Inc., carrying on business as Spectra Energy Transmission",Natural Gas - Sweet,Gas,Transmission,260.0,2016,55.85011511,-121.234982,Level I,10 or fewer dwelling units,Developed Land - Industrial
0,Incorrect Operation,Tools and Equipment,Alberta,NOVA Gas Transmission Ltd.,Not Applicable,Not Applicable,Transmission,0.0,2016,57.18901,-118.1927,Level I,10 or fewer dwelling units,Forests
1,Corrosion and Cracking,Engineering and Planning,British Columbia,"Westcoast Energy Inc., carrying on business as Spectra Energy Transmission",Natural Gas - Sour,Gas,Gathering,39.7,2016,56.14410425,-120.404,Level I,10 or fewer dwelling units,Developed Land - Industrial
0,External Interference,Natural or Environmental Forces,Ontario,TransCanada PipeLines Limited,Not Applicable,Not Applicable,Transmission,0.0,2016,49.763023,-84.918336,Level I,10 or fewer dwelling units,Forests
0,External Interference,Engineering and Planning,Saskatchewan,Enbridge Pipelines Inc.,Not Applicable,Not Applicable,Transmission,0.0,2016,50.445,-104.618,Level I,46 or more dwelling units,Developed Land - Industrial
0,Incorrect Operation,Human Factors,Ontario,Niagara Gas Transmission Limited,Not Applicable,Not Applicable,Transmission,0.0,2016,44.99889836,-74.74072784,Level I,46 or more dwelling units,Developed Land - Commercial
0,Defect and Deterioration,"Engineering and Planning, Failure in communication, Maintenance",Ontario,TransCanada PipeLines Limited,Not Applicable,Not Applicable,Transmission,0.0,2016,45.74530152,-77.10493802,Level I,10 or fewer dwelling units,Agricultural Cropland
1,Equipment Failure,"Maintenance, Tools and Equipment",British Columbia,"Westcoast Energy Inc., carrying on business as Spectra Energy Transmission",Natural Gas - Sour,Gas,Gathering,1.0,2016,57.2213,-120.3812,Level I,10 or fewer dwelling units,Forests
0,Natural Force Damage,Natural or Environmental Forces,Alberta,NOVA Gas Transmission Ltd.,Not Applicable,Not Applicable,Transmission,0.0,2016,58.476598,-118.571115,Level I,10 or fewer dwelling units,Water / Wetlands
0,"Equipment Failure, External Interference","Maintenance, Natural or Environmental Forces",Alberta,NOVA Gas Transmission Ltd.,Not Applicable,Not Applicable,Transmission,0.0,2016,53.48753071,-116.46394145,Level I,10 or fewer dwelling units,Developed Land - Industrial
0,External Interference,Natural or Environmental Forces,British Columbia,"Westcoast Energy Inc., carrying on business as Spectra Energy Transmission",Not Applicable,Not Applicable,Gathering,0.0,2016,55.39809164,-121.74109765,Level I,10 or fewer dwelling units,Forests
0,External Interference,Natural or Environmental Forces,British Columbia,"Westcoast Energy Inc., carrying on business as Spectra Energy Transmission",Not Applicable,Not Applicable,Gathering,0.0,2016,55.39808677,-121.74217224,Level I,10 or fewer dwelling units,Forests
0,External Interference,Natural or Environmental Forces,British Columbia,"Westcoast Energy Inc., carrying on business as Spectra Energy Transmission",Not Applicable,Not Applicable,Gathering,0.0,2016,55.39809164,-121.74109765,Level I,10 or fewer dwelling units,Forests
0,External Interference,Natural or Environmental Forces,British Columbia,"Westcoast Energy Inc., carrying on business as Spectra Energy Transmission",Not Applicable,Not Applicable,Transmission,0.0,2016,55.61586461,-121.87386376,Level I,10 or fewer dwelling units,Forests
0,"Equipment Failure, External Interference, Incorrect Operation",Tools and Equipment,Alberta,NOVA Gas Transmission Ltd.,Not Applicable,Not Applicable,Transmission,0.0,2016,49.3064,-114.0392,Level I,10 or fewer dwelling units,Developed Land - Industrial
0,Natural Force Damage,Natural or Environmental Forces,British Columbia,Trans Mountain Pipeline ULC,Not Applicable,Not Applicable,Transmission,0.0,2020,49.2174,-121.6916,Not Emergency,10 or fewer dwelling units,Water / Wetlands
0,"External Interference, Incorrect Operation","Failure in communication, Tools and Equipment",Ontario,Trans-Northern Pipelines Inc.,Not Applicable,Not Applicable,Transmission,0.0,2020,42.84112307,-80.05650685,Not Emergency,10 or fewer dwelling units,Developed Land - Industrial
0,Natural Force Damage,Natural or Environmental Forces,Alberta,NOVA Gas Transmission Ltd.,Not Applicable,Not Applicable,Transmission,0.0,2020,54.58569,-114.07706,Not Emergency,10 or fewer dwelling units,Agricultural Cropland
0,Natural Force Damage,Natural or Environmental Forces,British Columbia,Trans Mountain Pipeline ULC,Not Applicable,Not Applicable,Transmission,0.0,2020,50.48034,-120.37324,Not Emergency,10 or fewer dwelling units,Water / Wetlands
0,"External Interference, Incorrect Operation","Maintenance, Natural or Environmental Forces",British Columbia,Trans Mountain Pipeline ULC,Not Applicable,Not Applicable,Transmission,0.0,2020,50.66260932,-120.41416339,Not Emergency,10 or fewer dwelling units,Shrub Land
0,External Interference,Natural or Environmental Forces,Alberta,TransCanada Keystone Pipeline GP Ltd.,Not Applicable,Not Applicable,Transmission,0.0,2020,51.68001,-110.545265,Not Emergency,10 or fewer dwelling units,Tundra / Native Prairie / Parks
0,Natural Force Damage,Natural or Environmental Forces,Ontario,TransCanada PipeLines Limited,Not Applicable,Not Applicable,Transmission,0.0,2020,49.797622,-85.80746077,Not Emergency,10 or fewer dwelling units,Forests
0,"External Interference, Incorrect Operation",Human Factors,British Columbia,Trans Mountain Pipeline ULC,Not Applicable,Not Applicable,Transmission,0.0,2020,49.26848937,-122.93134198,Not Emergency,11 to 45 dwelling units,Barren Land
0,"Defect and Deterioration, Natural Force Damage",Natural or Environmental Forces,Ontario,TransCanada PipeLines Limited,Not Applicable,Not Applicable,Transmission,0.0,2020,43.343821,-79.854133,Not Emergency,11 to 45 dwelling units,Forests
0,Natural Force Damage,Natural or Environmental Forces,Manitoba,TransCanada PipeLines Limited,Not Applicable,Not Applicable,Transmission,0.0,2020,49.643056,-95.501667,Not Emergency,11 to 45 dwelling units,Developed Land - Residential
0,"Equipment Failure, Incorrect Operation","Engineering and Planning, Maintenance",Alberta,NOVA Gas Transmission Ltd.,Not Applicable,Not Applicable,Transmission,0.0,2020,57.19151585,-118.19432583,Not Emergency,10 or fewer dwelling units,Developed Land - Industrial
0,External Interference,Maintenance,Alberta,NOVA Gas Transmission Ltd.,Not Applicable,Not Applicable,Transmission,0.0,2020,53.38098,-115.61765,Not Emergency,10 or fewer dwelling units,Forests
0,Natural Force Damage,Natural or Environmental Forces,Alberta,NOVA Gas Transmission Ltd.,Not Applicable,Not Applicable,Transmission,0.0,2020,55.6115514,-117.663756,Not Emergency,10 or fewer dwelling units,Water / Wetlands
1,"External Interference, Incorrect Operation",Natural or Environmental Forces,Alberta,NOVA Gas Transmission Ltd.,Not Applicable,Not Applicable,Transmission,0.0,2020,49.63510234,-114.58541312,Not Emergency,10 or fewer dwelling units,Forests
0,Natural Force Damage,Natural or Environmental Forces,Ontario,TransCanada PipeLines Limited,Not Applicable,Not Applicable,Transmission,0.0,2020,49.768798,-85.2189,Not Emergency,10 or fewer dwelling units,Forests
0,Natural Force Damage,Natural or Environmental Forces,British Columbia,"Westcoast Energy Inc., carrying on business as Spectra Energy Transmission",Not Applicable,Not Applicable,Transmission,0.0,2020,55.88363892,-120.21457605,Not Emergency,10 or fewer dwelling units,Water / Wetlands
0,Equipment Failure,Maintenance,New Brunswick,Twin Rivers Paper Company Inc.,Water,Miscellaneous,Distribution,1.5,2020,47.361406,-68.328498,Not Emergency,10 or fewer dwelling units,Developed Land - Industrial
0,Natural Force Damage,Natural or Environmental Forces,British Columbia,"Westcoast Energy Inc., carrying on business as Spectra Energy Transmission",Not Applicable,Not Applicable,Transmission,0.0,2020,50.85966001,-120.9615197,Not Emergency,10 or fewer dwelling units,Water / Wetlands
0,External Interference,"Maintenance, Tools and Equipment",Ontario,Enbridge Pipelines Inc.,Not Applicable,Not Applicable,Transmission,0.0,2020,43.32856593,-80.09097967,Not Emergency,10 or fewer dwelling units,Developed Land - Industrial
0,"External Interference, Incorrect Operation","Human Factors, Maintenance",Alberta,NOVA Gas Transmission Ltd.,Not Applicable,Not Applicable,Transmission,0.0,2020,56.48610421,-114.11750799,Not Emergency,10 or fewer dwelling units,Forests
0,"Equipment Failure, External Interference",Maintenance,British Columbia,Trans Mountain Pipeline ULC,Not Applicable,Not Applicable,Gathering,0.0,2020,49.26848937,-122.93134198,Not Emergency,11 to 45 dwelling units,Barren Land
0,Natural Force Damage,Natural or Environmental Forces,Ontario,TransCanada PipeLines Limited,Not Applicable,Not Applicable,Transmission,0.0,2020,46.87656,-79.81508,Not Emergency,10 or fewer dwelling units,Forests
0,Equipment Failure,"Failure in communication, Maintenance",Alberta,NOVA Gas Transmission Ltd.,Not Applicable,Not Applicable,Transmission,0.0,2020,54.48310727,-118.09993252,Not Emergency,10 or fewer dwelling units,Forests
0,Incorrect Operation,"Human Factors, Inadequate Supervision",Alberta,NOVA Gas Transmission Ltd.,Lube Oil,Liquid,Transmission,11.0,2020,56.48610421,-114.11750799,Not Emergency,10 or fewer dwelling units,Forests
1,Incorrect Operation,Human Factors,British Columbia,"Westcoast Energy Inc., carrying on business as Spectra Energy Transmission",Natural Gas - Sweet,Gas,Transmission,15069.0,2020,56.95427194,-121.92025121,Not Emergency,10 or fewer dwelling units,Developed Land - Industrial
0,External Interference,Engineering and Planning,Quebec,Trans Québec and Maritimes Pipeline Inc.,Not Applicable,Not Applicable,Transmission,0.0,2020,45.03339107,-71.50002623,Not Emergency,10 or fewer dwelling units,Agricultural Cropland
1,"External Interference, Incorrect Operation","Failure in communication, Human Factors",British Columbia,Trans Mountain Pipeline ULC,Not Applicable,Not Applicable,Gathering,0.0,2020,49.26848937,-122.93134198,Not Emergency,11 to 45 dwelling units,Developed Land - Residential
1,Incorrect Operation,"Human Factors, Inadequate Supervision",Alberta,Enbridge Pipelines Inc.,Not Applicable,Not Applicable,Transmission,0.0,2020,53.54740268,-113.35571374,Not Emergency,10 or fewer dwelling units,Developed Land - Industrial
0,"Corrosion and Cracking, Incorrect Operation",Failure in communication,New Brunswick,Twin Rivers Paper Company Inc.,Produced Water,Miscellaneous,Distribution,309.0,2021,47.36249,-68.32499,Not Emergency,10 or fewer dwelling units,Developed Land - Industrial
0,Natural Force Damage,Natural or Environmental Forces,British Columbia,"Westcoast Energy Inc., carrying on business as Spectra Energy Transmission",Not Applicable,Not Applicable,Transmission,0.0,2021,56.50792755,-122.12875185,Not Emergency,10 or fewer dwelling units,Water / Wetlands
1,Incorrect Operation,Natural or Environmental Forces,British Columbia,Trans Mountain Pipeline ULC,Not Applicable,Not Applicable,Transmission,0.0,2021,49.225697,-122.813004,Not Emergency,10 or fewer dwelling units,Water / Wetlands
1,"External Interference, Incorrect Operation","Failure in communication, Human Factors, Inadequate Supervision, Standards and Procedures",British Columbia,Trans Mountain Pipeline ULC,Not Applicable,Not Applicable,Transmission,0.0,2021,49.26848937,-122.93134198,Not Emergency,10 or fewer dwelling units,Developed Land - Industrial
1,Incorrect Operation,"Failure in communication, Human Factors",Alberta,NOVA Gas Transmission Ltd.,Not Applicable,Not Applicable,Transmission,0.0,2021,55.0307159,-119.1116667,Not Emergency,10 or fewer dwelling units,Agricultural Cropland
0,"External Interference, Incorrect Operation","Human Factors, Natural or Environmental Forces",Quebec,TransCanada PipeLines Limited,Not Applicable,Not Applicable,Transmission,0.0,2021,45.36997002,-74.12555551,Not Emergency,10 or fewer dwelling units,Agricultural Cropland
0,Natural Force Damage,Natural or Environmental Forces,Quebec,Montreal Pipe Line Limited,Not Applicable,Not Applicable,Transmission,0.0,2021,45.208,-72.796,Not Emergency,10 or fewer dwelling units,Water / Wetlands
0,"External Interference, Incorrect Operation",Tools and Equipment,Alberta,NOVA Gas Transmission Ltd.,Not Applicable,Not Applicable,Transmission,0.0,2021,53.55702,-116.54069,Not Emergency,10 or fewer dwelling units,Forests
0,Natural Force Damage,Natural or Environmental Forces,British Columbia,Westcoast Energy Inc.,Not Applicable,Not Applicable,Transmission,0.0,2021,57.6118126,-122.70961161,Not Emergency,10 or fewer dwelling units,Forests
0,Natural Force Damage,Natural or Environmental Forces,Ontario,Enbridge Pipelines Inc.,Not Applicable,Not Applicable,Transmission,0.0,2021,43.9613,-78.5394,Not Emergency,10 or fewer dwelling units,Shrub Land
1,"External Interference, Incorrect Operation","Engineering and Planning, Human Factors, Inadequate Supervision, Tools and Equipment",British Columbia,Trans Mountain Pipeline ULC,Not Applicable,Not Applicable,Transmission,0.0,2021,49.20535,-121.72032,Not Emergency,10 or fewer dwelling units,Agricultural Cropland
0,External Interference,To be determined,New Brunswick,Twin Rivers Paper Company Inc.,Pulp slurry,Miscellaneous,Distribution,463.0,2021,47.362644,-68.325082,Not Emergency,10 or fewer dwelling units,Developed Land - Commercial
0,Natural Force Damage,Natural or Environmental Forces,Quebec,Montreal Pipe Line Limited,Not Applicable,Not Applicable,Transmission,0.0,2021,45.091,-72.627,Not Emergency,10 or fewer dwelling units,Water / Wetlands
0,Natural Force Damage,Natural or Environmental Forces,Quebec,Montreal Pipe Line Limited,Not Applicable,Not Applicable,Transmission,0.0,2021,45.475,-73.169,Not Emergency,10 or fewer dwelling units,Water / Wetlands
0,Natural Force Damage,Natural or Environmental Forces,British Columbia,Trans Mountain Pipeline ULC,Not Applicable,Not Applicable,Transmission,0.0,2021,52.61808,-119.14299,Not Emergency,10 or fewer dwelling units,Barren Land
0,Incorrect Operation,"Failure in communication, Human Factors, Inadequate Supervision, Standards and Procedures",Ontario,Trans-Northern Pipelines Inc.,Not Applicable,Not Applicable,Transmission,0.0,2021,42.84095221,-80.05642553,Not Emergency,10 or fewer dwelling units,Developed Land - Industrial
0,External Interference,Natural or Environmental Forces,British Columbia,Westcoast Energy Inc.,Not Applicable,Not Applicable,Transmission,0.0,2021,49.91498647,-120.9208727,Not Emergency,10 or fewer dwelling units,Vegetative Barren
1,"Incorrect Operation, Natural Force Damage","Natural or Environmental Forces, Tools and Equipment",Alberta,NOVA Gas Transmission Ltd.,Not Applicable,Not Applicable,Transmission,0.0,2021,54.19423,-117.67928,Not Emergency,10 or fewer dwelling units,Forests
0,"External Interference, Natural Force Damage",Natural or Environmental Forces,British Columbia,Trans Mountain Pipeline ULC,Not Applicable,Not Applicable,Transmission,0.0,2021,49.89789809,-120.90853043,Not Emergency,10 or fewer dwelling units,Agricultural Cropland
0,"External Interference, Natural Force Damage",Natural or Environmental Forces,British Columbia,Trans Mountain Pipeline ULC,Not Applicable,Not Applicable,Transmission,0.0,2021,49.74096,-121.01137,Not Emergency,10 or fewer dwelling units,Water / Wetlands
0,"External Interference, Natural Force Damage",Natural or Environmental Forces,British Columbia,Trans Mountain Pipeline ULC,Not Applicable,Not Applicable,Transmission,0.0,2021,49.598953,-121.058001,Not Emergency,10 or fewer dwelling units,Forests
0,External Interference,Natural or Environmental Forces,British Columbia,Westcoast Energy Inc.,Not Applicable,Not Applicable,Transmission,0.0,2021,49.7390512,-121.013667,Not Emergency,10 or fewer dwelling units,Water / Wetlands
0,External Interference,Natural or Environmental Forces,British Columbia,Westcoast Energy Inc.,Not Applicable,Not Applicable,Transmission,0.0,2021,49.914986,-120.920873,Not Emergency,10 or fewer dwelling units,Water / Wetlands
0,External Interference,Natural or Environmental Forces,British Columbia,Westcoast Energy Inc.,Not Applicable,Not Applicable,Transmission,0.0,2021,49.879448,-120.931592,Not Emergency,10 or fewer dwelling units,Water / Wetlands
0,"External Interference, Natural Force Damage",Natural or Environmental Forces,British Columbia,Trans Mountain Pipeline ULC,Not Applicable,Not Applicable,Transmission,0.0,2021,49.88512,-120.902707,Not Emergency,10 or fewer dwelling units,Forests
0,"External Interference, Natural Force Damage",Natural or Environmental Forces,British Columbia,Trans Mountain Pipeline ULC,Not Applicable,Not Applicable,Transmission,0.0,2021,49.589255,-121.071686,Not Emergency,10 or fewer dwelling units,Forests
0,"External Interference, Natural Force Damage",Natural or Environmental Forces,British Columbia,Trans Mountain Pipeline ULC,Not Applicable,Not Applicable,Transmission,0.0,2021,49.36,-121.55,Not Emergency,10 or fewer dwelling units,Forests
1,Incorrect Operation,"Failure in communication, Standards and Procedures",Alberta,NOVA Gas Transmission Ltd.,Not Applicable,Not Applicable,Transmission,0.0,2021,53.27696,-116.25992,Not Emergency,10 or fewer dwelling units,Forests
0,External Interference,Natural or Environmental Forces,British Columbia,Westcoast Energy Inc.,Not Applicable,Not Applicable,Transmission,0.0,2021,49.734821,-121.015037,Not Emergency,10 or fewer dwelling units,Forests
0,"External Interference, Incorrect Operation",Tools and Equipment,Alberta,NOVA Gas Transmission Ltd.,Not Applicable,Not Applicable,Transmission,0.0,2021,53.488228,-116.463028,Not Emergency,10 or fewer dwelling units,Forests
0,"External Interference, Natural Force Damage",Natural or Environmental Forces,British Columbia,Trans Mountain Pipeline ULC,Not Applicable,Not Applicable,Transmission,0.0,2021,49.890264,-120.904214,Not Emergency,10 or fewer dwelling units,Water / Wetlands
0,Incorrect Operation,Inadequate Supervision,British Columbia,Trans Mountain Pipeline ULC,Not Applicable,Not Applicable,Processing,0.0,2022,49.26848937,-122.93134198,Not Emergency,"Within 200 m of event site - an industrial installation (e.g., a chemical plant or a hazardous substance storage area",Developed Land - Industrial
1,External Interference,Natural or Environmental Forces,British Columbia,Trans Mountain Pipeline ULC,Not Applicable,Not Applicable,Transmission,0.0,2022,52.388795,-119.171911,Not Emergency,10 or fewer dwelling units,Forests
0,External Interference,Tools and Equipment,British Columbia,Trans Mountain Pipeline ULC,Not Applicable,Not Applicable,Distribution,0.0,2022,50.496879,-120.364468,Not Emergency,10 or fewer dwelling units,Shrub Land
0,"Corrosion and Cracking, Defect and Deterioration",Standards and Procedures,Ontario,TransCanada PipeLines Limited,Natural Gas - Sweet,Gas,Transmission,40.0,2022,47.173823,-79.731177,Not Emergency,10 or fewer dwelling units,Forests
0,Incorrect Operation,Human Factors,Ontario,TransCanada PipeLines Limited,Not Applicable,Not Applicable,Transmission,0.0,2022,46.9494999,-79.79247156,Not Emergency,10 or fewer dwelling units,Forests
1,Incorrect Operation,Human Factors,British Columbia,Trans Mountain Pipeline ULC,Not Applicable,Not Applicable,Transmission,0.0,2022,51.3619951,-120.1934314,Not Emergency,10 or fewer dwelling units,Forests
0,"External Interference, Incorrect Operation","Engineering and Planning, Human Factors",British Columbia,Trans Mountain Pipeline ULC,Not Applicable,Not Applicable,Transmission,0.0,2022,52.816337,-119.273214,Not Emergency,10 or fewer dwelling units,Developed Land - Industrial
1,"External Interference, Incorrect Operation, Natural Force Damage","Human Factors, Natural or Environmental Forces",Alberta,NOVA Gas Transmission Ltd.,Not Applicable,Not Applicable,Transmission,0.0,2022,52.686,-115.669,Not Emergency,10 or fewer dwelling units,Forests
0,External Interference,"Engineering and Planning, Failure in communication, Human Factors",Alberta,Enbridge Pipelines Inc.,Not Applicable,Not Applicable,Transmission,0.0,2022,53.53709,-113.3623,Not Emergency,"46 or more dwelling units, facilities, or institutions, or a combination of such structures intended for human occupancy from which rapid evacuation can be difficult (e.g., hospitals, nursing homes)",Developed Land - Industrial
0,"Equipment Failure, Incorrect Operation","Engineering and Planning, Inadequate Supervision, Standards and Procedures",Saskatchewan,Foothills Pipe Lines Ltd.,Natural Gas - Sweet,Gas,Transmission,88.21,2022,49.00335,-107.54427,Not Emergency,10 or fewer dwelling units,Shrub Land
0,"External Interference, Incorrect Operation","Human Factors, Inadequate Supervision, Standards and Procedures",British Columbia,Trans Mountain Pipeline ULC,Not Applicable,Not Applicable,Transmission,0.0,2022,52.78033,-119.255814,Not Emergency,10 or fewer dwelling units,Forests
0,"External Interference, Incorrect Operation",Engineering and Planning,Alberta,NOVA Gas Transmission Ltd.,Not Applicable,Not Applicable,Transmission,0.0,2022,53.24568023,-116.23962717,Not Emergency,10 or fewer dwelling units,Developed Land - Industrial
0,Natural Force Damage,Natural or Environmental Forces,British Columbia,Trans Mountain Pipeline ULC,Not Applicable,Not Applicable,Transmission,0.0,2022,49.06708,-122.176154,Not Emergency,10 or fewer dwelling units,Vegetative Barren
0,"External Interference, Incorrect Operation",Maintenance,British Columbia,Foothills Pipe Lines (South B.C.) Ltd.,Not Applicable,Not Applicable,Transmission,0.0,2022,49.4488934,-114.77494,Not Emergency,10 or fewer dwelling units,Forests
1,Incorrect Operation,Standards and Procedures,British Columbia,Trans Mountain Pipeline ULC,Not Applicable,Not Applicable,Distribution,0.0,2022,49.59450622,-121.1228791,Not Emergency,10 or fewer dwelling units,Forests
0,"External Interference, Incorrect Operation","Engineering and Planning, Failure in communication, Inadequate Supervision",Alberta,TransCanada Keystone Pipeline GP Ltd.,Not Applicable,Not Applicable,Transmission,0.0,2022,50.856208,-110.348997,Not Emergency,10 or fewer dwelling units,Agricultural Cropland
0,"External Interference, Other Causes",Natural or Environmental Forces,Alberta,NOVA Gas Transmission Ltd.,Not Applicable,Not Applicable,Transmission,0.0,2022,49.643,-114.63,Not Emergency,10 or fewer dwelling units,Forests
1,"External Interference, Incorrect Operation","Failure in communication, Human Factors, Inadequate Supervision",Alberta,NOVA Gas Transmission Ltd.,Not Applicable,Not Applicable,Transmission,0.0,2022,51.997226,-114.809331,Not Emergency,10 or fewer dwelling units,Agricultural Cropland
1,"External Interference, Incorrect Operation","Engineering and Planning, Human Factors, Inadequate Supervision, Standards and Procedures",Alberta,NOVA Gas Transmission Ltd.,Not Applicable,Not Applicable,Transmission,0.0,2022,56.224094,-119.802075,Not Emergency,10 or fewer dwelling units,Forests
1,Corrosion and Cracking,Engineering and Planning,Alberta,NOVA Gas Transmission Ltd.,Natural Gas - Sweet,Gas,Transmission,40323.0,2022,54.13074,-116.63561,Not Emergency,10 or fewer dwelling units,Forests
0,Incorrect Operation,Engineering and Planning,New Brunswick,Twin Rivers Paper Company Inc.,Water,Miscellaneous,Distribution,87.0,2022,47.36138,-68.328082,Not Emergency,10 or fewer dwelling units,Developed Land - Industrial
0,External Interference,Engineering and Planning,British Columbia,Trans Mountain Pipeline ULC,Not Applicable,Not Applicable,Transmission,0.0,2022,49.3143368,-121.6261867,Not Emergency,11 to 45 dwelling units,Developed Land - Commercial
0,Natural Force Damage,Natural or Environmental Forces,British Columbia,Trans Mountain Pipeline ULC,Not Applicable,Not Applicable,Transmission,0.0,2022,51.255,-120.179,Not Emergency,10 or fewer dwelling units,Agricultural Cropland
0,"External Interference, Incorrect Operation","Human Factors, Inadequate Supervision",British Columbia,Trans Mountain Pipeline ULC,Not Applicable,Not Applicable,Transmission,0.0,2022,49.637349,-121.008144,Not Emergency,10 or fewer dwelling units,Forests
0,"Equipment Failure, External Interference","Engineering and Planning, Tools and Equipment",Alberta,Foothills Pipe Lines Ltd.,Natural Gas - Sweet,Gas,Transmission,390649.0,2022,50.70211858,-111.09982114,Not Emergency,10 or fewer dwelling units,Agricultural Cropland
0,External Interference,Standards and Procedures,British Columbia,Trans Mountain Pipeline ULC,Not Applicable,Not Applicable,Transmission,0.0,2022,51.5894268,-119.73008,Not Emergency,"within 200 m of event site - a small, well-defined outside area occupied by 20 to approximately 120 persons during normal use (e.g., a playground, recreation area, or other place of public assembly)",Developed Land - Residential
0,"External Interference, Incorrect Operation","Human Factors, Tools and Equipment",British Columbia,Trans Mountain Pipeline ULC,Not Applicable,Not Applicable,Transmission,0.0,2022,51.678092,-119.430311,Not Emergency,10 or fewer dwelling units,Forests
0,"Equipment Failure, Incorrect Operation","Maintenance, Tools and Equipment",British Columbia,Trans Mountain Pipeline ULC,Not Applicable,Not Applicable,Distribution,0.0,2023,49.1456,-122.5428,Not Emergency,10 or fewer dwelling units,Developed Land - Industrial
0,"External Interference, Incorrect Operation","Failure in communication, Human Factors, Tools and Equipment",Alberta,NOVA Gas Transmission Ltd.,Not Applicable,Not Applicable,Transmission,0.0,2023,56.465374,-112.84294,Not Emergency,10 or fewer dwelling units,Forests
0,"Equipment Failure, External Interference, Incorrect Operation","Engineering and Planning, Maintenance, Tools and Equipment",British Columbia,Trans Mountain Pipeline ULC,Not Applicable,Not Applicable,Distribution,0.0,2023,49.235554,-122.883302,Not Emergency,10 or fewer dwelling units,Developed Land - Industrial
1,Incorrect Operation,Engineering and Planning,British Columbia,Trans Mountain Pipeline ULC,Not Applicable,Not Applicable,Transmission,0.0,2023,49.17977,-122.63152,Not Emergency,10 or fewer dwelling units,Forests
1,Incorrect Operation,"Maintenance, Standards and Procedures",British Columbia,Trans Mountain Pipeline ULC,Not Applicable,Not Applicable,Transmission,0.0,2023,49.096603,-122.019321,Not Emergency,10 or fewer dwelling units,Water / Wetlands
1,Incorrect Operation,Engineering and Planning,British Columbia,Trans Mountain Pipeline ULC,Not Applicable,Not Applicable,Transmission,0.0,2023,49.17994,-122.63308,Not Emergency,10 or fewer dwelling units,Water / Wetlands
0,Incorrect Operation,Maintenance,British Columbia,Trans Mountain Pipeline ULC,Not Applicable,Not Applicable,Transmission,0.0,2023,50.101449,-120.716338,Not Emergency,10 or fewer dwelling units,Developed Land - Industrial
0,External Interference,Maintenance,British Columbia,Trans Mountain Pipeline ULC,Not Applicable,Not Applicable,Transmission,0.0,2023,50.595984,-120.422245,Not Emergency,10 or fewer dwelling units,Barren Land
0,"Equipment Failure, External Interference",To be determined,British Columbia,Trans Mountain Pipeline ULC,Not Applicable,Not Applicable,Distribution,0.0,2023,49.26848937,-122.93134198,Not Emergency,11 to 45 dwelling units,Developed Land - Industrial
1,"External Interference, Incorrect Operation",Human Factors,British Columbia,Trans Mountain Pipeline ULC,Not Applicable,Not Applicable,Transmission,0.0,2023,49.46687587,-121.2542751,Not Emergency,10 or fewer dwelling units,Developed Land - Industrial
0,Equipment Failure,Maintenance,Alberta,NOVA Gas Transmission Ltd.,Not Applicable,Not Applicable,Transmission,0.0,2023,54.38021238,-117.1656029,Not Emergency,10 or fewer dwelling units,Forests
1,External Interference,"Human Factors, Maintenance",British Columbia,Trans Mountain Pipeline ULC,Not Applicable,Not Applicable,Distribution,0.0,2023,49.26848937,-122.93134198,Not Emergency,11 to 45 dwelling units,Developed Land - Industrial
0,External Interference,Engineering and Planning,British Columbia,Trans Mountain Pipeline ULC,Not Applicable,Not Applicable,Transmission,0.0,2023,50.073867,-120.782604,Not Emergency,10 or fewer dwelling units,Forests
1,Incorrect Operation,Engineering and Planning,Alberta,Trans Mountain Pipeline ULC,Not Applicable,Not Applicable,Transmission,0.0,2023,53.55766252,-114.14912118,Not Emergency,"within 200 m of event site - a small, well-defined outside area occupied by 20 to approximately 120 persons during normal use (e.g., a playground, recreation area, or other place of public assembly)",Developed Land - Residential
0,"External Interference, Incorrect Operation",Engineering and Planning,Alberta,NOVA Gas Transmission Ltd.,Not Applicable,Not Applicable,Transmission,0.0,2023,50.80318845,-111.53672279,Not Emergency,10 or fewer dwelling units,Developed Land - Industrial
1,Incorrect Operation,Engineering and Planning,British Columbia,Trans Mountain Pipeline ULC,Not Applicable,Not Applicable,Transmission,0.0,2023,49.235245,-122.882246,Not Emergency,"46 or more dwelling units, facilities, or institutions, or a combination of such structures intended for human occupancy from which rapid evacuation can be difficult (e.g., hospitals, nursing homes)",Developed Land - Industrial
0,Incorrect Operation,"Engineering and Planning, Tools and Equipment",Manitoba,TransCanada PipeLines Limited,Natural Gas - Sweet,Gas,Transmission,130.0,2023,49.72011504,-96.98386154,Not Emergency,11 to 45 dwelling units,Agricultural Cropland
0,Equipment Failure,Engineering and Planning,British Columbia,Westcoast Energy Inc.,Not Applicable,Not Applicable,Transmission,0.0,2023,55.42618861,-122.67657538,Not Emergency,10 or fewer dwelling units,Developed Land - Industrial
0,"Equipment Failure, Incorrect Operation","Human Factors, Inadequate Supervision",British Columbia,Trans Mountain Pipeline ULC,Not Applicable,Not Applicable,Transmission,0.0,2023,49.1722,-122.5717,Not Emergency,"Within 200 m of event site - an industrial installation (e.g., a chemical plant or a hazardous substance storage area",Developed Land - Industrial
0,"External Interference, Natural Force Damage",Natural or Environmental Forces,Alberta,NOVA Gas Transmission Ltd.,Not Applicable,Not Applicable,Transmission,0.0,2023,53.56992,-115.82936,Not Emergency,10 or fewer dwelling units,Agricultural Cropland
0,"External Interference, Natural Force Damage",Natural or Environmental Forces,Alberta,NOVA Gas Transmission Ltd.,Not Applicable,Not Applicable,Transmission,0.0,2023,53.906103,-115.888782,Not Emergency,10 or fewer dwelling units,Forests
0,Incorrect Operation,"Human Factors, Inadequate Procurement",British Columbia,Trans Mountain Pipeline ULC,Not Applicable,Not Applicable,Distribution,0.0,2023,49.07786219,-122.20214801,Not Emergency,10 or fewer dwelling units,Developed Land - Industrial
0,"Corrosion and Cracking, External Interference","Maintenance, Natural or Environmental Forces",Alberta,NOVA Gas Transmission Ltd.,Not Applicable,Not Applicable,Transmission,0.0,2023,54.09508652,-112.30584934,Not Emergency,10 or fewer dwelling units,Forests
0,External Interference,Standards and Procedures,Alberta,NOVA Gas Transmission Ltd.,Not Applicable,Not Applicable,Transmission,0.0,2023,54.3096738,-111.25924282,Not Emergency,10 or fewer dwelling units,Forests
0,External Interference,Tools and Equipment,British Columbia,Trans Mountain Pipeline ULC,Not Applicable,Not Applicable,Transmission,0.0,2023,49.56597604,-121.1866771,Not Emergency,10 or fewer dwelling units,Forests
0,External Interference,Inadequate Supervision,Saskatchewan,Enbridge Pipelines Inc.,Crude Oil - Sweet,Liquid,Transmission,2.0,2025,50.483304,-104.587677,Not Emergency,"Within 200 m of event site - an industrial installation (e.g., a chemical plant or a hazardous substance storage area",Developed Land - Industrial
1,"External Interference, Incorrect Operation","Failure in communication, Human Factors, Inadequate Supervision, Standards and Procedures",British Columbia,Trans Mountain Pipeline ULC,Not Applicable,Not Applicable,Distribution,0.0,2023,49.18743,-122.72846,Not Emergency,11 to 45 dwelling units,Developed Land - Industrial
0,"Equipment Failure, External Interference",Engineering and Planning,Ontario,TransCanada PipeLines Limited,Not Applicable,Not Applicable,Transmission,0.0,2023,43.19224203,-79.06945351,Not Emergency,10 or fewer dwelling units,Agricultural Cropland
0,Defect and Deterioration,Maintenance,Ontario,TransCanada PipeLines Limited,Natural Gas - Sweet,Gas,Transmission,310.0,2023,43.95785704,-78.60959252,Not Emergency,10 or fewer dwelling units,Agricultural Cropland
0,Incorrect Operation,Maintenance,British Columbia,Trans Mountain Pipeline ULC,Not Applicable,Not Applicable,Transmission,0.0,2023,49.0854272,-122.2872064,Not Emergency,within 200 m of the event site - A building occupied by 20 to 120 persons during normal use,Agricultural Cropland
0,Incorrect Operation,Human Factors,British Columbia,Trans Mountain Pipeline ULC,Not Applicable,Not Applicable,Transmission,0.0,2023,50.103408,-120.71229,Not Emergency,within 200 m of the event site - A building occupied by 20 to 120 persons during normal use,Developed Land - Industrial
1,"Incorrect Operation, Other Causes",Engineering and Planning,British Columbia,Trans Mountain Pipeline ULC,Not Applicable,Not Applicable,Transmission,0.0,2023,49.155423,-121.85206,Not Emergency,10 or fewer dwelling units,Agricultural Cropland
0,Natural Force Damage,Natural or Environmental Forces,Ontario,TransCanada PipeLines Limited,Not Applicable,Not Applicable,Transmission,0.0,2023,48.552732,-88.996021,Not Emergency,10 or fewer dwelling units,Forests
1,"Equipment Failure, External Interference, Incorrect Operation",Maintenance,Alberta,NOVA Gas Transmission Ltd.,Natural Gas - Sweet,Gas,Transmission,2595.0,2023,51.22156763,-114.63259712,Not Emergency,10 or fewer dwelling units,Shrub Land
0,"Corrosion and Cracking, Defect and Deterioration","Engineering and Planning, Failure in communication, Standards and Procedures",Ontario,TransCanada PipeLines Limited,Natural Gas - Sweet,Gas,Transmission,1.0,2023,46.2759666,-79.36483098,Not Emergency,10 or fewer dwelling units,Forests
1,Incorrect Operation,Human Factors,British Columbia,Trans Mountain Pipeline ULC,Not Applicable,Not Applicable,Transmission,0.0,2023,49.066779,-122.17237,Not Emergency,10 or fewer dwelling units,Vegetative Barren
1,External Interference,"Engineering and Planning, Natural or Environmental Forces",British Columbia,Trans Mountain Pipeline ULC,Not Applicable,Not Applicable,Transmission,0.0,2023,49.08217,-122.037514,Not Emergency,10 or fewer dwelling units,Agricultural Cropland
1,"External Interference, Incorrect Operation","Failure in communication, Human Factors, Inadequate Supervision",British Columbia,Trans Mountain Pipeline ULC,Not Applicable,Not Applicable,Transmission,0.0,2023,49.26848937,-122.93134198,Not Emergency,"46 or more dwelling units, facilities, or institutions, or a combination of such structures intended for human occupancy from which rapid evacuation can be difficult (e.g., hospitals, nursing homes)",Developed Land - Industrial
0,"External Interference, Incorrect Operation","Engineering and Planning, Inadequate Procurement, Inadequate Supervision, Standards and Procedures, Tools and Equipment",Saskatchewan,Many Islands Pipe Lines (Canada) Limited,Not Applicable,Not Applicable,Transmission,0.0,2023,54.34217,-109.99825,Not Emergency,10 or fewer dwelling units,Developed Land - Industrial
1,Incorrect Operation,"Failure in communication, Human Factors, Natural or Environmental Forces",British Columbia,Trans Mountain Pipeline ULC,Not Applicable,Not Applicable,Transmission,0.0,2023,49.082202,-122.037559,Not Emergency,10 or fewer dwelling units,Agricultural Cropland
0,Natural Force Damage,Natural or Environmental Forces,Alberta,NOVA Gas Transmission Ltd.,Not Applicable,Not Applicable,Transmission,0.0,2023,58.2636,-118.50993,Not Emergency,10 or fewer dwelling units,Forests
0,"External Interference, Incorrect Operation","Failure in communication, Human Factors",Alberta,NOVA Gas Transmission Ltd.,Not Applicable,Not Applicable,Transmission,0.0,2023,53.557299,-116.543036,Not Emergency,10 or fewer dwelling units,Forests
1,Equipment Failure,Engineering and Planning,Alberta,Foothills Pipe Lines Ltd.,Natural Gas - Sweet,Gas,Transmission,135900.0,2023,50.70243,-111.10058,Not Emergency,10 or fewer dwelling units,Agricultural Cropland
0,Natural Force Damage,Natural or Environmental Forces,Quebec,Trans Québec and Maritimes Pipeline Inc.,Not Applicable,Not Applicable,Transmission,0.0,2024,46.35156264,-72.62676914,Not Emergency,11 to 45 dwelling units,Developed Land - Residential
0,Incorrect Operation,Standards and Procedures,British Columbia,Trans Mountain Pipeline ULC,Not Applicable,Not Applicable,Transmission,0.0,2024,49.37346464,-121.42555424,Not Emergency,10 or fewer dwelling units,Developed Land - Commercial
0,"External Interference, Natural Force Damage",Natural or Environmental Forces,Alberta,"NGTL GP Ltd., as general partner, on behalf of NGTL Limited Partnership",Not Applicable,Not Applicable,Transmission,0.0,2024,51.781142,-114.646727,Not Emergency,10 or fewer dwelling units,Water / Wetlands
0,Natural Force Damage,Natural or Environmental Forces,British Columbia,Trans Mountain Pipeline ULC,Not Applicable,Not Applicable,Transmission,0.0,2024,49.477255,-121.25488,Not Emergency,10 or fewer dwelling units,Water / Wetlands
0,External Interference,To be determined,New Brunswick,Twin Rivers Pulp Ltd.,Water,Miscellaneous,Distribution,680.0,2024,47.367402,-68.327602,Not Emergency,10 or fewer dwelling units,Developed Land - Residential
0,To be determined,"Maintenance, Natural or Environmental Forces",New Brunswick,Twin Rivers Pulp Ltd.,Pulp slurry,Miscellaneous,Distribution,30.0,2024,47.364234,-68.325412,Not Emergency,10 or fewer dwelling units,Developed Land - Industrial
0,"External Interference, Natural Force Damage",Natural or Environmental Forces,Ontario,Enbridge Pipelines Inc.,Not Applicable,Not Applicable,Transmission,0.0,2024,43.270771,-80.559792,Not Emergency,10 or fewer dwelling units,Water / Wetlands
0,"External Interference, Natural Force Damage",Natural or Environmental Forces,Ontario,Enbridge Pipelines Inc.,Not Applicable,Not Applicable,Transmission,0.0,2024,43.344436,-79.856266,Not Emergency,10 or fewer dwelling units,Forests
1,Natural Force Damage,Natural or Environmental Forces,British Columbia,Trans Mountain Pipeline ULC,Not Applicable,Not Applicable,Transmission,0.0,2024,49.21071612,-122.786193,Not Emergency,11 to 45 dwelling units,Developed Land - Residential
0,"External Interference, Incorrect Operation","Human Factors, Tools and Equipment",Saskatchewan,Many Islands Pipe Lines (Canada) Limited,Natural Gas - Sweet,Gas,Transmission,5295.0,2024,54.34217,-109.99825,Not Emergency,10 or fewer dwelling units,Developed Land - Industrial
0,"External Interference, Incorrect Operation",Human Factors,Alberta,Trans Mountain Pipeline ULC,Not Applicable,Not Applicable,Transmission,0.0,2024,53.54349,-116.877748,Not Emergency,10 or fewer dwelling units,Forests
0,Natural Force Damage,Natural or Environmental Forces,British Columbia,Trans Mountain Pipeline ULC,Not Applicable,Not Applicable,Transmission,0.0,2024,49.562879,-121.100944,Not Emergency,10 or fewer dwelling units,Water / Wetlands
0,"Equipment Failure, Incorrect Operation","Engineering and Planning, Inadequate Supervision, Maintenance, Tools and Equipment",British Columbia,Trans Mountain Pipeline ULC,Not Applicable,Not Applicable,Transmission,0.0,2025,49.28969,-122.95425,Not Emergency,10 or fewer dwelling units,Developed Land - Industrial
0,Corrosion and Cracking,"Maintenance, Natural or Environmental Forces",Quebec,Trans Québec and Maritimes Pipeline Inc.,Natural Gas - Sweet,Gas,Transmission,254.0,2025,45.51216298,-73.99200672,Not Emergency,10 or fewer dwelling units,Shrub Land
0,Natural Force Damage,Natural or Environmental Forces,Alberta,Trans Mountain Pipeline ULC,Not Applicable,Not Applicable,Transmission,0.0,2025,52.894524,-118.070337,Not Emergency,10 or fewer dwelling units,Water / Wetlands
0,External Interference,Natural or Environmental Forces,Alberta,"NGTL GP Ltd., as general partner on behalf of NGTL Limited Partnership",Not Applicable,Not Applicable,Transmission,0.0,2025,52.9370618,-111.56460627,Not Emergency,10 or fewer dwelling units,Forests
0,External Interference,Natural or Environmental Forces,Alberta,"NGTL GP Ltd., as general partner on behalf of NGTL Limited Partnership",Not Applicable,Not Applicable,Transmission,0.0,2025,52.942863,-111.571517,Not Emergency,10 or fewer dwelling units,Forests
0,Natural Force Damage,Natural or Environmental Forces,Manitoba,TransCanada PipeLines Limited,Not Applicable,Not Applicable,Transmission,0.0,2025,49.742042,-97.149518,Not Emergency,10 or fewer dwelling units,Water / Wetlands
0,"External Interference, Natural Force Damage",Natural or Environmental Forces,Alberta,"NGTL GP Ltd., as general partner on behalf of NGTL Limited Partnership",Not Applicable,Not Applicable,Transmission,0.0,2025,56.203456,-111.724263,Not Emergency,10 or fewer dwelling units,Forests
1,External Interference,"Maintenance, Tools and Equipment",Manitoba,Minell Pipeline Ltd.,Not Applicable,Not Applicable,Distribution,0.0,2025,50.37255,-101.16293,Not Emergency,10 or fewer dwelling units,Agricultural Cropland
0,Natural Force Damage,Natural or Environmental Forces,British Columbia,Westcoast Energy GP Inc. on behalf of Westcoast Energy Limited Partnership,Not Applicable,Not Applicable,Transmission,0.0,2025,50.691077,-120.866853,Not Emergency,10 or fewer dwelling units,Forests
0,Equipment Failure,To be determined,Ontario,Enbridge Pipelines Inc.,Not Applicable,Not Applicable,Transmission,0.0,2025,43.327778,-80.091667,Not Emergency,10 or fewer dwelling units,Forests
0,"Corrosion and Cracking, External Interference","Engineering and Planning, Maintenance",British Columbia,Westcoast Energy GP Inc. on behalf of Westcoast Energy Limited Partnership,Natural Gas - Sweet,Gas,Transmission,14241.0,2025,58.169951,-122.688593,Not Emergency,10 or fewer dwelling units,Forests
1,Equipment Failure,Tools and Equipment,Ontario,TransCanada PipeLines Limited,Natural Gas - Sweet,Gas,Transmission,18410.0,2025,46.8482052,-79.80912845,Not Emergency,10 or fewer dwelling units,Forests
0,External Interference,Natural or Environmental Forces,British Columbia,Westcoast Energy Inc.,Drilling Fluid,Miscellaneous,Transmission,1.3,2025,56.851835,-122.326857,Not Emergency,10 or fewer dwelling units,Forests
0,To be determined,To be determined,Alberta,"NGTL GP Ltd., as general partner on behalf of NGTL Limited Partnership",Not Applicable,Not Applicable,Transmission,0.0,2026,53.63742,-112.01933,Not Emergency,10 or fewer dwelling units,Agricultural Cropland
0,To be determined,To be determined,Alberta,"NGTL GP Ltd., as general partner on behalf of NGTL Limited Partnership",Not Applicable,Not Applicable,Transmission,0.0,2026,54.0993,-115.50788,Not Emergency,10 or fewer dwelling units,Forests
0,To be determined,To be determined,Alberta,"NGTL GP Ltd., as general partner on behalf of NGTL Limited Partnership",Not Applicable,Not Applicable,Transmission,0.0,2026,50.89882,-110.633588,Not Emergency,10 or fewer dwelling units,Agricultural Cropland
0,To be determined,To be determined,Alberta,"NGTL GP Ltd., as general partner on behalf of NGTL Limited Partnership",Not Applicable,Not Applicable,Transmission,0.0,2026,52.434898,-112.234287,Not Emergency,10 or fewer dwelling units,Agricultural Cropland
0,To be determined,To be determined,Alberta,"NGTL GP Ltd., as general partner on behalf of NGTL Limited Partnership",Not Applicable,Not Applicable,Transmission,0.0,2026,54.41743513,-119.35501277,Not Emergency,10 or fewer dwelling units,Forests
0,To be determined,To be determined,Alberta,"NGTL GP Ltd., as general partner on behalf of NGTL Limited Partnership",Not Applicable,Not Applicable,Transmission,0.0,2026,52.9278,-114.91256,Not Emergency,10 or fewer dwelling units,Shrub Land
0,To be determined,To be determined,British Columbia,Trans Mountain Pipeline ULC,Not Applicable,Not Applicable,Transmission,0.0,2026,49.522361,-121.14173,Not Emergency,10 or fewer dwelling units,Forests
0,To be determined,To be determined,British Columbia,Trans Mountain Pipeline ULC,Not Applicable,Not Applicable,Transmission,0.0,2026,51.3177342,-120.1779098,Not Emergency,10 or fewer dwelling units,Agricultural Cropland
0,To be determined,To be determined,Maine,Twin Rivers Pulp Ltd.,Not Applicable,Not Applicable,Distribution,0.0,2026,47.358606,-68.325542,Not Emergency,within 200 m of the event site - A building occupied by 20 to 120 persons during normal use,Developed Land - Industrial
0,To be determined,To be determined,British Columbia,Trans Mountain Pipeline ULC,Not Applicable,Not Applicable,Transmission,0.0,2026,49.128193,-121.917915,Not Emergency,10 or fewer dwelling units,Agricultural Cropland
0,To be determined,To be determined,British Columbia,Westcoast Energy GP Inc. on behalf of Westcoast Energy Limited Partnership,Not Applicable,Not Applicable,Transmission,0.0,2026,55.96550393,-122.08227169,Not Emergency,10 or fewer dwelling units,Water / Wetlands
0,Equipment Failure,"Engineering and Planning, Maintenance",Saskatchewan,Enbridge Pipelines Inc.,Crude Oil - Sweet,Liquid,Unknown,7.0,2008,50.48386,-104.61447,Level I,Unknown Population Density (Historical Data Migration),Unknown Land Use (Historical Data Migration)
0,Equipment Failure,Maintenance,Manitoba,TransCanada PipeLines Limited,Not Applicable,Not Applicable,Unknown,0.0,2008,49.00106,-97.05547,Level I,Unknown Population Density (Historical Data Migration),Unknown Land Use (Historical Data Migration)
1,Equipment Failure,Maintenance,British Columbia,"Westcoast Energy Inc., carrying on business as Spectra Energy Transmission",Not Applicable,Not Applicable,Unknown,0.0,2008,56.47564,-120.37265,Level I,10 or fewer dwelling units,Unknown Land Use (Historical Data Migration)
0,Equipment Failure,Maintenance,Alberta,Enbridge Pipelines Inc.,Crude Oil - Sweet,Liquid,Unknown,8.0,2008,53.5431,-113.35401,Level I,10 or fewer dwelling units,Unknown Land Use (Historical Data Migration)
0,Corrosion and Cracking,Standards and Procedures,Ontario,TransCanada PipeLines Limited,Natural Gas - Sweet,Gas,Unknown,270.0,2008,43.87378,-79.57985,Level I,10 or fewer dwelling units,Unknown Land Use (Historical Data Migration)
1,Equipment Failure,Maintenance,New Brunswick,Emera Brunswick Pipeline Company Ltd.,Not Applicable,Not Applicable,Unknown,0.0,2008,45.21594,-66.71029,Level I,Unknown Population Density (Historical Data Migration),Unknown Land Use (Historical Data Migration)
0,Equipment Failure,Maintenance,Manitoba,TransCanada PipeLines Limited,Natural Gas - Sweet,Gas,Unknown,0.0,2008,49.91204,-98.51757,Level I,Unknown Population Density (Historical Data Migration),Unknown Land Use (Historical Data Migration)
0,External Interference,Standards and Procedures,British Columbia,TransCanada PipeLines Limited,Not Applicable,Not Applicable,Unknown,0.0,2008,49.28795,-115.83383,Level I,Unknown Population Density (Historical Data Migration),Unknown Land Use (Historical Data Migration)
1,Incorrect Operation,"Human Factors, Inadequate Supervision, Standards and Procedures",Saskatchewan,Enbridge Pipelines Inc.,Not Applicable,Not Applicable,Unknown,0.0,2008,51.63833,-108.35487,Level III,Unknown Population Density (Historical Data Migration),Unknown Land Use (Historical Data Migration)
0,Incorrect Operation,Maintenance,Alberta,Enbridge Pipelines Inc.,Crude Oil - Synthetic,Liquid,Unknown,40.0,2008,53.54745,-113.35577,Level I,Unknown Population Density (Historical Data Migration),Unknown Land Use (Historical Data Migration)
0,Defect and Deterioration,Human Factors,Saskatchewan,TransCanada PipeLines Limited,Natural Gas - Sweet,Gas,Unknown,0.0,2008,50.20731,-101.48747,Level I,Unknown Population Density (Historical Data Migration),Unknown Land Use (Historical Data Migration)
0,Equipment Failure,Maintenance,Saskatchewan,Alliance Pipeline Ltd.,Natural Gas - Sweet,Gas,Unknown,800.0,2008,49.31834,-102.28983,Level I,Unknown Population Density (Historical Data Migration),Unknown Land Use (Historical Data Migration)
0,Equipment Failure,Standards and Procedures,Alberta,Enbridge Pipelines Inc.,Diesel Fuel,Liquid,Unknown,2.0,2008,53.5416,-113.36454,Level I,Unknown Population Density (Historical Data Migration),Unknown Land Use (Historical Data Migration)
0,Defect and Deterioration,Maintenance,Ontario,TransCanada PipeLines Limited,Natural Gas - Sweet,Gas,Unknown,0.0,2008,49.79469,-85.85655,Level I,Unknown Population Density (Historical Data Migration),Unknown Land Use (Historical Data Migration)
0,Equipment Failure,Maintenance,Saskatchewan,Spectra Energy Empress Management Inc. as General Partner and Agent for Spectra Energy Empress L.P.,Propane,Gas,Unknown,0.5,2008,50.539202,-107.30766,Level I,10 or fewer dwelling units,Unknown Land Use (Historical Data Migration)
1,Incorrect Operation,"Human Factors, Maintenance, Standards and Procedures, Tools and Equipment",British Columbia,Trans Mountain Pipeline ULC,Not Applicable,Not Applicable,Unknown,0.0,2008,53.024796,-119.151198,Level III,Unknown Population Density (Historical Data Migration),Unknown Land Use (Historical Data Migration)
1,Corrosion and Cracking,"Human Factors, Maintenance",British Columbia,"Westcoast Energy Inc., carrying on business as Spectra Energy Transmission",Natural Gas - Sour,Gas,Unknown,0.0,2009,56.4929924,-121.335434,Level I,Unknown Population Density (Historical Data Migration),Unknown Land Use (Historical Data Migration)
0,Equipment Failure,"Engineering and Planning, Standards and Procedures",Quebec,Trans-Northern Pipelines Inc.,Not Applicable,Not Applicable,Unknown,0.0,2009,45.55865,-73.89602,Level I,Unknown Population Density (Historical Data Migration),Unknown Land Use (Historical Data Migration)
0,External Interference,Maintenance,Alberta,NOVA Gas Transmission Ltd.,Natural Gas - Sweet,Gas,Transmission,17000.0,2009,51.728528,-111.6805,Level III,Unknown Population Density (Historical Data Migration),Unknown Land Use (Historical Data Migration)
1,Corrosion and Cracking,Engineering and Planning,British Columbia,"Westcoast Energy Inc., carrying on business as Spectra Energy Transmission",Natural Gas - Sour,Gas,Unknown,4.0,2009,58.93456,-121.3121,Level I,Unknown Population Density (Historical Data Migration),Unknown Land Use (Historical Data Migration)
0,Equipment Failure,Maintenance,Alberta,NOVA Gas Transmission Ltd.,Natural Gas - Sweet,Gas,Unknown,0.0,2009,54.09552,-112.31043,Level I,10 or fewer dwelling units,Unknown Land Use (Historical Data Migration)
0,External Interference,Standards and Procedures,Alberta,NOVA Gas Transmission Ltd.,Not Applicable,Not Applicable,Unknown,0.0,2009,52.75424,-110.74467,Level I,10 or fewer dwelling units,Unknown Land Use (Historical Data Migration)
1,Corrosion and Cracking,"Maintenance, Tools and Equipment",Alberta,NOVA Gas Transmission Ltd.,Natural Gas - Sweet,Gas,Transmission,1450000.0,2009,58.208389,-118.501722,Level III,Unknown Population Density (Historical Data Migration),Unknown Land Use (Historical Data Migration)
0,Equipment Failure,Maintenance,New Brunswick,Emera Brunswick Pipeline Company Ltd.,Natural Gas - Sweet,Gas,Unknown,0.0,2009,45.26269,-65.98211,Level I,Unknown Population Density (Historical Data Migration),Unknown Land Use (Historical Data Migration)
0,"Defect and Deterioration, Equipment Failure","Inadequate Supervision, Maintenance, Tools and Equipment",Alberta,NOVA Gas Transmission Ltd.,Natural Gas - Sweet,Gas,Unknown,0.0,2009,49.62622,-114.51601,Level I,Unknown Population Density (Historical Data Migration),Unknown Land Use (Historical Data Migration)
0,Equipment Failure,"Inadequate Supervision, Maintenance",British Columbia,"Westcoast Energy Inc., carrying on business as Spectra Energy Transmission",Not Applicable,Not Applicable,Unknown,0.0,2009,56.83306,-122.36517,Level I,Unknown Population Density (Historical Data Migration),Unknown Land Use (Historical Data Migration)
0,Equipment Failure,Maintenance,Alberta,NOVA Gas Transmission Ltd.,Natural Gas - Sweet,Gas,Unknown,40.0,2009,55.12549,-117.83828,Level I,Unknown Population Density (Historical Data Migration),Unknown Land Use (Historical Data Migration)
0,Defect and Deterioration,Maintenance,Alberta,NOVA Gas Transmission Ltd.,Natural Gas - Sweet,Gas,Unknown,2.9,2009,53.58571,-116.43392,Level I,Unknown Population Density (Historical Data Migration),Unknown Land Use (Historical Data Migration)
0,External Interference,Maintenance,Ontario,Enbridge Pipelines Inc.,Not Applicable,Not Applicable,Unknown,0.0,2009,42.97521,-82.40666,Level I,Unknown Population Density (Historical Data Migration),Unknown Land Use (Historical Data Migration)
0,Equipment Failure,"Inadequate Supervision, Maintenance",British Columbia,"Westcoast Energy Inc., carrying on business as Spectra Energy Transmission",Not Applicable,Not Applicable,Unknown,0.0,2009,55.56925,-121.94466,Level I,Unknown Population Density (Historical Data Migration),Unknown Land Use (Historical Data Migration)
0,Equipment Failure,Maintenance,Ontario,TransCanada PipeLines Limited,Not Applicable,Not Applicable,Unknown,0.0,2009,43.96006,-78.81933,Level I,Unknown Population Density (Historical Data Migration),Unknown Land Use (Historical Data Migration)
0,Corrosion and Cracking,Maintenance,British Columbia,"Westcoast Energy Inc., carrying on business as Spectra Energy Transmission",Natural Gas - Sweet,Gas,Unknown,0.0,2009,52.12922,-121.94289,Level I,Unknown Population Density (Historical Data Migration),Unknown Land Use (Historical Data Migration)
0,Equipment Failure,Human Factors,Alberta,Enbridge Pipelines Inc.,Not Applicable,Not Applicable,Unknown,0.0,2010,53.54740278,-113.3556944,Level I,Unknown Population Density (Historical Data Migration),Unknown Land Use (Historical Data Migration)
1,"External Interference, Incorrect Operation","Failure in communication, Human Factors, Tools and Equipment",Manitoba,Enbridge Pipelines Inc.,Not Applicable,Not Applicable,Transmission,0.0,2012,49.316926,-98.554895,Level I,Unknown Population Density (Historical Data Migration),Unknown Land Use (Historical Data Migration)
1,"External Interference, Incorrect Operation","Failure in communication, Human Factors",Manitoba,Enbridge Pipelines Inc.,Not Applicable,Not Applicable,Transmission,0.0,2012,49.848471,-99.95009,Level I,Unknown Population Density (Historical Data Migration),Unknown Land Use (Historical Data Migration)
1,"External Interference, Incorrect Operation","Failure in communication, Human Factors, Standards and Procedures, Tools and Equipment",Manitoba,Enbridge Pipelines Inc.,Not Applicable,Not Applicable,Transmission,0.0,2012,49.18011,-97.938947,Level I,Unknown Population Density (Historical Data Migration),Unknown Land Use (Historical Data Migration)
1,Equipment Failure,Maintenance,Alberta,NOVA Gas Transmission Ltd.,Natural Gas - Sweet,Gas,Unknown,125000.0,2010,56.367553,-119.931713,Level I,10 or fewer dwelling units,Unknown Land Use (Historical Data Migration)
1,To be determined,To be determined,British Columbia,"Westcoast Energy Inc., carrying on business as Spectra Energy Transmission",Contaminated Water,Miscellaneous,Processing,33.0,2010,56.14638,-120.66917,Level I,46 or more dwelling units,Unknown Land Use (Historical Data Migration)
1,Incorrect Operation,Human Factors,Alberta,NOVA Gas Transmission Ltd.,Not Applicable,Not Applicable,Unknown,0.0,2010,56.86338,-114.70979,Level I,10 or fewer dwelling units,Unknown Land Use (Historical Data Migration)
0,Equipment Failure,Engineering and Planning,Alberta,NOVA Gas Transmission Ltd.,Not Applicable,Not Applicable,Unknown,0.0,2010,57.503,-116.45,Level I,Unknown Population Density (Historical Data Migration),Unknown Land Use (Historical Data Migration)
0,Defect and Deterioration,Maintenance,Ontario,TransCanada PipeLines Limited,Not Applicable,Not Applicable,Transmission,0.0,2010,44.23202,-77.23148,Level I,Unknown Population Density (Historical Data Migration),Unknown Land Use (Historical Data Migration)
0,"Equipment Failure, External Interference","Engineering and Planning, Natural or Environmental Forces, Standards and Procedures",Ontario,Trans-Northern Pipelines Inc.,Not Applicable,Not Applicable,Distribution,0.0,2010,43.46745,-79.68767,Level I,Unknown Population Density (Historical Data Migration),Unknown Land Use (Historical Data Migration)
0,Defect and Deterioration,Maintenance,Alberta,NOVA Gas Transmission Ltd.,Natural Gas - Sweet,Gas,Unknown,0.0,2010,55.88802,-112.12314,Level I,Unknown Population Density (Historical Data Migration),Unknown Land Use (Historical Data Migration)
0,"External Interference, Incorrect Operation","Engineering and Planning, Failure in communication",Alberta,NOVA Gas Transmission Ltd.,Not Applicable,Not Applicable,Unknown,0.0,2010,52.09768,-110.69846,Level I,Unknown Population Density (Historical Data Migration),Unknown Land Use (Historical Data Migration)
0,Equipment Failure,Maintenance,Alberta,TransCanada Keystone Pipeline GP Ltd.,Not Applicable,Not Applicable,Unknown,0.0,2010,52.64172,-111.27087,Level I,Unknown Population Density (Historical Data Migration),Unknown Land Use (Historical Data Migration)
0,Corrosion and Cracking,Maintenance,Alberta,NOVA Gas Transmission Ltd.,Natural Gas - Sweet,Gas,Unknown,0.0,2010,54.83034,-118.64722,Level I,Unknown Population Density (Historical Data Migration),Unknown Land Use (Historical Data Migration)
1,Equipment Failure,"Engineering and Planning, Maintenance",British Columbia,"Westcoast Energy Inc., carrying on business as Spectra Energy Transmission",Natural Gas - Sour,Gas,Unknown,0.0,2010,55.04188,-121.01874,Level I,Unknown Population Density (Historical Data Migration),Unknown Land Use (Historical Data Migration)
0,Equipment Failure,Maintenance,New Brunswick,Maritimes & Northeast Pipeline Management Ltd.,Natural Gas - Sweet,Gas,Unknown,300.0,2010,45.18676,-66.54595,Level I,Unknown Population Density (Historical Data Migration),Unknown Land Use (Historical Data Migration)
0,Corrosion and Cracking,Maintenance,Ontario,TransCanada PipeLines Limited,Natural Gas - Sweet,Gas,Unknown,0.0,2010,46.37985,-79.46885,Level I,Unknown Population Density (Historical Data Migration),Unknown Land Use (Historical Data Migration)
0,Defect and Deterioration,Maintenance,Alberta,NOVA Gas Transmission Ltd.,Natural Gas - Sweet,Gas,Unknown,0.0,2010,54.0923,-116.62298,Level I,Unknown Population Density (Historical Data Migration),Unknown Land Use (Historical Data Migration)
0,Defect and Deterioration,Human Factors,Saskatchewan,Foothills Pipe Lines (Saskatchewan) Ltd.,Fuel Gas,Gas,Unknown,0.0,2010,50.53819444,-107.3048333,Level I,Unknown Population Density (Historical Data Migration),Unknown Land Use (Historical Data Migration)
0,External Interference,Tools and Equipment,British Columbia,"Westcoast Energy Inc., carrying on business as Spectra Energy Transmission",Not Applicable,Not Applicable,Unknown,0.0,2010,56.63939722,-121.6420556,Level I,Unknown Population Density (Historical Data Migration),Unknown Land Use (Historical Data Migration)
0,Incorrect Operation,Human Factors,Ontario,Enbridge Pipelines Inc.,Crude Oil - Sweet,Liquid,Unknown,17.5,2010,42.83421028,-80.0417111,Level I,Unknown Population Density (Historical Data Migration),Unknown Land Use (Historical Data Migration)
0,Defect and Deterioration,Maintenance,Ontario,TransCanada PipeLines Limited,Natural Gas - Sweet,Gas,Gathering,0.0,2010,46.43231389,-79.4676583,Level I,Unknown Population Density (Historical Data Migration),Unknown Land Use (Historical Data Migration)
0,"Equipment Failure, External Interference, Incorrect Operation","Maintenance, Natural or Environmental Forces",Ontario,TransCanada PipeLines Limited,Not Applicable,Not Applicable,Unknown,0.0,2010,49.79171111,-94.4943138,Level I,Unknown Population Density (Historical Data Migration),Unknown Land Use (Historical Data Migration)
0,Equipment Failure,"Engineering and Planning, Tools and Equipment",Saskatchewan,TransCanada PipeLines Limited,Natural Gas - Sweet,Gas,Unknown,11000.0,2010,50.67645278,-109.9787222,Level I,Unknown Population Density (Historical Data Migration),Unknown Land Use (Historical Data Migration)
0,Defect and Deterioration,Maintenance,Alberta,NOVA Gas Transmission Ltd.,Natural Gas - Sweet,Gas,Unknown,0.0,2010,54.83012222,-118.6471944,Level I,Unknown Population Density (Historical Data Migration),Unknown Land Use (Historical Data Migration)
0,Equipment Failure,Maintenance,Saskatchewan,TransCanada PipeLines Limited,Natural Gas - Sweet,Gas,Unknown,0.0,2010,50.33116111,-103.6093333,Level I,Unknown Population Density (Historical Data Migration),Unknown Land Use (Historical Data Migration)
1,Incorrect Operation,"Human Factors, Standards and Procedures",British Columbia,"Westcoast Energy Inc., carrying on business as Spectra Energy Transmission",Not Applicable,Not Applicable,Unknown,0.0,2010,58.65305556,-122.6848278,Level I,Unknown Population Density (Historical Data Migration),Unknown Land Use (Historical Data Migration)
0,External Interference,Engineering and Planning,Alberta,NOVA Gas Transmission Ltd.,Not Applicable,Not Applicable,Unknown,0.0,2010,55.82576,-119.73576,Level I,Unknown Population Density (Historical Data Migration),Unknown Land Use (Historical Data Migration)
0,Equipment Failure,Engineering and Planning,Manitoba,TransCanada Keystone Pipeline GP Ltd.,Not Applicable,Not Applicable,Unknown,0.0,2010,50.01944722,-99.3645055,Level I,Unknown Population Density (Historical Data Migration),Unknown Land Use (Historical Data Migration)
0,Equipment Failure,Maintenance,Alberta,NOVA Gas Transmission Ltd.,Natural Gas - Sweet,Gas,Unknown,1.0,2010,54.67993889,-118.9943333,Level I,Unknown Population Density (Historical Data Migration),Unknown Land Use (Historical Data Migration)
0,Corrosion and Cracking,Maintenance,Ontario,TransCanada PipeLines Limited,Natural Gas - Sweet,Gas,Unknown,0.0,2010,43.11360833,-79.463075,Level I,Unknown Population Density (Historical Data Migration),Unknown Land Use (Historical Data Migration)
0,Equipment Failure,Maintenance,Ontario,TransCanada PipeLines Limited,Natural Gas - Sweet,Gas,Unknown,0.0,2010,49.68026111,-87.5951138,Level I,Unknown Population Density (Historical Data Migration),Unknown Land Use (Historical Data Migration)
0,Equipment Failure,Maintenance,Nova Scotia,Maritimes & Northeast Pipeline Management Ltd.,Natural Gas - Sweet,Gas,Unknown,3.0,2011,45.3,-62.983333,Level I,Unknown Population Density (Historical Data Migration),Unknown Land Use (Historical Data Migration)
0,Incorrect Operation,"Human Factors, Inadequate Supervision",Alberta,NOVA Gas Transmission Ltd.,Not Applicable,Not Applicable,Unknown,0.0,2011,57.25289,-111.05669,Level I,Unknown Population Density (Historical Data Migration),Unknown Land Use (Historical Data Migration)
0,Equipment Failure,Maintenance,Alberta,NOVA Gas Transmission Ltd.,Natural Gas - Sweet,Gas,Unknown,0.0,2011,52.36527,-113.08174,Level I,Unknown Population Density (Historical Data Migration),Unknown Land Use (Historical Data Migration)
0,Corrosion and Cracking,Maintenance,British Columbia,Trans Mountain Pipeline ULC,Waste Oil,Liquid,Unknown,11.0,2011,50.66255,-120.41416,Level I,Unknown Population Density (Historical Data Migration),Unknown Land Use (Historical Data Migration)
0,Defect and Deterioration,Maintenance,Alberta,NOVA Gas Transmission Ltd.,Natural Gas - Sweet,Gas,Unknown,0.0,2011,51.18869,-112.93903,Level I,Unknown Population Density (Historical Data Migration),Unknown Land Use (Historical Data Migration)
0,Corrosion and Cracking,Engineering and Planning,Ontario,TransCanada PipeLines Limited,Natural Gas - Sweet,Gas,Unknown,0.0,2011,49.48823,-91.98782,Level I,10 or fewer dwelling units,Unknown Land Use (Historical Data Migration)
0,Corrosion and Cracking,Engineering and Planning,Ontario,TransCanada PipeLines Limited,Natural Gas - Sweet,Gas,Unknown,0.0,2011,49.48823,-91.98782,Level I,10 or fewer dwelling units,Unknown Land Use (Historical Data Migration)
0,Corrosion and Cracking,Engineering and Planning,British Columbia,"Westcoast Energy Inc., carrying on business as Spectra Energy Transmission",Natural Gas - Sweet,Gas,Unknown,0.0,2011,58.85595,-121.78287,Level I,Unknown Population Density (Historical Data Migration),Unknown Land Use (Historical Data Migration)
0,Defect and Deterioration,Maintenance,Saskatchewan,Alliance Pipeline Ltd.,Natural Gas - Sweet,Gas,Unknown,170.0,2011,49.9746,-103.6528,Level I,Unknown Population Density (Historical Data Migration),Unknown Land Use (Historical Data Migration)
0,Corrosion and Cracking,"Maintenance, Standards and Procedures",Ontario,TransCanada PipeLines Limited,Natural Gas - Sweet,Gas,Unknown,1000.0,2011,49.29513,-88.10109,Level I,Unknown Population Density (Historical Data Migration),Unknown Land Use (Historical Data Migration)
1,Incorrect Operation,Human Factors,Alberta,NOVA Gas Transmission Ltd.,Not Applicable,Not Applicable,Unknown,0.0,2011,54.868241,-118.809763,Level I,Unknown Population Density (Historical Data Migration),Unknown Land Use (Historical Data Migration)
0,Corrosion and Cracking,Engineering and Planning,Ontario,TransCanada PipeLines Limited,Natural Gas - Sweet,Gas,Unknown,0.0,2011,48.87166,-80.893589,Level I,Unknown Population Density (Historical Data Migration),Unknown Land Use (Historical Data Migration)
0,Defect and Deterioration,Maintenance,Nova Scotia,Maritimes & Northeast Pipeline Management Ltd.,Natural Gas - Sweet,Gas,Unknown,0.0,2011,45.3,-62.98333,Level I,Unknown Population Density (Historical Data Migration),Unknown Land Use (Historical Data Migration)
0,Defect and Deterioration,Maintenance,Nova Scotia,Maritimes & Northeast Pipeline Management Ltd.,Natural Gas - Sweet,Gas,Unknown,0.0,2011,45.3,-62.98333,Level I,Unknown Population Density (Historical Data Migration),Unknown Land Use (Historical Data Migration)
0,Corrosion and Cracking,Maintenance,Alberta,Enbridge Pipelines Inc.,Natural Gas Liquids,Gas,Unknown,0.0,2011,52.635343,-111.267485,Level I,Unknown Population Density (Historical Data Migration),Unknown Land Use (Historical Data Migration)
0,Defect and Deterioration,Standards and Procedures,Ontario,TransCanada PipeLines Limited,Natural Gas - Sweet,Gas,Unknown,0.0,2011,49.10559503,-81.273875,Level I,Unknown Population Density (Historical Data Migration),Unknown Land Use (Historical Data Migration)
0,Defect and Deterioration,Maintenance,Alberta,NOVA Gas Transmission Ltd.,Natural Gas - Sweet,Gas,Unknown,0.0,2011,54.83025,-118.64722,Level I,Unknown Population Density (Historical Data Migration),Unknown Land Use (Historical Data Migration)
0,Incorrect Operation,Human Factors,Ontario,TransCanada PipeLines Limited,Natural Gas - Sweet,Gas,Unknown,0.0,2011,43.87391,-79.58006,Level I,Unknown Population Density (Historical Data Migration),Unknown Land Use (Historical Data Migration)
1,"External Interference, Incorrect Operation","Human Factors, Standards and Procedures, Tools and Equipment",Ontario,Niagara Gas Transmission Limited,Not Applicable,Not Applicable,Unknown,0.0,2011,42.97508,-82.40654,Level I,Unknown Population Density (Historical Data Migration),Unknown Land Use (Historical Data Migration)
0,Equipment Failure,Maintenance,Northwest Territories,Enbridge Pipelines (NW) Inc.,Propane,Gas,Unknown,0.0005,2011,64.65833,-124.83612,Level I,Unknown Population Density (Historical Data Migration),Unknown Land Use (Historical Data Migration)
0,External Interference,"Human Factors, Maintenance, Standards and Procedures, Tools and Equipment",Ontario,Ethane Shippers Joint Venture,Not Applicable,Not Applicable,Unknown,0.0,2011,42.280509,-83.077658,Level I,Unknown Population Density (Historical Data Migration),Unknown Land Use (Historical Data Migration)
0,Equipment Failure,Standards and Procedures,Northwest Territories,Enbridge Pipelines (NW) Inc.,Mixed HVP Hydrocarbons,Gas,Unknown,0.0,2011,63.87793,-123.98697,Level I,Unknown Population Density (Historical Data Migration),Unknown Land Use (Historical Data Migration)
0,Equipment Failure,Maintenance,Northwest Territories,Enbridge Pipelines (NW) Inc.,Propane,Gas,Unknown,0.001,2011,63.261177,-123.402616,Level I,Unknown Population Density (Historical Data Migration),Unknown Land Use (Historical Data Migration)
0,External Interference,Standards and Procedures,Saskatchewan,Enbridge Pipelines Inc.,Not Applicable,Not Applicable,Unknown,0.0,2011,50.25906,-103.70813,Level I,Unknown Population Density (Historical Data Migration),Unknown Land Use (Historical Data Migration)
0,Equipment Failure,Maintenance,Alberta,NOVA Gas Transmission Ltd.,Natural Gas - Sweet,Gas,Unknown,0.0,2011,50.90519,-112.10804,Level I,Unknown Population Density (Historical Data Migration),Unknown Land Use (Historical Data Migration)
0,To be determined,To be determined,Ontario,TransCanada PipeLines Limited,Not Applicable,Not Applicable,Unknown,0.0,2011,49.67061,-83.65592,Level I,Unknown Population Density (Historical Data Migration),Unknown Land Use (Historical Data Migration)
0,Defect and Deterioration,"Maintenance, Standards and Procedures",British Columbia,Foothills Pipe Lines Ltd.,Not Applicable,Not Applicable,Unknown,0.0,2011,49.07839,-116.10601,Level I,10 or fewer dwelling units,Unknown Land Use (Historical Data Migration)
0,Equipment Failure,Engineering and Planning,Alberta,NOVA Gas Transmission Ltd.,Natural Gas - Sweet,Gas,Unknown,50.0,2011,54.14314,-115.36091,Level I,Unknown Population Density (Historical Data Migration),Unknown Land Use (Historical Data Migration)
0,Equipment Failure,Maintenance,Alberta,NOVA Gas Transmission Ltd.,Natural Gas - Sweet,Gas,Unknown,0.0,2011,55.72877,-117.08296,Level I,Unknown Population Density (Historical Data Migration),Unknown Land Use (Historical Data Migration)
0,Defect and Deterioration,Maintenance,Ontario,TransCanada PipeLines Limited,Natural Gas - Sweet,Gas,Unknown,4.0,2011,49.74457,-84.06787,Level I,Unknown Population Density (Historical Data Migration),Unknown Land Use (Historical Data Migration)
0,"Equipment Failure, External Interference, Incorrect Operation",Maintenance,Ontario,TransCanada PipeLines Limited,Not Applicable,Not Applicable,Transmission,0.0,2011,43.87374,-79.57983,Level I,Unknown Population Density (Historical Data Migration),Unknown Land Use (Historical Data Migration)
0,To be determined,To be determined,Manitoba,TransCanada Keystone Pipeline GP Ltd.,Not Applicable,Not Applicable,Unknown,0.0,2011,49.91197,-98.51779,Level I,Unknown Population Density (Historical Data Migration),Unknown Land Use (Historical Data Migration)
0,Corrosion and Cracking,Maintenance,Alberta,NOVA Gas Transmission Ltd.,Natural Gas - Sweet,Gas,Unknown,0.0,2012,54.830521,-118.647866,Level I,Unknown Population Density (Historical Data Migration),Unknown Land Use (Historical Data Migration)
0,"Defect and Deterioration, Equipment Failure",Engineering and Planning,New Brunswick,Maritimes & Northeast Pipeline Management Ltd.,Natural Gas - Sweet,Gas,Unknown,0.0,2012,45.258307,-66.093651,Level I,Unknown Population Density (Historical Data Migration),Unknown Land Use (Historical Data Migration)
0,Equipment Failure,Maintenance,Alberta,NOVA Gas Transmission Ltd.,Natural Gas - Sweet,Gas,Unknown,0.0,2012,55.16008,-117.8411,Level I,Unknown Population Density (Historical Data Migration),Unknown Land Use (Historical Data Migration)
0,"External Interference, Incorrect Operation","Human Factors, Inadequate Supervision, Standards and Procedures",Saskatchewan,Enbridge Pipelines Inc.,Not Applicable,Not Applicable,Unknown,0.0,2012,50.18704,-103.17201,Level I,Unknown Population Density (Historical Data Migration),Unknown Land Use (Historical Data Migration)
0,Equipment Failure,Maintenance,Ontario,TransCanada PipeLines Limited,Natural Gas - Sweet,Gas,Unknown,200.0,2012,48.41782,-80.33662,Level I,10 or fewer dwelling units,Unknown Land Use (Historical Data Migration)
0,Equipment Failure,Maintenance,Alberta,NOVA Gas Transmission Ltd.,Natural Gas - Sweet,Gas,Unknown,0.0,2012,50.08985,-110.72397,Level I,Unknown Population Density (Historical Data Migration),Unknown Land Use (Historical Data Migration)
0,Corrosion and Cracking,"Engineering and Planning, Maintenance",Ontario,TransCanada PipeLines Limited,Natural Gas - Sweet,Gas,Transmission,0.0,2012,49.58892,-83.16656,Level I,Unknown Population Density (Historical Data Migration),Unknown Land Use (Historical Data Migration)
0,External Interference,Maintenance,Alberta,NOVA Gas Transmission Ltd.,Not Applicable,Not Applicable,Unknown,0.0,2012,54.34678,-116.87308,Level I,Unknown Population Density (Historical Data Migration),Unknown Land Use (Historical Data Migration)
0,Corrosion and Cracking,"Maintenance, Standards and Procedures",Alberta,NOVA Gas Transmission Ltd.,Natural Gas - Sweet,Gas,Unknown,0.0,2012,57.36666,-119.75241,Level I,Unknown Population Density (Historical Data Migration),Unknown Land Use (Historical Data Migration)
0,Incorrect Operation,Maintenance,Alberta,NOVA Gas Transmission Ltd.,Not Applicable,Not Applicable,Unknown,0.0,2012,53.96051,-116.46002,Level I,Unknown Population Density (Historical Data Migration),Unknown Land Use (Historical Data Migration)
1,Incorrect Operation,"Human Factors, Inadequate Supervision",British Columbia,"Westcoast Energy Inc., carrying on business as Spectra Energy Transmission",Not Applicable,Not Applicable,Transmission,0.0,2012,55.81403,-120.86935,Level I,Unknown Population Density (Historical Data Migration),Unknown Land Use (Historical Data Migration)
0,"Equipment Failure, External Interference","Human Factors, Maintenance",Ontario,TransCanada PipeLines Limited,Not Applicable,Not Applicable,Unknown,0.0,2012,43.95785704,-78.60959252,Level I,Unknown Population Density (Historical Data Migration),Unknown Land Use (Historical Data Migration)
0,Incorrect Operation,Maintenance,Alberta,TransCanada Keystone Pipeline GP Ltd.,Not Applicable,Not Applicable,Unknown,0.0,2012,52.65396,-111.26847,Level I,Unknown Population Density (Historical Data Migration),Unknown Land Use (Historical Data Migration)
0,Defect and Deterioration,Maintenance,Ontario,TransCanada PipeLines Limited,Natural Gas - Sweet,Gas,Unknown,0.0,2012,49.29567,-88.10151,Level I,Unknown Population Density (Historical Data Migration),Unknown Land Use (Historical Data Migration)
0,Defect and Deterioration,Maintenance,New Brunswick,Maritimes & Northeast Pipeline Management Ltd.,Natural Gas - Sweet,Gas,Unknown,0.0,2012,45.98763,-64.14375,Level I,Unknown Population Density (Historical Data Migration),Unknown Land Use (Historical Data Migration)
0,Defect and Deterioration,Maintenance,New Brunswick,Maritimes & Northeast Pipeline Management Ltd.,Natural Gas - Sweet,Gas,Unknown,0.0,2012,45.98763,-64.14375,Level I,Unknown Population Density (Historical Data Migration),Unknown Land Use (Historical Data Migration)
0,Incorrect Operation,Human Factors,Alberta,NOVA Gas Transmission Ltd.,Not Applicable,Not Applicable,Unknown,0.0,2012,56.55718,-119.02232,Level I,Unknown Population Density (Historical Data Migration),Unknown Land Use (Historical Data Migration)
0,Corrosion and Cracking,Maintenance,Alberta,NOVA Gas Transmission Ltd.,Natural Gas - Sweet,Gas,Unknown,0.0,2012,50.74405,-112.06708,Level II,Unknown Population Density (Historical Data Migration),Unknown Land Use (Historical Data Migration)
0,"Equipment Failure, External Interference","Maintenance, Standards and Procedures",Saskatchewan,Enbridge Pipelines Inc.,Natural Gas - Sweet,Gas,Unknown,0.0,2012,50.48045,-104.57805,Level I,Unknown Population Density (Historical Data Migration),Unknown Land Use (Historical Data Migration)
0,Incorrect Operation,Human Factors,Alberta,NOVA Gas Transmission Ltd.,Not Applicable,Not Applicable,Unknown,0.0,2012,52.06411,-114.91249,Level I,Unknown Population Density (Historical Data Migration),Unknown Land Use (Historical Data Migration)
0,Corrosion and Cracking,Engineering and Planning,Ontario,TransCanada PipeLines Limited,Natural Gas - Sweet,Gas,Unknown,0.0,2012,49.72752728,-95.125515,Level I,Unknown Population Density (Historical Data Migration),Unknown Land Use (Historical Data Migration)
0,Equipment Failure,Engineering and Planning,Alberta,NOVA Gas Transmission Ltd.,Not Applicable,Not Applicable,Unknown,0.0,2012,54.539693,-115.919971,Level I,Unknown Population Density (Historical Data Migration),Unknown Land Use (Historical Data Migration)
0,External Interference,Engineering and Planning,Saskatchewan,Enbridge Pipelines Inc.,Not Applicable,Not Applicable,Unknown,0.0,2012,51.482482,-107.525115,Level I,Unknown Population Density (Historical Data Migration),Unknown Land Use (Historical Data Migration)
0,Equipment Failure,Maintenance,Ontario,Enbridge Pipelines Inc.,Crude Oil - Sour,Liquid,Unknown,7.44,2012,42.95261,-82.37433,Level I,Unknown Population Density (Historical Data Migration),Unknown Land Use (Historical Data Migration)
0,Equipment Failure,Engineering and Planning,Ontario,TransCanada PipeLines Limited,Natural Gas - Sweet,Gas,Unknown,0.0,2012,49.38796,-82.43616,Level I,Unknown Population Density (Historical Data Migration),Unknown Land Use (Historical Data Migration)
0,Equipment Failure,Maintenance,Alberta,NOVA Gas Transmission Ltd.,Natural Gas - Sweet,Gas,Unknown,0.0,2012,55.04178,-114.46266,Level I,Unknown Population Density (Historical Data Migration),Unknown Land Use (Historical Data Migration)
0,Defect and Deterioration,Maintenance,British Columbia,TransCanada PipeLines Limited B.C. System,Natural Gas - Sweet,Gas,Unknown,0.0,2012,49.238462,-115.855313,Level I,Unknown Population Density (Historical Data Migration),Unknown Land Use (Historical Data Migration)
0,Equipment Failure,Maintenance,Alberta,NOVA Gas Transmission Ltd.,Natural Gas - Sweet,Gas,Unknown,0.0,2012,54.26029388,-115.2028366,Level I,Unknown Population Density (Historical Data Migration),Unknown Land Use (Historical Data Migration)
0,Defect and Deterioration,Maintenance,New Brunswick,Maritimes & Northeast Pipeline Management Ltd.,Natural Gas - Sweet,Gas,Unknown,0.0,2012,45.806186,-66.593942,Level I,Unknown Population Density (Historical Data Migration),Unknown Land Use (Historical Data Migration)
0,External Interference,Maintenance,Alberta,NOVA Gas Transmission Ltd.,Not Applicable,Not Applicable,Unknown,0.0,2012,57.36002,-119.74979,Level I,Unknown Population Density (Historical Data Migration),Unknown Land Use (Historical Data Migration)
0,Equipment Failure,Maintenance,New Brunswick,Maritimes & Northeast Pipeline Management Ltd.,Natural Gas - Sweet,Gas,Unknown,0.0,2012,46.050194,-65.259182,Level I,Unknown Population Density (Historical Data Migration),Unknown Land Use (Historical Data Migration)
0,Corrosion and Cracking,Engineering and Planning,Alberta,NOVA Gas Transmission Ltd.,Natural Gas - Sweet,Gas,Unknown,0.0,2012,54.043732,-117.421244,Level I,Unknown Population Density (Historical Data Migration),Unknown Land Use (Historical Data Migration)
0,"Corrosion and Cracking, External Interference, Incorrect Operation, Natural Force Damage","Maintenance, Natural or Environmental Forces",Saskatchewan,Enbridge Pipelines Inc.,Crude Oil - Sweet,Liquid,Unknown,7.7,2013,50.18688,-103.17213,Level I,Unknown Population Density (Historical Data Migration),Unknown Land Use (Historical Data Migration)
0,Corrosion and Cracking,Standards and Procedures,Alberta,NOVA Gas Transmission Ltd.,Natural Gas - Sweet,Gas,Unknown,0.0,2013,57.02618,-111.69054,Level I,Unknown Population Density (Historical Data Migration),Unknown Land Use (Historical Data Migration)
0,External Interference,"Engineering and Planning, Maintenance",Alberta,NOVA Gas Transmission Ltd.,Not Applicable,Not Applicable,Unknown,0.0,2013,54.095087,-112.305849,Level I,46 or more dwelling units,Unknown Land Use (Historical Data Migration)
0,To be determined,To be determined,Alberta,NOVA Gas Transmission Ltd.,Natural Gas - Sweet,Gas,Unknown,0.0,2013,55.22444444,-114.8005555,Level I,Unknown Population Density (Historical Data Migration),Unknown Land Use (Historical Data Migration)
0,Equipment Failure,Maintenance,Alberta,NOVA Gas Transmission Ltd.,Natural Gas - Sweet,Gas,Unknown,0.0,2013,50.060735,-110.729591,Level I,Unknown Population Density (Historical Data Migration),Unknown Land Use (Historical Data Migration)
0,Equipment Failure,Maintenance,Manitoba,TransCanada PipeLines Limited,Natural Gas - Sweet,Gas,Unknown,0.0,2013,49.681165,-95.374581,Level I,Unknown Population Density (Historical Data Migration),Unknown Land Use (Historical Data Migration)
0,"Corrosion and Cracking, Defect and Deterioration",Maintenance,Ontario,TransCanada PipeLines Limited,Natural Gas - Sweet,Gas,Unknown,0.0,2013,49.801251,-86.760603,Level I,Unknown Population Density (Historical Data Migration),Unknown Land Use (Historical Data Migration)
0,"Corrosion and Cracking, Defect and Deterioration, Incorrect Operation",Maintenance,British Columbia,"Westcoast Energy Inc., carrying on business as Spectra Energy Transmission",Sulphur Dioxide,Miscellaneous,Unknown,1.0,2013,55.569092,-121.944662,Level I,Unknown Population Density (Historical Data Migration),Unknown Land Use (Historical Data Migration)
0,Equipment Failure,Maintenance,Manitoba,TransCanada PipeLines Limited,Natural Gas - Sweet,Gas,Unknown,0.0001,2013,49.681165,-95.374581,Level I,Unknown Population Density (Historical Data Migration),Unknown Land Use (Historical Data Migration)
0,External Interference,Standards and Procedures,British Columbia,"Westcoast Energy Inc., carrying on business as Spectra Energy Transmission",Condensate,Liquid,Unknown,2.0,2013,59.20186,-121.596498,Level I,Unknown Population Density (Historical Data Migration),Unknown Land Use (Historical Data Migration)
0,Incorrect Operation,Standards and Procedures,Alberta,NOVA Gas Transmission Ltd.,Not Applicable,Not Applicable,Unknown,0.0,2013,57.367714,-119.752776,Level I,Unknown Population Density (Historical Data Migration),Unknown Land Use (Historical Data Migration)
0,External Interference,Natural or Environmental Forces,Alberta,TransCanada Keystone Pipeline GP Ltd.,Not Applicable,Not Applicable,Transmission,0.0,2013,52.65396,-111.26844,Level I,46 or more dwelling units,Unknown Land Use (Historical Data Migration)
1,External Interference,"Engineering and Planning, Human Factors, Inadequate Supervision, Maintenance, Standards and Procedures, Tools and Equipment",British Columbia,"Westcoast Energy Inc., carrying on business as Spectra Energy Transmission",Natural Gas - Sweet,Gas,Transmission,0.01,2013,58.653246,-122.684823,Level II,Unknown Population Density (Historical Data Migration),Unknown Land Use (Historical Data Migration)
0,"Defect and Deterioration, External Interference","Standards and Procedures, Tools and Equipment",Alberta,Alliance Pipeline Ltd.,Natural Gas - Sweet,Gas,Gathering,0.0,2013,53.66111,-116.59955,Level I,Unknown Population Density (Historical Data Migration),Unknown Land Use (Historical Data Migration)
0,Incorrect Operation,Standards and Procedures,Alberta,TransCanada Keystone Pipeline GP Ltd.,Not Applicable,Not Applicable,Unknown,0.0,2013,52.653959,-111.268469,Level I,Unknown Population Density (Historical Data Migration),Unknown Land Use (Historical Data Migration)
0,Equipment Failure,Engineering and Planning,Alberta,NOVA Gas Transmission Ltd.,Natural Gas - Sweet,Gas,Unknown,0.0,2013,54.09296,-116.62308,Level I,Unknown Population Density (Historical Data Migration),Unknown Land Use (Historical Data Migration)
0,Defect and Deterioration,Engineering and Planning,Alberta,NOVA Gas Transmission Ltd.,Natural Gas - Sweet,Gas,Unknown,0.0,2013,54.08577,-116.64156,Level I,Unknown Population Density (Historical Data Migration),Unknown Land Use (Historical Data Migration)
0,Equipment Failure,Maintenance,Alberta,Enbridge Pipelines Inc.,Natural Gas Liquids,Gas,Unknown,0.0,2013,52.930153,-112.073468,Level I,Unknown Population Density (Historical Data Migration),Unknown Land Use (Historical Data Migration)
0,External Interference,Maintenance,British Columbia,"Westcoast Energy Inc., carrying on business as Spectra Energy Transmission",Natural Gas - Sweet,Gas,Unknown,0.0,2013,58.6535,-122.68519,Level I,Unknown Population Density (Historical Data Migration),Unknown Land Use (Historical Data Migration)
0,"Corrosion and Cracking, Defect and Deterioration","Engineering and Planning, Maintenance",Alberta,NOVA Gas Transmission Ltd.,Natural Gas - Sweet,Gas,Transmission,0.0,2013,55.26619,-114.60103,Level II,Unknown Population Density (Historical Data Migration),Unknown Land Use (Historical Data Migration)
0,Corrosion and Cracking,Maintenance,Alberta,NOVA Gas Transmission Ltd.,Natural Gas - Sweet,Gas,Transmission,0.0,2013,53.97323,-112.22835,Level II,Unknown Population Density (Historical Data Migration),Unknown Land Use (Historical Data Migration)
0,Corrosion and Cracking,Maintenance,Alberta,NOVA Gas Transmission Ltd.,Natural Gas - Sweet,Gas,Transmission,0.0,2013,55.26395,-114.601007,Level I,Unknown Population Density (Historical Data Migration),Unknown Land Use (Historical Data Migration)
1,Defect and Deterioration,"Engineering and Planning, Failure in communication",Alberta,NOVA Gas Transmission Ltd.,Natural Gas - Sweet,Gas,Unknown,16500000.0,2013,56.514327,-113.679868,Level II,10 or fewer dwelling units,Forests
0,"Defect and Deterioration, Incorrect Operation, Natural Force Damage","Engineering and Planning, Failure in communication",Alberta,NOVA Gas Transmission Ltd.,Not Applicable,Not Applicable,Transmission,0.0,2013,56.51516,-113.65075,Level I,10 or fewer dwelling units,Unknown Land Use (Historical Data Migration)
0,Corrosion and Cracking,"Human Factors, Maintenance",Alberta,NOVA Gas Transmission Ltd.,Natural Gas - Sweet,Gas,Unknown,0.0,2013,52.3882,-112.2162,Level I,Unknown Population Density (Historical Data Migration),Unknown Land Use (Historical Data Migration)
0,Corrosion and Cracking,Engineering and Planning,Saskatchewan,TransCanada PipeLines Limited,Natural Gas - Sweet,Gas,Unknown,0.0,2013,50.676806,-109.929667,Level I,Unknown Population Density (Historical Data Migration),Unknown Land Use (Historical Data Migration)
0,Defect and Deterioration,Maintenance,New Brunswick,Maritimes & Northeast Pipeline Management Ltd.,Natural Gas - Sweet,Gas,Unknown,5.7,2013,45.273315,-66.063308,Level I,46 or more dwelling units,Unknown Land Use (Historical Data Migration)
0,Incorrect Operation,Inadequate Supervision,Alberta,Enbridge Pipelines Inc.,Not Applicable,Not Applicable,Unknown,0.0,2013,53.547403,-113.355714,Level I,Unknown Population Density (Historical Data Migration),Unknown Land Use (Historical Data Migration)
0,Corrosion and Cracking,Maintenance,Ontario,TransCanada PipeLines Limited,Natural Gas - Sweet,Gas,Unknown,0.0,2013,49.82512,-93.627265,Level I,Unknown Population Density (Historical Data Migration),Unknown Land Use (Historical Data Migration)
0,Equipment Failure,Maintenance,New Brunswick,Maritimes & Northeast Pipeline Management Ltd.,Natural Gas - Sweet,Gas,Unknown,500.0,2013,45.273315,-66.063308,Level I,46 or more dwelling units,Unknown Land Use (Historical Data Migration)
0,Equipment Failure,Maintenance,British Columbia,"Westcoast Energy Inc., carrying on business as Spectra Energy Transmission",Natural Gas - Sweet,Gas,Unknown,0.0001,2013,58.653246,-122.684823,Level I,Unknown Population Density (Historical Data Migration),Unknown Land Use (Historical Data Migration)
1,Defect and Deterioration,Maintenance,Saskatchewan,Enbridge Pipelines Inc.,Crude Oil - Synthetic,Liquid,Unknown,20.0,2014,50.392646,-104.569717,Level II,Unknown Population Density (Historical Data Migration),Unknown Land Use (Historical Data Migration)
0,"Equipment Failure, Incorrect Operation","Human Factors, Standards and Procedures",Alberta,Trans Mountain Pipeline ULC,Crude Oil - Sweet,Liquid,Unknown,17.0,2014,53.5990003,-115.451183,Level I,10 or fewer dwelling units,Unknown Land Use (Historical Data Migration)
0,Equipment Failure,Maintenance,New Brunswick,Maritimes & Northeast Pipeline Management Ltd.,Natural Gas - Sweet,Gas,Unknown,0.01,2014,45.96376,-66.6432,Level I,Buildings greater than 4 stories above ground,Unknown Land Use (Historical Data Migration)
0,External Interference,"Natural or Environmental Forces, Tools and Equipment",Alberta,Enbridge Pipelines Inc.,Not Applicable,Not Applicable,Unknown,0.0,2014,52.635343,-111.267485,Level I,Unknown Population Density (Historical Data Migration),Unknown Land Use (Historical Data Migration)
0,Equipment Failure,Maintenance,Alberta,Enbridge Pipelines Inc.,Crude Oil - Sweet,Liquid,Unknown,5.0,2014,53.547403,-113.355714,Level I,Unknown Population Density (Historical Data Migration),Unknown Land Use (Historical Data Migration)
1,"Corrosion and Cracking, Incorrect Operation",Maintenance,Alberta,NOVA Gas Transmission Ltd.,Natural Gas - Sweet,Gas,Unknown,30001.0,2014,52.49217,-114.98816,Level III,Unknown Population Density (Historical Data Migration),Unknown Land Use (Historical Data Migration)
0,Incorrect Operation,Standards and Procedures,Quebec,Enbridge Pipelines Inc.,Not Applicable,Not Applicable,Unknown,0.0,2014,45.55837,-73.89573,Level I,Unknown Population Density (Historical Data Migration),Unknown Land Use (Historical Data Migration)
1,Natural Force Damage,Engineering and Planning,Ontario,TransCanada PipeLines Limited,Not Applicable,Not Applicable,Unknown,0.0,2014,43.8734742,-79.579834,Level I,Unknown Population Density (Historical Data Migration),Unknown Land Use (Historical Data Migration)
0,Incorrect Operation,"Maintenance, Standards and Procedures",Alberta,Enbridge Pipelines Inc.,Not Applicable,Not Applicable,Unknown,0.0,2014,53.547403,-113.355714,Level I,Unknown Population Density (Historical Data Migration),Unknown Land Use (Historical Data Migration)
0,Equipment Failure,Maintenance,New Brunswick,Maritimes & Northeast Pipeline Management Ltd.,Natural Gas - Sweet,Gas,Unknown,500.0,2014,45.25073225,-66.0979223,Level I,Unknown Population Density (Historical Data Migration),Unknown Land Use (Historical Data Migration)
0,Equipment Failure,Maintenance,Alberta,Enbridge Pipelines Inc.,Natural Gas - Sweet,Gas,Unknown,0.001,2014,52.635343,-111.267485,Level I,Unknown Population Density (Historical Data Migration),Unknown Land Use (Historical Data Migration)
0,Incorrect Operation,Standards and Procedures,Saskatchewan,Enbridge Pipelines Inc.,Crude Oil - Sweet,Liquid,Unknown,1.75,2014,49.450607,-103.338728,Level I,10 or fewer dwelling units,Unknown Land Use (Historical Data Migration)
0,Equipment Failure,Maintenance,British Columbia,"Westcoast Energy Inc., carrying on business as Spectra Energy Transmission",Mixed HVP Hydrocarbons,Gas,Unknown,6.3,2014,58.65351,-122.68466,Level I,10 or fewer dwelling units,Unknown Land Use (Historical Data Migration)
0,Equipment Failure,Maintenance,Alberta,Kinder Morgan Cochin ULC,Mixed HVP Hydrocarbons,Gas,Unknown,0.0,2014,52.922575,-110.96759,Level I,Unknown Population Density (Historical Data Migration),Unknown Land Use (Historical Data Migration)
0,"Corrosion and Cracking, Natural Force Damage","Engineering and Planning, Maintenance",Alberta,NOVA Gas Transmission Ltd.,Natural Gas - Sweet,Gas,Unknown,1110.0,2014,50.78931,-112.46998,Level I,Unknown Population Density (Historical Data Migration),Unknown Land Use (Historical Data Migration)
1,"Corrosion and Cracking, Equipment Failure, External Interference",Engineering and Planning,Alberta,Enbridge Pipelines Inc.,Crude Oil - Sour,Liquid,Unknown,2.5,2014,53.542908,-113.36445,Level I,Unknown Population Density (Historical Data Migration),Developed Land - Industrial
1,"External Interference, Incorrect Operation",Human Factors,Alberta,Enbridge Pipelines Inc.,Not Applicable,Not Applicable,Transmission,0.0,2014,53.54267,-113.35517,Level I,Unknown Population Density (Historical Data Migration),Unknown Land Use (Historical Data Migration)
1,"Equipment Failure, External Interference, Incorrect Operation",Maintenance,British Columbia,"Westcoast Energy Inc., carrying on business as Spectra Energy Transmission",Hydrogen Sulphide,Miscellaneous,Unknown,0.0003,2014,55.56909171,-121.94466164,Level I,10 or fewer dwelling units,Unknown Land Use (Historical Data Migration)
0,Natural Force Damage,Engineering and Planning,Alberta,Alliance Pipeline Ltd.,Not Applicable,Not Applicable,Transmission,0.0,2014,54.41803,-117.14534,Level I,Unknown Population Density (Historical Data Migration),Unknown Land Use (Historical Data Migration)
0,"Equipment Failure, Incorrect Operation",Maintenance,Alberta,Alliance Pipeline Ltd.,Natural Gas - Sweet,Gas,Unknown,0.01,2014,53.03122,-111.2215,Level I,Unknown Population Density (Historical Data Migration),Unknown Land Use (Historical Data Migration)
1,Incorrect Operation,"Engineering and Planning, Maintenance",Ontario,TransCanada PipeLines Limited,Natural Gas - Sweet,Gas,Unknown,101000.0,2014,46.23981,-78.13258,Level I,Unknown Population Density (Historical Data Migration),Unknown Land Use (Historical Data Migration)
0,Equipment Failure,Tools and Equipment,New Brunswick,Maritimes & Northeast Pipeline Management Ltd.,Natural Gas - Sweet,Gas,Unknown,0.01,2014,45.27322,-66.06481,Level I,Unknown Population Density (Historical Data Migration),Unknown Land Use (Historical Data Migration)
0,Defect and Deterioration,Engineering and Planning,Alberta,NOVA Gas Transmission Ltd.,Natural Gas - Sweet,Gas,Unknown,0.001,2014,52.46696,-114.2987,Level I,Unknown Population Density (Historical Data Migration),Unknown Land Use (Historical Data Migration)
0,Equipment Failure,Maintenance,British Columbia,"Westcoast Energy Inc., carrying on business as Spectra Energy Transmission",Natural Gas - Sweet,Gas,Unknown,0.0,2014,56.14633,-120.66918,Level I,Unknown Population Density (Historical Data Migration),Unknown Land Use (Historical Data Migration)
0,Equipment Failure,Maintenance,British Columbia,"Westcoast Energy Inc., carrying on business as Spectra Energy Transmission",Sulphur Dioxide,Miscellaneous,Unknown,9000.0,2014,55.56909171,-121.94466164,Level I,11 to 45 dwelling units,Unknown Land Use (Historical Data Migration)
0,"Defect and Deterioration, Equipment Failure, Incorrect Operation",Maintenance,Alberta,Alliance Pipeline Ltd.,Natural Gas - Sweet,Gas,Unknown,0.01,2014,53.032311,-111.221031,Level I,Unknown Population Density (Historical Data Migration),Unknown Land Use (Historical Data Migration)
0,"Equipment Failure, Incorrect Operation",Maintenance,Ontario,TransCanada PipeLines Limited,Natural Gas - Sweet,Gas,Unknown,0.01,2014,49.79171,-94.49432,Level I,Unknown Population Density (Historical Data Migration),Unknown Land Use (Historical Data Migration)
0,Equipment Failure,Maintenance,British Columbia,"Westcoast Energy Inc., carrying on business as Spectra Energy Transmission",Sulphur Dioxide,Miscellaneous,Unknown,3175.0,2014,55.56909171,-121.94466164,Level I,Unknown Population Density (Historical Data Migration),Unknown Land Use (Historical Data Migration)
0,"Defect and Deterioration, Equipment Failure, External Interference, Incorrect Operation","Human Factors, Inadequate Procurement, Inadequate Supervision, Maintenance",Alberta,Cochin Pipe Lines Ltd.,Not Applicable,Not Applicable,Unknown,0.0,2014,52.405926,-110.026224,Level I,Unknown Population Density (Historical Data Migration),Unknown Land Use (Historical Data Migration)
0,"External Interference, Incorrect Operation",Engineering and Planning,Alberta,NOVA Gas Transmission Ltd.,Not Applicable,Not Applicable,Unknown,0.0,2014,54.836647,-112.551304,Level I,Unknown Population Density (Historical Data Migration),Unknown Land Use (Historical Data Migration)
0,Equipment Failure,"Engineering and Planning, Inadequate Procurement, Maintenance",Saskatchewan,Enbridge Pipelines Inc.,Crude Oil - Sweet,Liquid,Transmission,173.6,2014,50.482408,-104.575209,Level I,Unknown Population Density (Historical Data Migration),Unknown Land Use (Historical Data Migration)
0,External Interference,Maintenance,British Columbia,Trans Mountain Pipeline ULC,Not Applicable,Not Applicable,Transmission,0.0,2015,49.29045,-122.95047,Level I,10 or fewer dwelling units,Developed Land - Industrial
0,Corrosion and Cracking,Engineering and Planning,Ontario,TransCanada PipeLines Limited,Lube Oil,Liquid,Transmission,2.0,2015,49.29537,-88.10128,Level I,10 or fewer dwelling units,Developed Land - Industrial
0,External Interference,"Human Factors, Inadequate Supervision",Alberta,Enbridge Pipelines Inc.,Not Applicable,Not Applicable,Transmission,0.0,2015,52.63188,-111.282521,Level I,10 or fewer dwelling units,Developed Land - Industrial
0,Incorrect Operation,Human Factors,Saskatchewan,Enbridge Pipelines Inc.,Not Applicable,Not Applicable,Transmission,0.0,2015,50.483487,-104.587856,Level I,10 or fewer dwelling units,Developed Land - Industrial
0,External Interference,Engineering and Planning,British Columbia,"Westcoast Energy Inc., carrying on business as Spectra Energy Transmission",Propane,Gas,Processing,2.0,2015,55.79306,-120.52312,Level I,10 or fewer dwelling units,Agricultural Cropland
0,"External Interference, Incorrect Operation","Engineering and Planning, Failure in communication, Human Factors",British Columbia,"Westcoast Energy Inc., carrying on business as Spectra Energy Transmission",Contaminated Water,Miscellaneous,Processing,41.0,2015,56.145,-120.67,Level I,10 or fewer dwelling units,Developed Land - Industrial
0,External Interference,Engineering and Planning,Saskatchewan,Alliance Pipeline Ltd.,Natural Gas - Sweet,Gas,Transmission,1.0,2015,50.2520045,-104.408497,Level I,10 or fewer dwelling units,Developed Land - Industrial
0,"Corrosion and Cracking, External Interference",Engineering and Planning,British Columbia,"Westcoast Energy Inc., carrying on business as Spectra Energy Transmission",Waste Oil,Liquid,Processing,2.0,2015,56.14630285,-120.66916931,Level I,11 to 45 dwelling units,Developed Land - Industrial
0,External Interference,"Human Factors, Maintenance",Alberta,Express Pipeline Ltd.,Crude Oil - Sweet,Liquid,Transmission,16.0,2015,52.63471,-111.2641,Level I,10 or fewer dwelling units,Developed Land - Industrial
1,Defect and Deterioration,Tools and Equipment,British Columbia,"Westcoast Energy Inc., carrying on business as Spectra Energy Transmission",Natural Gas - Sour,Gas,Processing,526.0,2015,55.572,-121.944,Level I,10 or fewer dwelling units,Forests
0,External Interference,Standards and Procedures,British Columbia,"Westcoast Energy Inc., carrying on business as Spectra Energy Transmission",Not Applicable,Not Applicable,Gathering,0.0,2015,56.1441,-120.66393,Level I,46 or more dwelling units,Developed Land - Industrial
0,"External Interference, Incorrect Operation",Standards and Procedures,British Columbia,"Westcoast Energy Inc., carrying on business as Spectra Energy Transmission",Not Applicable,Not Applicable,Processing,0.0,2015,55.56909171,-121.94466164,Level I,10 or fewer dwelling units,Barren Land
1,External Interference,Engineering and Planning,British Columbia,"Westcoast Energy Inc., carrying on business as Spectra Energy Transmission",Not Applicable,Not Applicable,Processing,0.0,2015,55.56909171,-121.94466164,Level I,10 or fewer dwelling units,Barren Land
0,"External Interference, Incorrect Operation","Failure in communication, Human Factors, Standards and Procedures",British Columbia,"Westcoast Energy Inc., carrying on business as Spectra Energy Transmission",Not Applicable,Not Applicable,Transmission,0.0,2015,50.749402,-120.856615,Level I,11 to 45 dwelling units,Vegetative Barren
0,Incorrect Operation,Failure in communication,Alberta,Alliance Pipeline Ltd.,Natural Gas - Sweet,Gas,Transmission,1.0,2015,54.61366745,-118.21160685,Level I,10 or fewer dwelling units,Forests
0,Other Causes,Engineering and Planning,Alberta,NOVA Gas Transmission Ltd.,Not Applicable,Not Applicable,Transmission,0.0,2015,54.830119,-118.646961,Level I,10 or fewer dwelling units,Agricultural Cropland
0,"Equipment Failure, External Interference","Human Factors, Maintenance",Alberta,NOVA Gas Transmission Ltd.,Not Applicable,Not Applicable,Transmission,0.0,2015,54.445071,-117.697381,Level I,10 or fewer dwelling units,Forests
0,Incorrect Operation,"Engineering and Planning, Standards and Procedures",British Columbia,"Westcoast Energy Inc., carrying on business as Spectra Energy Transmission",Amine,Miscellaneous,Processing,2000.0,2015,55.571824,-121.942698,Level II,10 or fewer dwelling units,Developed Land - Industrial
0,"Defect and Deterioration, Equipment Failure",Maintenance,Ontario,Plains Midstream Canada ULC,Propane,Gas,Distribution,0.3,2015,42.714906,-82.358961,Level I,10 or fewer dwelling units,Agricultural Cropland
0,Other Causes,Maintenance,Alberta,NOVA Gas Transmission Ltd.,Not Applicable,Not Applicable,Transmission,0.0,2015,55.9773,-112.0273,Level I,10 or fewer dwelling units,Forests
0,"External Interference, Incorrect Operation",Maintenance,Alberta,NOVA Gas Transmission Ltd.,Not Applicable,Not Applicable,Transmission,0.0,2015,56.0207,-112.18207,Level I,10 or fewer dwelling units,Forests
0,Incorrect Operation,Human Factors,Alberta,NOVA Gas Transmission Ltd.,Not Applicable,Not Applicable,Transmission,0.0,2015,55.9788,-111.98153,Level I,10 or fewer dwelling units,Forests
0,"External Interference, Incorrect Operation","Failure in communication, Human Factors, Inadequate Supervision, Maintenance",Ontario,TransCanada PipeLines Limited,Not Applicable,Not Applicable,Transmission,0.0,2015,43.746944,-79.637222,Level I,10 or fewer dwelling units,Forests
0,"Corrosion and Cracking, Incorrect Operation","Failure in communication, Maintenance",Manitoba,TransCanada PipeLines Limited,Natural Gas - Sweet,Gas,Transmission,1.0,2015,49.72011504,-96.98386154,Level I,10 or fewer dwelling units,Agricultural Cropland
0,External Interference,Engineering and Planning,Alberta,Enbridge Pipelines Inc.,Not Applicable,Not Applicable,Transmission,0.0,2015,52.637564,-111.27924,Level I,11 to 45 dwelling units,Developed Land - Industrial
0,"Equipment Failure, External Interference",Tools and Equipment,Alberta,NOVA Gas Transmission Ltd.,Not Applicable,Not Applicable,Transmission,0.0,2015,58.446355,-119.22343,Level I,10 or fewer dwelling units,Developed Land - Industrial
1,Equipment Failure,"Maintenance, Standards and Procedures",British Columbia,"Westcoast Energy Inc., carrying on business as Spectra Energy Transmission",Natural Gas - Sour,Gas,Gathering,10.4,2015,55.04185986,-121.01875585,Level I,10 or fewer dwelling units,Forests
0,Incorrect Operation,Human Factors,British Columbia,"Westcoast Energy Inc., carrying on business as Spectra Energy Transmission",Not Applicable,Not Applicable,Processing,0.0,2015,55.793649,-120.522161,Level I,10 or fewer dwelling units,Developed Land - Industrial
0,Incorrect Operation,"Human Factors, Standards and Procedures",British Columbia,"Westcoast Energy Inc., carrying on business as Spectra Energy Transmission",Water,Miscellaneous,Processing,32.0,2015,56.146082,-120.673492,Level I,46 or more dwelling units,Developed Land - Industrial
0,Other Causes,Maintenance,Alberta,NOVA Gas Transmission Ltd.,Not Applicable,Not Applicable,Transmission,0.0,2015,56.04405,-112.43548,Level I,10 or fewer dwelling units,Forests
0,"Corrosion and Cracking, External Interference",Human Factors,Ontario,TransCanada PipeLines Limited,Natural Gas - Sweet,Gas,Transmission,1.21,2016,44.276915,-76.876379,Level I,10 or fewer dwelling units,Agricultural Cropland
1,Equipment Failure,Maintenance,British Columbia,Alliance Pipeline Ltd.,Natural Gas - Sweet,Gas,Transmission,72500.0,2016,56.17397,-120.60927,Level I,10 or fewer dwelling units,Developed Land - Industrial
0,"External Interference, Incorrect Operation",Standards and Procedures,Alberta,NOVA Gas Transmission Ltd.,Not Applicable,Not Applicable,Transmission,0.0,2016,56.98989959,-111.55817073,Level I,10 or fewer dwelling units,Forests
0,External Interference,"Inadequate Supervision, Standards and Procedures",Quebec,Trans-Northern Pipelines Inc.,Not Applicable,Not Applicable,Transmission,0.0,2016,45.412346,-74.117726,Level I,10 or fewer dwelling units,Water / Wetlands
0,External Interference,Standards and Procedures,British Columbia,"Westcoast Energy Inc., carrying on business as Spectra Energy Transmission",Contaminated Water,Miscellaneous,Processing,725.0,2016,55.56909171,-121.94466164,Level I,10 or fewer dwelling units,Forests
0,Equipment Failure,Maintenance,New Brunswick,Maritimes & Northeast Pipeline Management Ltd.,Natural Gas - Sweet,Gas,Transmission,2000.0,2016,46.11305974,-64.71567652,Level I,11 to 45 dwelling units,Developed Land - Commercial
0,External Interference,"Engineering and Planning, Natural or Environmental Forces",British Columbia,Trans Mountain Pipeline ULC,Not Applicable,Not Applicable,Transmission,0.0,2016,49.002718,-122.226017,Level I,10 or fewer dwelling units,Agricultural Cropland
0,External Interference,Natural or Environmental Forces,Saskatchewan,Enbridge Pipelines Inc.,Not Applicable,Not Applicable,Transmission,0.0,2016,50.48236249,-104.58858522,Level I,11 to 45 dwelling units,Developed Land - Industrial
0,Natural Force Damage,Natural or Environmental Forces,Ontario,Enbridge Pipelines Inc.,Not Applicable,Not Applicable,Transmission,0.0,2016,43.45792222,-79.71974167,Level I,11 to 45 dwelling units,Water / Wetlands
0,"Incorrect Operation, Natural Force Damage",Natural or Environmental Forces,Ontario,Enbridge Pipelines Inc.,Not Applicable,Not Applicable,Transmission,0.0,2016,43.41454588,-79.76735273,Level I,11 to 45 dwelling units,Water / Wetlands
0,"Incorrect Operation, Natural Force Damage",Natural or Environmental Forces,Ontario,Enbridge Pipelines Inc.,Not Applicable,Not Applicable,Transmission,0.0,2016,43.53301111,-79.60468333,Level I,46 or more dwelling units,Water / Wetlands
0,Natural Force Damage,Natural or Environmental Forces,Ontario,Enbridge Pipelines Inc.,Not Applicable,Not Applicable,Transmission,0.0,2016,43.385213,-79.798679,Level I,11 to 45 dwelling units,Water / Wetlands
0,Natural Force Damage,Natural or Environmental Forces,Ontario,Enbridge Pipelines Inc.,Not Applicable,Not Applicable,Transmission,0.0,2016,43.385213,-79.798679,Level I,11 to 45 dwelling units,Water / Wetlands
0,"Equipment Failure, Incorrect Operation","Failure in communication, Maintenance, Standards and Procedures",Ontario,TransCanada PipeLines Limited,Natural Gas - Sweet,Gas,Transmission,1750.0,2016,43.00475402,-79.05071351,Level I,10 or fewer dwelling units,Developed Land - Industrial
0,Incorrect Operation,Tools and Equipment,Alberta,NOVA Gas Transmission Ltd.,Not Applicable,Not Applicable,Transmission,0.0,2016,55.128802,-119.389847,Level I,10 or fewer dwelling units,Agricultural Cropland
0,Equipment Failure,Natural or Environmental Forces,New Brunswick,Maritimes & Northeast Pipeline Management Ltd.,Natural Gas - Sweet,Gas,Transmission,3.0,2016,46.11305974,-64.71567652,Level I,10 or fewer dwelling units,Developed Land - Commercial
0,Incorrect Operation,Human Factors,Ontario,Enbridge Pipelines Inc.,Not Applicable,Not Applicable,Transmission,0.0,2016,43.06191,-79.92035,Level I,11 to 45 dwelling units,Shrub Land
0,Corrosion and Cracking,Maintenance,Alberta,NOVA Gas Transmission Ltd.,Natural Gas - Sweet,Gas,Transmission,40.0,2016,50.70313,-111.157945,Level I,10 or fewer dwelling units,Agricultural Cropland
0,"Defect and Deterioration, Equipment Failure, External Interference","Engineering and Planning, Maintenance",Alberta,Trans Mountain Pipeline ULC,Diesel Fuel,Liquid,Transmission,2.3,2016,53.54290845,-113.36445011,Level I,10 or fewer dwelling units,Developed Land - Industrial
0,"External Interference, Incorrect Operation",Tools and Equipment,British Columbia,NOVA Gas Transmission Ltd.,Not Applicable,Not Applicable,Transmission,0.0,2016,49.3062,-114.03907,Level I,10 or fewer dwelling units,Developed Land - Industrial
0,Equipment Failure,Maintenance,New Brunswick,Emera Brunswick Pipeline Company Ltd.,Natural Gas - Sweet,Gas,Transmission,3.0,2016,45.2158179,-65.976788,Level I,10 or fewer dwelling units,Developed Land - Industrial
0,Incorrect Operation,Tools and Equipment,Alberta,NOVA Gas Transmission Ltd.,Not Applicable,Not Applicable,Transmission,0.0,2016,51.939713,-112.073701,Level I,10 or fewer dwelling units,Vegetative Barren
0,"Equipment Failure, External Interference",Tools and Equipment,Alberta,NOVA Gas Transmission Ltd.,Not Applicable,Not Applicable,Transmission,0.0,2016,55.81164,-119.27018,Level I,10 or fewer dwelling units,Forests
0,Other Causes,Engineering and Planning,Alberta,TransCanada Keystone Pipeline GP Ltd.,Not Applicable,Not Applicable,Transmission,0.0,2016,52.64363744,-111.27753573,Level I,10 or fewer dwelling units,Developed Land - Industrial
0,Corrosion and Cracking,Engineering and Planning,Ontario,TransCanada PipeLines Limited,Natural Gas - Sweet,Gas,Transmission,0.1,2016,49.75034152,-84.13337202,Level I,10 or fewer dwelling units,Developed Land - Industrial
0,External Interference,Natural or Environmental Forces,Nova Scotia,Maritimes & Northeast Pipeline Management Ltd.,Natural Gas - Sweet,Gas,Transmission,1.0,2016,44.690626,-63.59345,Level I,46 or more dwelling units,Developed Land - Industrial
0,"Corrosion and Cracking, External Interference",Maintenance,British Columbia,"Westcoast Energy Inc., carrying on business as Spectra Energy Transmission",Natural Gas - Sweet,Gas,Processing,72.0,2016,58.65324554,-122.68482307,Level I,10 or fewer dwelling units,Developed Land - Industrial
0,Other Causes,Human Factors,Alberta,NOVA Gas Transmission Ltd.,Natural Gas - Sweet,Gas,Transmission,9246.0,2016,53.20998,-111.84962,Level I,10 or fewer dwelling units,Shrub Land
1,Equipment Failure,Engineering and Planning,British Columbia,"Westcoast Energy Inc., carrying on business as Spectra Energy Transmission",Natural Gas - Sour,Gas,Gathering,201.0,2017,55.33159692,-121.63815808,Level I,10 or fewer dwelling units,Forests
0,Equipment Failure,Failure in communication,Alberta,NOVA Gas Transmission Ltd.,Not Applicable,Not Applicable,Transmission,0.0,2017,59.05770283,-118.87194034,Level I,10 or fewer dwelling units,Developed Land - Industrial
0,External Interference,Engineering and Planning,Alberta,NOVA Gas Transmission Ltd.,Not Applicable,Not Applicable,Transmission,0.0,2017,50.54099862,-111.76003908,Level I,10 or fewer dwelling units,Agricultural Cropland
0,"External Interference, Incorrect Operation",Tools and Equipment,Alberta,NOVA Gas Transmission Ltd.,Not Applicable,Not Applicable,Transmission,0.0,2017,55.069302,-114.442254,Level I,10 or fewer dwelling units,Forests
0,External Interference,Engineering and Planning,Alberta,NOVA Gas Transmission Ltd.,Not Applicable,Not Applicable,Transmission,0.0,2017,55.521447,-119.35451354,Level I,10 or fewer dwelling units,Agricultural Cropland
0,"Defect and Deterioration, Equipment Failure",Maintenance,Saskatchewan,Enbridge Pipelines Inc.,Not Applicable,Not Applicable,Transmission,0.0,2017,51.446111,-107.389167,Level I,10 or fewer dwelling units,Developed Land - Industrial
0,External Interference,"Engineering and Planning, Failure in communication, Human Factors, Standards and Procedures, Tools and Equipment",Saskatchewan,Plains Midstream Canada ULC,Propane,Gas,Transmission,2.5,2017,50.37469,-104.70648,Level II,10 or fewer dwelling units,Agricultural Cropland
0,Other Causes,Maintenance,Alberta,TransCanada Keystone Pipeline GP Ltd.,Not Applicable,Not Applicable,Transmission,0.0,2017,52.64363744,-111.27753573,Level I,10 or fewer dwelling units,Developed Land - Industrial
0,Incorrect Operation,Tools and Equipment,British Columbia,"Westcoast Energy Inc., carrying on business as Spectra Energy Transmission",Sulphur,Miscellaneous,Processing,1.0,2017,55.56909171,-121.94466164,Level I,10 or fewer dwelling units,Developed Land - Industrial
0,Corrosion and Cracking,Maintenance,British Columbia,"Westcoast Energy Inc., carrying on business as Spectra Energy Transmission",Sulphur,Miscellaneous,Processing,0.156,2017,55.56909171,-121.94466164,Level I,10 or fewer dwelling units,Developed Land - Industrial
0,"External Interference, Incorrect Operation",Tools and Equipment,Alberta,NOVA Gas Transmission Ltd.,Not Applicable,Not Applicable,Transmission,0.0,2017,58.476667,-118.571167,Level I,10 or fewer dwelling units,Forests
0,"External Interference, Natural Force Damage",Natural or Environmental Forces,British Columbia,"Westcoast Energy Inc., carrying on business as Spectra Energy Transmission",Not Applicable,Not Applicable,Gathering,0.0,2017,56.677731,-120.774289,Level I,10 or fewer dwelling units,Forests
0,"External Interference, Natural Force Damage",Natural or Environmental Forces,Ontario,Enbridge Pipelines Inc.,Not Applicable,Not Applicable,Transmission,0.0,2017,43.33649161,-80.09731313,Level I,11 to 45 dwelling units,Water / Wetlands
0,External Interference,Standards and Procedures,Saskatchewan,Pembina Prairie Facilities Ltd.,Natural Gas Liquids,Gas,Transmission,0.001,2017,49.55051633,-106.00295685,Level I,10 or fewer dwelling units,Agricultural Cropland
1,Corrosion and Cracking,Maintenance,British Columbia,"Westcoast Energy Inc., carrying on business as Spectra Energy Transmission",Natural Gas - Sour,Gas,Gathering,5.0,2017,56.751823,-121.6811426,Level I,10 or fewer dwelling units,Forests
0,External Interference,Natural or Environmental Forces,British Columbia,"Westcoast Energy Inc., carrying on business as Spectra Energy Transmission",Not Applicable,Not Applicable,Gathering,0.0,2017,59.2017,-121.585,Level I,10 or fewer dwelling units,Forests
0,"Equipment Failure, Incorrect Operation, Natural Force Damage",Natural or Environmental Forces,Alberta,NOVA Gas Transmission Ltd.,Natural Gas - Sweet,Gas,Transmission,1.0,2017,53.01993,-112.18718,Level I,10 or fewer dwelling units,Agricultural Cropland
0,Defect and Deterioration,Engineering and Planning,Quebec,Trans Québec and Maritimes Pipeline Inc.,Natural Gas - Sweet,Gas,Transmission,1995.0,2017,45.603401,-73.861893,Level I,11 to 45 dwelling units,Developed Land - Residential
0,External Interference,Natural or Environmental Forces,British Columbia,"Westcoast Energy Inc., carrying on business as Spectra Energy Transmission",Not Applicable,Not Applicable,Gathering,0.0,2017,56.14630285,-120.66916931,Level I,46 or more dwelling units,Developed Land - Industrial
0,Natural Force Damage,Natural or Environmental Forces,Alberta,NOVA Gas Transmission Ltd.,Natural Gas - Sweet,Gas,Transmission,7.5,2017,54.95988,-119.1945,Level I,10 or fewer dwelling units,Agricultural Cropland
0,Equipment Failure,Natural or Environmental Forces,New Brunswick,Emera Brunswick Pipeline Company Ltd.,Natural Gas - Sweet,Gas,Transmission,0.01,2017,45.1920299,-66.40157119,Level I,10 or fewer dwelling units,Forests
1,External Interference,Maintenance,British Columbia,"Westcoast Energy Inc., carrying on business as Spectra Energy Transmission",Diesel Fuel,Liquid,Transmission,4.2,2017,54.56227196,-122.68623259,Level I,10 or fewer dwelling units,Barren Land
1,"External Interference, Incorrect Operation","Human Factors, Maintenance, Standards and Procedures",British Columbia,"Westcoast Energy Inc., carrying on business as Spectra Energy Transmission",Natural Gas - Sweet,Gas,Transmission,350347.0,2017,56.22,-122.08,Level I,10 or fewer dwelling units,Developed Land - Industrial
0,"External Interference, Incorrect Operation",Engineering and Planning,Ontario,Trans-Northern Pipelines Inc.,Not Applicable,Not Applicable,Transmission,0.0,2017,43.76842553,-79.48533571,Level I,11 to 45 dwelling units,Developed Land - Industrial
0,Incorrect Operation,Engineering and Planning,Ontario,Trans-Northern Pipelines Inc.,Not Applicable,Not Applicable,Transmission,0.0,2017,43.76842553,-79.48533571,Level I,11 to 45 dwelling units,Developed Land - Industrial
0,"External Interference, Incorrect Operation","Engineering and Planning, Human Factors",Ontario,Trans-Northern Pipelines Inc.,Not Applicable,Not Applicable,Transmission,0.0,2017,44.9970876,-75.0124647,Level I,10 or fewer dwelling units,Developed Land - Residential
0,"External Interference, Incorrect Operation",Engineering and Planning,Ontario,Trans-Northern Pipelines Inc.,Not Applicable,Not Applicable,Transmission,0.0,2017,43.94553832,-78.66202139,Level I,10 or fewer dwelling units,Developed Land - Commercial
0,"External Interference, Incorrect Operation","Maintenance, Tools and Equipment",Saskatchewan,TransCanada PipeLines Limited,Not Applicable,Not Applicable,Transmission,0.0,2017,50.23066354,-101.67623503,Level I,10 or fewer dwelling units,Agricultural Cropland
0,External Interference,Tools and Equipment,Ontario,Trans-Northern Pipelines Inc.,Not Applicable,Not Applicable,Transmission,0.0,2017,43.394589,-79.744588,Level I,11 to 45 dwelling units,Developed Land - Industrial
0,"External Interference, Incorrect Operation",Failure in communication,Ontario,Trans-Northern Pipelines Inc.,Not Applicable,Not Applicable,Transmission,0.0,2017,43.865025,-79.378924,Level I,10 or fewer dwelling units,Developed Land - Industrial
0,"External Interference, Incorrect Operation, Other Causes",Tools and Equipment,British Columbia,NOVA Gas Transmission Ltd.,Not Applicable,Not Applicable,Transmission,0.0,2017,55.956023,-120.672487,Level I,10 or fewer dwelling units,Forests
1,Incorrect Operation,Human Factors,British Columbia,"Westcoast Energy Inc., carrying on business as Spectra Energy Transmission",Not Applicable,Not Applicable,Transmission,0.0,2017,51.550986,-121.269628,Level II,10 or fewer dwelling units,Developed Land - Industrial
0,External Interference,Standards and Procedures,British Columbia,"Westcoast Energy Inc., carrying on business as Spectra Energy Transmission",Not Applicable,Not Applicable,Processing,0.0,2017,56.14630285,-120.66916931,Level I,46 or more dwelling units,Developed Land - Industrial
0,Natural Force Damage,"Engineering and Planning, Maintenance, Natural or Environmental Forces",Ontario,Trans-Northern Pipelines Inc.,Not Applicable,Not Applicable,Transmission,0.0,2017,44.217868,-77.197155,Level I,10 or fewer dwelling units,Water / Wetlands
0,External Interference,Engineering and Planning,Quebec,Trans-Northern Pipelines Inc.,Not Applicable,Not Applicable,Transmission,0.0,2017,45.62532117,-73.53774278,Level I,10 or fewer dwelling units,Developed Land - Industrial
0,External Interference,Engineering and Planning,Quebec,Trans-Northern Pipelines Inc.,Not Applicable,Not Applicable,Transmission,0.0,2017,45.62532117,-73.53774278,Level I,10 or fewer dwelling units,Developed Land - Industrial
0,External Interference,Engineering and Planning,Ontario,Trans-Northern Pipelines Inc.,Not Applicable,Not Applicable,Transmission,0.0,2017,43.506022,-79.615112,Level I,10 or fewer dwelling units,Developed Land - Industrial
0,Incorrect Operation,Human Factors,Saskatchewan,Enbridge Pipelines Inc.,Natural Gas Liquids,Gas,Transmission,0.002,2017,51.867982,-109.033349,Level I,10 or fewer dwelling units,Agricultural Cropland
1,Equipment Failure,Tools and Equipment,Alberta,NOVA Gas Transmission Ltd.,Natural Gas - Sweet,Gas,Transmission,265457.0,2018,57.19025,-118.19293899,Level I,10 or fewer dwelling units,Forests
0,Incorrect Operation,"Failure in communication, Human Factors",British Columbia,NOVA Gas Transmission Ltd.,Not Applicable,Not Applicable,Transmission,0.0,2018,55.87541498,-120.55960933,Level I,10 or fewer dwelling units,Forests
0,External Interference,"Engineering and Planning, Natural or Environmental Forces, Tools and Equipment",Alberta,NOVA Gas Transmission Ltd.,Not Applicable,Not Applicable,Transmission,0.0,2018,54.3096738,-111.25924282,Level I,10 or fewer dwelling units,Shrub Land
0,Incorrect Operation,Human Factors,Alberta,NOVA Gas Transmission Ltd.,Not Applicable,Not Applicable,Transmission,0.0,2018,56.080761,-112.540799,Level I,10 or fewer dwelling units,Forests
0,"Corrosion and Cracking, Natural Force Damage",Natural or Environmental Forces,Manitoba,TransCanada PipeLines Limited,Natural Gas - Sweet,Gas,Transmission,3771.0,2018,49.72011504,-96.98386154,Level I,10 or fewer dwelling units,Developed Land - Commercial
1,Equipment Failure,Maintenance,British Columbia,"Westcoast Energy Inc., carrying on business as Spectra Energy Transmission",Natural Gas - Sour,Gas,Processing,60.0,2018,55.79305809,-120.52311646,Level I,10 or fewer dwelling units,Developed Land - Industrial
0,Corrosion and Cracking,"Engineering and Planning, Maintenance",Alberta,NOVA Gas Transmission Ltd.,Natural Gas - Sweet,Gas,Transmission,0.51,2018,53.15552,-112.29672,Level I,10 or fewer dwelling units,Agricultural Cropland
0,"External Interference, Incorrect Operation","Natural or Environmental Forces, Tools and Equipment",Alberta,NOVA Gas Transmission Ltd.,Not Applicable,Not Applicable,Transmission,0.0,2018,51.81266189,-114.58039839,Level I,10 or fewer dwelling units,Shrub Land
0,"Corrosion and Cracking, Incorrect Operation",Maintenance,Alberta,NOVA Gas Transmission Ltd.,Natural Gas - Sweet,Gas,Transmission,17260.0,2018,53.10047466,-115.36423859,Level I,10 or fewer dwelling units,Forests
1,"External Interference, Incorrect Operation",Engineering and Planning,British Columbia,"Westcoast Energy Inc., carrying on business as Spectra Energy Transmission",Natural Gas - Sweet,Gas,Transmission,159600.0,2018,51.5509423,-121.26893835,Level I,10 or fewer dwelling units,Forests
0,External Interference,"Engineering and Planning, Standards and Procedures",British Columbia,"Westcoast Energy Inc., carrying on business as Spectra Energy Transmission",Natural Gas - Sweet,Gas,Processing,3249.3,2018,59.20209027,-121.58303765,Level I,10 or fewer dwelling units,Developed Land - Industrial
0,Corrosion and Cracking,Engineering and Planning,Alberta,NOVA Gas Transmission Ltd.,Not Applicable,Not Applicable,Transmission,0.0,2018,51.44418383,-114.52710752,Level I,10 or fewer dwelling units,Developed Land - Industrial
0,Corrosion and Cracking,Maintenance,Ontario,TransCanada PipeLines Limited,Natural Gas - Sweet,Gas,Transmission,253.27,2018,46.37976553,-79.46897152,Level I,10 or fewer dwelling units,Developed Land - Industrial
0,Incorrect Operation,Human Factors,Ontario,Enbridge Pipelines Inc.,Not Applicable,Not Applicable,Transmission,0.0,2018,42.95261483,-82.37432685,Level I,46 or more dwelling units,Developed Land - Industrial
0,External Interference,Natural or Environmental Forces,Ontario,Centra Transmission Holdings Inc.,Not Applicable,Not Applicable,Transmission,0.0,2018,48.678745,-94.139536,Level I,10 or fewer dwelling units,Water / Wetlands
0,Corrosion and Cracking,Engineering and Planning,Alberta,Enbridge Pipelines Inc.,Diesel Fuel,Liquid,Transmission,5.0,2018,53.543,-113.354,Level I,11 to 45 dwelling units,Developed Land - Industrial
0,"External Interference, Natural Force Damage",Natural or Environmental Forces,British Columbia,Foothills Pipe Lines Ltd.,Not Applicable,Not Applicable,Transmission,0.0,2018,49.27367,-115.59596,Level I,10 or fewer dwelling units,Forests
0,"External Interference, Incorrect Operation",Maintenance,British Columbia,Foothills Pipe Lines Ltd.,Not Applicable,Not Applicable,Transmission,0.0,2018,49.28107,-115.17144,Level I,10 or fewer dwelling units,Forests
0,Natural Force Damage,Natural or Environmental Forces,British Columbia,"Westcoast Energy Inc., carrying on business as Spectra Energy Transmission",Not Applicable,Not Applicable,Gathering,0.0,2018,56.81692125,-120.56275945,Level I,10 or fewer dwelling units,Water / Wetlands
0,Natural Force Damage,Natural or Environmental Forces,Alberta,NOVA Gas Transmission Ltd.,Not Applicable,Not Applicable,Transmission,0.0,2018,55.94363,-111.7577,Level I,10 or fewer dwelling units,Water / Wetlands
0,Natural Force Damage,Natural or Environmental Forces,Ontario,TransCanada PipeLines Limited,Not Applicable,Not Applicable,Transmission,0.0,2018,47.14755,-79.76492,Level I,10 or fewer dwelling units,Water / Wetlands
0,Natural Force Damage,Natural or Environmental Forces,Ontario,TransCanada PipeLines Limited,Not Applicable,Not Applicable,Transmission,0.0,2018,46.57498,-79.6476,Level I,10 or fewer dwelling units,Water / Wetlands
0,Natural Force Damage,Natural or Environmental Forces,British Columbia,"Westcoast Energy Inc., carrying on business as Spectra Energy Transmission",Not Applicable,Not Applicable,Transmission,0.0,2018,56.86284281,-122.30159699,Level I,10 or fewer dwelling units,Water / Wetlands
0,"External Interference, Incorrect Operation","Human Factors, Inadequate Supervision",Alberta,NOVA Gas Transmission Ltd.,Not Applicable,Not Applicable,Transmission,0.0,2018,51.93893056,-112.07496448,Level I,10 or fewer dwelling units,Developed Land - Industrial
0,Incorrect Operation,Human Factors,Saskatchewan,Enbridge Pipelines Inc.,Not Applicable,Not Applicable,Transmission,0.0,2018,51.44611,-106.5825,Level I,10 or fewer dwelling units,Developed Land - Industrial
0,External Interference,"Engineering and Planning, Inadequate Supervision",Ontario,Trans-Northern Pipelines Inc.,Not Applicable,Not Applicable,Transmission,0.0,2018,44.64323479,-75.61573225,Level I,46 or more dwelling units,Developed Land - Residential
0,Natural Force Damage,Natural or Environmental Forces,British Columbia,"Westcoast Energy Inc., carrying on business as Spectra Energy Transmission",Not Applicable,Not Applicable,Transmission,0.0,2018,57.24724498,-122.61708875,Level I,10 or fewer dwelling units,Water / Wetlands
0,"Equipment Failure, Incorrect Operation","Maintenance, Standards and Procedures",Alberta,NOVA Gas Transmission Ltd.,Not Applicable,Not Applicable,Transmission,0.0,2018,52.60985,-111.67055,Level I,10 or fewer dwelling units,Agricultural Cropland
0,Natural Force Damage,Natural or Environmental Forces,British Columbia,"Westcoast Energy Inc., carrying on business as Spectra Energy Transmission",Not Applicable,Not Applicable,Gathering,0.0,2018,58.15931636,-122.68805738,Level I,10 or fewer dwelling units,Forests
0,Natural Force Damage,Natural or Environmental Forces,British Columbia,"Westcoast Energy Inc., carrying on business as Spectra Energy Transmission",Not Applicable,Not Applicable,Transmission,0.0,2018,57.99323401,-122.7019066,Level I,10 or fewer dwelling units,Forests
0,Natural Force Damage,Natural or Environmental Forces,British Columbia,"Westcoast Energy Inc., carrying on business as Spectra Energy Transmission",Not Applicable,Not Applicable,Transmission,0.0,2018,57.99119698,-122.70254499,Level I,10 or fewer dwelling units,Forests
0,Natural Force Damage,Natural or Environmental Forces,British Columbia,"Westcoast Energy Inc., carrying on business as Spectra Energy Transmission",Not Applicable,Not Applicable,Transmission,0.0,2018,57.98305413,-122.70506728,Level I,10 or fewer dwelling units,Forests
0,"External Interference, Incorrect Operation",Inadequate Supervision,Alberta,NOVA Gas Transmission Ltd.,Not Applicable,Not Applicable,Transmission,0.0,2018,50.684356,-110.082945,Not Emergency,10 or fewer dwelling units,Vegetative Barren
0,External Interference,Inadequate Procurement,British Columbia,"Westcoast Energy Inc., carrying on business as Spectra Energy Transmission",Natural Gas - Sweet,Gas,Transmission,609.0,2018,52.72947567,-122.44197649,Not Emergency,10 or fewer dwelling units,Developed Land - Industrial
0,"Corrosion and Cracking, Defect and Deterioration",Maintenance,British Columbia,"Westcoast Energy Inc., carrying on business as Spectra Energy Transmission",Natural Gas - Sweet,Gas,Processing,735.8,2019,56.14630285,-120.66916931,Not Emergency,11 to 45 dwelling units,Developed Land - Industrial
0,Incorrect Operation,Human Factors,British Columbia,NOVA Gas Transmission Ltd.,Not Applicable,Not Applicable,Transmission,0.0,2019,56.510406,-121.869944,Not Emergency,10 or fewer dwelling units,Forests
0,"External Interference, Incorrect Operation","Human Factors, Tools and Equipment",Alberta,Enbridge Southern Lights GP Inc. on behalf of Enbridge Southern Lights LP,Not Applicable,Not Applicable,Transmission,0.0,2019,53.54464713,-113.35387734,Not Emergency,10 or fewer dwelling units,Developed Land - Industrial
0,"Equipment Failure, Incorrect Operation","Human Factors, Standards and Procedures",Alberta,NOVA Gas Transmission Ltd.,Not Applicable,Not Applicable,Transmission,0.0,2019,54.401614,-118.020456,Not Emergency,10 or fewer dwelling units,Forests
1,Incorrect Operation,Human Factors,Manitoba,Enbridge Pipelines Inc.,Not Applicable,Not Applicable,Transmission,0.0,2019,49.73378561,-100.95332124,Not Emergency,10 or fewer dwelling units,Agricultural Cropland
0,"External Interference, Incorrect Operation","Engineering and Planning, Human Factors, Inadequate Supervision",Alberta,NOVA Gas Transmission Ltd.,Not Applicable,Not Applicable,Transmission,0.0,2019,55.035897,-117.363566,Not Emergency,10 or fewer dwelling units,Forests
0,Corrosion and Cracking,Maintenance,Alberta,NOVA Gas Transmission Ltd.,Natural Gas - Sweet,Gas,Transmission,2866.0,2019,56.37079958,-119.9226624,Not Emergency,10 or fewer dwelling units,Forests
0,Corrosion and Cracking,"Engineering and Planning, Maintenance",Alberta,NOVA Gas Transmission Ltd.,Natural Gas - Sweet,Gas,Transmission,0.13,2019,54.09446953,-113.23131808,Not Emergency,10 or fewer dwelling units,Forests
0,"External Interference, Incorrect Operation","Human Factors, Maintenance",Alberta,Trans Mountain Pipeline ULC,Not Applicable,Not Applicable,Distribution,0.0,2019,53.607907,-115.579668,Not Emergency,10 or fewer dwelling units,Forests
0,Natural Force Damage,Natural or Environmental Forces,Alberta,Trans Mountain Pipeline ULC,Not Applicable,Not Applicable,Transmission,0.0,2019,53.560638,-114.251335,Not Emergency,10 or fewer dwelling units,Water / Wetlands
0,"External Interference, Incorrect Operation","Maintenance, Natural or Environmental Forces",Alberta,NOVA Gas Transmission Ltd.,Not Applicable,Not Applicable,Transmission,0.0,2019,54.48310727,-118.09993252,Not Emergency,10 or fewer dwelling units,Forests
1,"External Interference, Incorrect Operation","Failure in communication, Human Factors, Maintenance",British Columbia,NOVA Gas Transmission Ltd.,Not Applicable,Not Applicable,Transmission,0.0,2019,54.78775,-122.12972222,Not Emergency,10 or fewer dwelling units,Forests
0,"External Interference, Other Causes",Natural or Environmental Forces,British Columbia,NOVA Gas Transmission Ltd.,Not Applicable,Not Applicable,Transmission,0.0,2019,54.04048,-121.180202,Not Emergency,10 or fewer dwelling units,Forests
0,External Interference,"Inadequate Supervision, Maintenance",Alberta,NOVA Gas Transmission Ltd.,Not Applicable,Not Applicable,Transmission,0.0,2019,50.66117043,-110.02507115,Not Emergency,10 or fewer dwelling units,Agricultural Cropland
0,Natural Force Damage,Natural or Environmental Forces,Alberta,NOVA Gas Transmission Ltd.,Not Applicable,Not Applicable,Transmission,0.0,2019,54.993657,-112.523208,Not Emergency,10 or fewer dwelling units,Water / Wetlands
0,"External Interference, Incorrect Operation",Tools and Equipment,Alberta,NOVA Gas Transmission Ltd.,Not Applicable,Not Applicable,Transmission,0.0,2019,53.7905953,-116.9528857,Not Emergency,10 or fewer dwelling units,Forests
0,Natural Force Damage,Natural or Environmental Forces,British Columbia,Foothills Pipe Lines (South B.C.) Ltd.,Not Applicable,Not Applicable,Transmission,0.0,2019,49.29246,-115.18849,Not Emergency,10 or fewer dwelling units,Tundra / Native Prairie / Parks
1,Corrosion and Cracking,"Engineering and Planning, Maintenance",Alberta,NOVA Gas Transmission Ltd.,Natural Gas - Sweet,Gas,Transmission,31775.96,2019,53.198331,-116.194173,Not Emergency,10 or fewer dwelling units,Forests
0,Incorrect Operation,"Maintenance, Standards and Procedures",Alberta,TransCanada Keystone Pipeline GP Ltd.,Crude Oil - Sweet,Liquid,Transmission,6.0,2019,52.64186166,-111.26426221,Not Emergency,10 or fewer dwelling units,Developed Land - Industrial
1,External Interference,"Human Factors, Natural or Environmental Forces",Alberta,NOVA Gas Transmission Ltd.,Not Applicable,Not Applicable,Transmission,0.0,2019,53.780254,-116.629058,Not Emergency,10 or fewer dwelling units,Forests
0,External Interference,Maintenance,British Columbia,NOVA Gas Transmission Ltd.,Not Applicable,Not Applicable,Transmission,0.0,2019,56.966387,-122.083585,Not Emergency,10 or fewer dwelling units,Forests
0,"Equipment Failure, External Interference",Engineering and Planning,Alberta,TransCanada Keystone Pipeline GP Ltd.,Not Applicable,Not Applicable,Transmission,0.0,2019,52.65031647,-111.268398,Not Emergency,10 or fewer dwelling units,Developed Land - Industrial
0,External Interference,"Human Factors, Inadequate Supervision, Maintenance",Saskatchewan,TransCanada Keystone Pipeline GP Ltd.,Crude Oil - Sweet,Liquid,Transmission,29.0,2020,50.48066052,-105.86703804,Not Emergency,11 to 45 dwelling units,Developed Land - Industrial
0,"External Interference, Natural Force Damage",Natural or Environmental Forces,Quebec,Trans-Northern Pipelines Inc.,Not Applicable,Not Applicable,Transmission,0.0,2020,45.41329,-74.1119,Not Emergency,10 or fewer dwelling units,Forests
0,"Corrosion and Cracking, External Interference","Maintenance, Natural or Environmental Forces",Saskatchewan,Enbridge Pipelines Inc.,Condensate,Liquid,Transmission,26.0,2020,52.14173322,-109.81299181,Not Emergency,10 or fewer dwelling units,Developed Land - Industrial
0,External Interference,To be determined,Alberta,NOVA Gas Transmission Ltd.,Not Applicable,Not Applicable,Transmission,0.0,2020,57.80784558,-118.09967795,Not Emergency,10 or fewer dwelling units,Developed Land - Industrial
0,External Interference,Maintenance,Alberta,NOVA Gas Transmission Ltd.,Not Applicable,Not Applicable,Transmission,0.0,2020,57.12286944,-117.63194444,Not Emergency,10 or fewer dwelling units,Developed Land - Industrial
1,"External Interference, Incorrect Operation","Engineering and Planning, Human Factors, Inadequate Supervision, Natural or Environmental Forces",British Columbia,"Westcoast Energy Inc., carrying on business as Spectra Energy Transmission",Not Applicable,Not Applicable,Transmission,0.0,2020,53.72092225,-122.60792149,Not Emergency,10 or fewer dwelling units,Developed Land - Industrial
1,"External Interference, Incorrect Operation","Failure in communication, Human Factors, Inadequate Supervision, Natural or Environmental Forces, Standards and Procedures",British Columbia,"Westcoast Energy Inc., carrying on business as Spectra Energy Transmission",Not Applicable,Not Applicable,Processing,0.0,2020,50.74934264,-120.85724519,Not Emergency,11 to 45 dwelling units,Developed Land - Industrial
0,External Interference,Tools and Equipment,Alberta,Enbridge Pipelines Inc.,Not Applicable,Not Applicable,Transmission,0.0,2016,53.54151,-113.353867,Level I,10 or fewer dwelling units,Developed Land - Industrial
0,"External Interference, Incorrect Operation","Engineering and Planning, Human Factors, Inadequate Supervision",Alberta,Enbridge Pipelines Inc.,Not Applicable,Not Applicable,Transmission,0.0,2016,53.544151,-113.355103,Level I,46 or more dwelling units,Developed Land - Industrial
0,Corrosion and Cracking,Maintenance,British Columbia,"Westcoast Energy Inc., carrying on business as Spectra Energy Transmission",Contaminated Water,Miscellaneous,Processing,2.9,2016,58.65324554,-122.68482307,Level I,10 or fewer dwelling units,Developed Land - Industrial
0,"External Interference, Incorrect Operation",Engineering and Planning,Ontario,Trans-Northern Pipelines Inc.,Not Applicable,Not Applicable,Transmission,0.0,2016,43.39419,-79.73732,Level I,46 or more dwelling units,Developed Land - Industrial
0,Corrosion and Cracking,"Maintenance, Tools and Equipment",Alberta,NOVA Gas Transmission Ltd.,Natural Gas - Sweet,Gas,Transmission,42.0,2016,57.42235949,-118.24922174,Level I,10 or fewer dwelling units,Forests
0,"External Interference, Incorrect Operation","Engineering and Planning, Tools and Equipment",Alberta,NOVA Gas Transmission Ltd.,Not Applicable,Not Applicable,Transmission,0.0,2016,56.4861,-114.11751,Level I,10 or fewer dwelling units,Developed Land - Industrial
0,Incorrect Operation,Standards and Procedures,British Columbia,"Westcoast Energy Inc., carrying on business as Spectra Energy Transmission",Natural Gas - Sweet,Gas,Transmission,15.23,2016,56.6442,-120.81235,Level I,10 or fewer dwelling units,Tundra / Native Prairie / Parks
1,Incorrect Operation,"Inadequate Supervision, Standards and Procedures",British Columbia,"Westcoast Energy Inc., carrying on business as Spectra Energy Transmission",Natural Gas - Sour,Gas,Processing,853.0,2016,56.146137,-120.670787,Level I,46 or more dwelling units,Developed Land - Industrial
0,External Interference,Engineering and Planning,British Columbia,"Westcoast Energy Inc., carrying on business as Spectra Energy Transmission",Natural Gas - Sweet,Gas,Gathering,6380.0,2016,56.083,-120.404,Level I,10 or fewer dwelling units,Developed Land - Industrial
0,External Interference,Standards and Procedures,British Columbia,"Westcoast Energy Inc., carrying on business as Spectra Energy Transmission",Water,Miscellaneous,Processing,5.0,2016,56.141402,-120.669325,Level I,11 to 45 dwelling units,Barren Land
1,Incorrect Operation,Engineering and Planning,British Columbia,"Westcoast Energy Inc., carrying on business as Spectra Energy Transmission",Natural Gas - Sour,Gas,Processing,13.23,2016,55.569092,-121.944662,Level I,10 or fewer dwelling units,Developed Land - Industrial
0,Incorrect Operation,"Failure in communication, Human Factors, Inadequate Supervision",Alberta,Enbridge Pipelines Inc.,Natural Gas Liquids,Gas,Transmission,0.001,2016,52.933313,-112.082122,Level I,10 or fewer dwelling units,Agricultural Cropland
0,Equipment Failure,Maintenance,Nova Scotia,Maritimes & Northeast Pipeline Management Ltd.,Natural Gas - Sweet,Gas,Transmission,0.5,2016,44.6777652,-63.5970225,Level I,46 or more dwelling units,Developed Land - Industrial
0,Incorrect Operation,Human Factors,Manitoba,Enbridge Pipelines Inc.,Crude Oil - Sweet,Liquid,Transmission,3.0,2016,49.7,-101.2,Level I,10 or fewer dwelling units,Developed Land - Industrial
1,"External Interference, Incorrect Operation",Human Factors,Alberta,NOVA Gas Transmission Ltd.,Not Applicable,Not Applicable,Transmission,0.0,2016,54.45,-117.7,Level II,10 or fewer dwelling units,Forests
0,"External Interference, Incorrect Operation","Human Factors, Inadequate Supervision",Ontario,TransCanada PipeLines Limited,Not Applicable,Not Applicable,Transmission,0.0,2016,43.744167,-79.633611,Level I,10 or fewer dwelling units,Forests
0,Other Causes,Engineering and Planning,Alberta,NOVA Gas Transmission Ltd.,Not Applicable,Not Applicable,Transmission,0.0,2016,49.30721239,-114.01499449,Level I,10 or fewer dwelling units,Developed Land - Industrial
1,Corrosion and Cracking,Maintenance,Alberta,NOVA Gas Transmission Ltd.,Natural Gas - Sweet,Gas,Transmission,52000.0,2016,55.51043,-113.46468,Level I,10 or fewer dwelling units,Forests
0,"External Interference, Incorrect Operation","Human Factors, Standards and Procedures",Alberta,Enbridge Pipelines Inc.,Not Applicable,Not Applicable,Transmission,0.0,2016,52.63822644,-111.27864571,Level I,46 or more dwelling units,Developed Land - Industrial
0,"External Interference, Incorrect Operation",Inadequate Supervision,Ontario,TransCanada PipeLines Limited,Not Applicable,Not Applicable,Transmission,0.0,2016,43.988,-79.011,Level I,10 or fewer dwelling units,Agricultural Cropland
0,Corrosion and Cracking,Maintenance,Alberta,NOVA Gas Transmission Ltd.,Natural Gas - Sweet,Gas,Transmission,1.0,2016,54.85067,-112.82706,Level I,10 or fewer dwelling units,Agricultural Cropland
0,Equipment Failure,Natural or Environmental Forces,New Brunswick,Maritimes & Northeast Pipeline Management Ltd.,Natural Gas - Sweet,Gas,Transmission,30.0,2016,45.25124,-66.09725,Level I,46 or more dwelling units,Developed Land - Commercial
0,Equipment Failure,"Maintenance, Natural or Environmental Forces",New Brunswick,Emera Brunswick Pipeline Company Ltd.,Natural Gas - Sweet,Gas,Transmission,8.0,2016,45.28066,-66.0027,Level I,46 or more dwelling units,Developed Land - Industrial
0,External Interference,Engineering and Planning,Alberta,NOVA Gas Transmission Ltd.,Not Applicable,Not Applicable,Transmission,0.0,2016,54.95,-119.194,Level I,10 or fewer dwelling units,Agricultural Cropland
0,Corrosion and Cracking,Maintenance,British Columbia,"Westcoast Energy Inc., carrying on business as Spectra Energy Transmission",Sulphur Dioxide,Miscellaneous,Processing,578.0,2016,55.56909171,-121.94466164,Level I,10 or fewer dwelling units,Forests
0,"External Interference, Incorrect Operation",Tools and Equipment,Alberta,NOVA Gas Transmission Ltd.,Not Applicable,Not Applicable,Transmission,0.0,2016,57.34,-111.68,Level I,10 or fewer dwelling units,Forests
0,External Interference,Tools and Equipment,Alberta,NOVA Gas Transmission Ltd.,Not Applicable,Not Applicable,Transmission,0.0,2016,54.09508652,-112.30584934,Level I,10 or fewer dwelling units,Developed Land - Industrial
0,"External Interference, Incorrect Operation","Failure in communication, Human Factors, Maintenance, Standards and Procedures, Tools and Equipment",Alberta,NOVA Gas Transmission Ltd.,Not Applicable,Not Applicable,Transmission,0.0,2016,53.10047466,-115.36423859,Level I,10 or fewer dwelling units,Developed Land - Industrial
0,External Interference,Maintenance,British Columbia,Trans Mountain Pipeline ULC,Not Applicable,Not Applicable,Transmission,0.0,2016,49.487583,-121.183421,Level I,10 or fewer dwelling units,Forests
0,"External Interference, Incorrect Operation","Human Factors, Inadequate Supervision",British Columbia,Trans Mountain Pipeline ULC,Not Applicable,Not Applicable,Transmission,0.0,2016,49.26848937,-122.93134198,Level I,10 or fewer dwelling units,Developed Land - Industrial
0,Incorrect Operation,"Failure in communication, Human Factors",Alberta,Enbridge Pipelines Inc.,Natural Gas Liquids,Gas,Transmission,0.0001,2016,53.54740268,-113.35571374,Level I,10 or fewer dwelling units,Developed Land - Industrial
1,Corrosion and Cracking,Maintenance,British Columbia,"Westcoast Energy Inc., carrying on business as Spectra Energy Transmission",Natural Gas - Sour,Gas,Processing,22.3,2017,55.571667,-121.94,Level I,10 or fewer dwelling units,Developed Land - Industrial
0,External Interference,Maintenance,Saskatchewan,NOVA Chemicals (Canada) Ltd.,Not Applicable,Not Applicable,Transmission,0.0,2017,49.552049,-105.985536,Level I,10 or fewer dwelling units,Agricultural Cropland
0,Equipment Failure,Maintenance,New Brunswick,Maritimes & Northeast Pipeline Management Ltd.,Natural Gas - Sweet,Gas,Transmission,1.0,2017,45.98805,-64.14431,Level I,10 or fewer dwelling units,Developed Land - Industrial
0,External Interference,Tools and Equipment,British Columbia,"Westcoast Energy Inc., carrying on business as Spectra Energy Transmission",Sulphur,Miscellaneous,Processing,0.4,2017,55.56909171,-121.94466164,Level I,10 or fewer dwelling units,Developed Land - Industrial
1,External Interference,Maintenance,British Columbia,"Westcoast Energy Inc., carrying on business as Spectra Energy Transmission",Hydrogen Sulphide,Miscellaneous,Processing,0.86,2017,55.56909171,-121.94466164,Level II,10 or fewer dwelling units,Developed Land - Industrial
0,"External Interference, Incorrect Operation","Maintenance, Tools and Equipment",Alberta,NOVA Gas Transmission Ltd.,Not Applicable,Not Applicable,Transmission,0.0,2017,53.574646,-116.560407,Level I,10 or fewer dwelling units,Forests
0,"External Interference, Incorrect Operation","Failure in communication, Maintenance, Tools and Equipment",Alberta,NOVA Gas Transmission Ltd.,Not Applicable,Not Applicable,Transmission,0.0,2017,53.651993,-116.707123,Level I,10 or fewer dwelling units,Forests
1,"Equipment Failure, External Interference, Incorrect Operation","Inadequate Supervision, Maintenance",Saskatchewan,Tundra Energy Marketing Limited,Crude Oil - Sweet,Liquid,Gathering,5.0,2017,49.285641,-101.651464,Level I,10 or fewer dwelling units,Developed Land - Industrial
0,External Interference,Maintenance,British Columbia,"Westcoast Energy Inc., carrying on business as Spectra Energy Transmission",Natural Gas - Sweet,Gas,Processing,491.0,2017,55.56909171,-121.94466164,Level I,10 or fewer dwelling units,Developed Land - Industrial
0,Equipment Failure,Natural or Environmental Forces,New Brunswick,Emera Brunswick Pipeline Company Ltd.,Natural Gas - Sweet,Gas,Transmission,0.001,2017,45.28,-66.0,Level I,46 or more dwelling units,Developed Land - Industrial
0,Other Causes,Human Factors,Alberta,NOVA Gas Transmission Ltd.,Not Applicable,Not Applicable,Transmission,0.0,2017,55.8974,-119.4945,Level I,10 or fewer dwelling units,Agricultural Cropland
0,Other Causes,Natural or Environmental Forces,Alberta,NOVA Gas Transmission Ltd.,Not Applicable,Not Applicable,Transmission,0.0,2017,56.537345,-119.903125,Level I,10 or fewer dwelling units,Forests
0,External Interference,Maintenance,Alberta,NOVA Gas Transmission Ltd.,Not Applicable,Not Applicable,Transmission,0.0,2017,56.66181,-111.78793,Level I,10 or fewer dwelling units,Forests
0,External Interference,Engineering and Planning,Alberta,NOVA Gas Transmission Ltd.,Not Applicable,Not Applicable,Transmission,0.0,2017,54.38978294,-118.77914166,Level I,10 or fewer dwelling units,Forests
1,"External Interference, Incorrect Operation","Engineering and Planning, Human Factors",Alberta,Enbridge Pipelines Inc.,Condensate,Liquid,Transmission,988.0,2017,53.51651,-113.37012,Level II,10 or fewer dwelling units,Developed Land - Industrial
0,"External Interference, Incorrect Operation","Human Factors, Maintenance, Tools and Equipment",Alberta,NOVA Gas Transmission Ltd.,Not Applicable,Not Applicable,Transmission,0.0,2017,56.85842,-120.04474,Level I,10 or fewer dwelling units,Forests
0,Incorrect Operation,Human Factors,Alberta,Enbridge Pipelines Inc.,Not Applicable,Not Applicable,Transmission,0.0,2017,53.54740268,-113.35571374,Level I,10 or fewer dwelling units,Developed Land - Industrial
0,"External Interference, Natural Force Damage",Natural or Environmental Forces,British Columbia,Trans Mountain Pipeline ULC,Not Applicable,Not Applicable,Transmission,0.0,2017,50.201903,-120.64497,Level I,10 or fewer dwelling units,Forests
0,Corrosion and Cracking,Engineering and Planning,Alberta,Enbridge Pipelines Inc.,Crude Oil - Synthetic,Liquid,Transmission,88.0,2017,53.543,-113.354,Level I,10 or fewer dwelling units,Developed Land - Industrial
0,Natural Force Damage,"Engineering and Planning, Maintenance, Natural or Environmental Forces",Ontario,Trans-Northern Pipelines Inc.,Not Applicable,Not Applicable,Transmission,0.0,2017,43.9148,-79.04039,Level I,10 or fewer dwelling units,Water / Wetlands
0,Natural Force Damage,"Engineering and Planning, Maintenance",Ontario,Trans-Northern Pipelines Inc.,Not Applicable,Not Applicable,Transmission,0.0,2017,43.94553832,-78.66202139,Level I,10 or fewer dwelling units,Water / Wetlands
0,Natural Force Damage,"Engineering and Planning, Maintenance",Ontario,Trans-Northern Pipelines Inc.,Not Applicable,Not Applicable,Transmission,0.0,2017,43.94553832,-78.66202139,Level I,10 or fewer dwelling units,Water / Wetlands
0,Natural Force Damage,"Engineering and Planning, Maintenance",Ontario,Trans-Northern Pipelines Inc.,Not Applicable,Not Applicable,Transmission,0.0,2017,43.963574,-78.511896,Level I,10 or fewer dwelling units,Water / Wetlands
0,Natural Force Damage,"Engineering and Planning, Maintenance",Ontario,Trans-Northern Pipelines Inc.,Not Applicable,Not Applicable,Transmission,0.0,2017,44.22481905,-77.0524542,Level I,10 or fewer dwelling units,Water / Wetlands
0,External Interference,Engineering and Planning,Ontario,Trans-Northern Pipelines Inc.,Not Applicable,Not Applicable,Transmission,0.0,2017,44.99186,-75.012816,Level I,10 or fewer dwelling units,Agricultural Cropland
0,Corrosion and Cracking,Tools and Equipment,Alberta,NOVA Gas Transmission Ltd.,Natural Gas - Sweet,Gas,Transmission,2.0,2017,54.04370807,-117.42054229,Level I,10 or fewer dwelling units,Forests
0,Equipment Failure,Maintenance,Alberta,Alliance Pipeline Ltd.,Natural Gas - Sweet,Gas,Transmission,1.0,2017,49.32403226,-102.29636323,Level I,10 or fewer dwelling units,Developed Land - Industrial
0,Incorrect Operation,Tools and Equipment,Alberta,NOVA Gas Transmission Ltd.,Not Applicable,Not Applicable,Transmission,0.0,2017,51.4,-111.79,Level I,10 or fewer dwelling units,Shrub Land
0,External Interference,Engineering and Planning,Alberta,NOVA Gas Transmission Ltd.,Not Applicable,Not Applicable,Transmission,0.0,2017,55.89250404,-119.79138263,Level I,10 or fewer dwelling units,Shrub Land
0,Natural Force Damage,"Engineering and Planning, Maintenance, Natural or Environmental Forces",Ontario,Trans-Northern Pipelines Inc.,Not Applicable,Not Applicable,Transmission,0.0,2017,44.371,-76.203,Level I,10 or fewer dwelling units,Water / Wetlands
0,Other Causes,Tools and Equipment,Alberta,NOVA Gas Transmission Ltd.,Not Applicable,Not Applicable,Transmission,0.0,2017,49.30721239,-114.01499449,Level I,10 or fewer dwelling units,Developed Land - Industrial
0,Natural Force Damage,"Engineering and Planning, Maintenance",Ontario,Trans-Northern Pipelines Inc.,Not Applicable,Not Applicable,Transmission,0.0,2017,44.236964,-76.84911,Level I,10 or fewer dwelling units,Water / Wetlands
0,Equipment Failure,"Engineering and Planning, Maintenance",British Columbia,"Westcoast Energy Inc., carrying on business as Spectra Energy Transmission",Natural Gas - Sweet,Gas,Transmission,125.4,2017,54.28836951,-122.61663727,Level I,10 or fewer dwelling units,Developed Land - Industrial
0,"Defect and Deterioration, Equipment Failure, Incorrect Operation",Maintenance,British Columbia,"Westcoast Energy Inc., carrying on business as Spectra Energy Transmission",Drilling Fluid,Miscellaneous,Transmission,8.0,2017,55.79811041,-122.18163686,Level I,10 or fewer dwelling units,Forests
0,Incorrect Operation,Tools and Equipment,Alberta,NOVA Gas Transmission Ltd.,Not Applicable,Not Applicable,Transmission,0.0,2017,50.71,-112.09,Level I,10 or fewer dwelling units,Agricultural Cropland
0,External Interference,Engineering and Planning,Ontario,Trans-Northern Pipelines Inc.,Not Applicable,Not Applicable,Transmission,0.0,2017,44.9970876,-75.0124647,Level I,10 or fewer dwelling units,Developed Land - Industrial
0,External Interference,Engineering and Planning,Ontario,Trans-Northern Pipelines Inc.,Not Applicable,Not Applicable,Transmission,0.0,2017,44.6430712,-75.61878451,Level I,11 to 45 dwelling units,Developed Land - Industrial
0,Natural Force Damage,"Engineering and Planning, Maintenance, Natural or Environmental Forces",Ontario,Trans-Northern Pipelines Inc.,Not Applicable,Not Applicable,Transmission,0.0,2017,44.145312,-77.582033,Level I,10 or fewer dwelling units,Water / Wetlands
0,External Interference,Maintenance,Saskatchewan,Enbridge Pipelines Inc.,Natural Gas Liquids,Gas,Transmission,0.01,2017,51.875,-109.033,Level I,10 or fewer dwelling units,Developed Land - Industrial
0,Incorrect Operation,Tools and Equipment,British Columbia,"Westcoast Energy Inc., carrying on business as Spectra Energy Transmission",Natural Gas - Sweet,Gas,Transmission,13399.59,2017,56.78078388,-122.32382739,Level I,10 or fewer dwelling units,Agricultural Cropland
0,External Interference,Natural or Environmental Forces,British Columbia,"Westcoast Energy Inc., carrying on business as Spectra Energy Transmission",Not Applicable,Not Applicable,Processing,0.0,2017,58.65324554,-122.68482307,Level I,10 or fewer dwelling units,Developed Land - Industrial
0,"External Interference, Incorrect Operation",Tools and Equipment,Ontario,TransCanada PipeLines Limited,Not Applicable,Not Applicable,Transmission,0.0,2018,49.81443,-94.26317,Level I,10 or fewer dwelling units,Forests
0,Incorrect Operation,"Standards and Procedures, Tools and Equipment",British Columbia,"Westcoast Energy Inc., carrying on business as Spectra Energy Transmission",Natural Gas - Sweet,Gas,Transmission,15570.0,2017,49.11777778,-121.99888889,Level I,11 to 45 dwelling units,Developed Land - Residential
0,"Defect and Deterioration, Incorrect Operation","Inadequate Procurement, Inadequate Supervision, Standards and Procedures",Alberta,NOVA Gas Transmission Ltd.,Natural Gas - Sweet,Gas,Transmission,24.0,2017,53.10047466,-115.36423859,Level I,10 or fewer dwelling units,Forests
0,External Interference,Standards and Procedures,British Columbia,"Westcoast Energy Inc., carrying on business as Spectra Energy Transmission",Not Applicable,Not Applicable,Processing,0.0,2017,55.56909171,-121.94466164,Level I,10 or fewer dwelling units,Developed Land - Industrial
0,Corrosion and Cracking,Engineering and Planning,Alberta,NOVA Gas Transmission Ltd.,Natural Gas - Sweet,Gas,Transmission,10.0,2017,54.63,-118.95,Level I,10 or fewer dwelling units,Forests
0,Corrosion and Cracking,Engineering and Planning,Alberta,NOVA Gas Transmission Ltd.,Natural Gas - Sweet,Gas,Transmission,6474.0,2017,53.83523,-111.33383,Level I,10 or fewer dwelling units,Agricultural Cropland
1,External Interference,Human Factors,Manitoba,TransCanada Keystone Pipeline GP Ltd.,Not Applicable,Not Applicable,Transmission,0.0,2018,49.8333,-99.94999,Level II,10 or fewer dwelling units,Agricultural Cropland
1,Corrosion and Cracking,Engineering and Planning,Alberta,NOVA Gas Transmission Ltd.,Natural Gas - Sweet,Gas,Transmission,50622.5,2018,54.532966,-112.094773,Level I,10 or fewer dwelling units,Forests
0,"Corrosion and Cracking, Defect and Deterioration",Engineering and Planning,British Columbia,"Westcoast Energy Inc., carrying on business as Spectra Energy Transmission",Natural Gas - Sweet,Gas,Transmission,1694.0,2018,49.37396404,-121.42185175,Level I,10 or fewer dwelling units,Shrub Land
1,"External Interference, Incorrect Operation",Maintenance,British Columbia,"Westcoast Energy Inc., carrying on business as Spectra Energy Transmission",Natural Gas - Sour,Gas,Gathering,200.0,2018,55.33138,-121.63722,Level I,10 or fewer dwelling units,Developed Land - Industrial
0,"Defect and Deterioration, External Interference",Maintenance,British Columbia,"Westcoast Energy Inc., carrying on business as Spectra Energy Transmission",Not Applicable,Not Applicable,Processing,0.0,2018,56.9561,-121.9176,Level I,10 or fewer dwelling units,Developed Land - Industrial
0,"External Interference, Natural Force Damage",Natural or Environmental Forces,Ontario,Trans-Northern Pipelines Inc.,Not Applicable,Not Applicable,Transmission,0.0,2018,44.560362,-75.789897,Level I,10 or fewer dwelling units,Forests
0,"External Interference, Natural Force Damage",Natural or Environmental Forces,British Columbia,Pouce Coupé Pipe Line Ltd. as agent and general partner of the Pembina North Limited Partnership,Not Applicable,Not Applicable,Transmission,0.0,2018,56.139827,-120.638677,Level I,10 or fewer dwelling units,Agricultural Cropland
1,"Defect and Deterioration, External Interference","Engineering and Planning, Human Factors, Standards and Procedures",British Columbia,"Westcoast Energy Inc., carrying on business as Spectra Energy Transmission",Natural Gas - Sour,Gas,Gathering,6541.0,2018,58.6547225,-122.68577966,Level I,10 or fewer dwelling units,Developed Land - Industrial
0,External Interference,Natural or Environmental Forces,New Brunswick,Maritimes & Northeast Pipeline Management Ltd.,Natural Gas - Sweet,Gas,Transmission,1.0,2018,45.9875348,-64.1437017,Level I,10 or fewer dwelling units,Developed Land - Industrial
0,Incorrect Operation,Engineering and Planning,British Columbia,"Westcoast Energy Inc., carrying on business as Spectra Energy Transmission",Glycol,Miscellaneous,Processing,5.913,2018,55.56909171,-121.94466164,Level I,10 or fewer dwelling units,Developed Land - Industrial
1,"External Interference, Incorrect Operation","Inadequate Supervision, Maintenance",British Columbia,"Westcoast Energy Inc., carrying on business as Spectra Energy Transmission",Natural Gas - Sour,Gas,Processing,59.7,2018,58.6545943,-122.6905284,Level I,10 or fewer dwelling units,Developed Land - Industrial
0,External Interference,Natural or Environmental Forces,Alberta,NOVA Gas Transmission Ltd.,Not Applicable,Not Applicable,Transmission,0.0,2018,51.607465,-113.044308,Level I,10 or fewer dwelling units,Water / Wetlands
0,Incorrect Operation,Human Factors,Alberta,Enbridge Pipelines Inc.,Not Applicable,Not Applicable,Transmission,0.0,2018,52.63822644,-111.27864571,Level I,11 to 45 dwelling units,Developed Land - Industrial
0,Natural Force Damage,Natural or Environmental Forces,British Columbia,"Westcoast Energy Inc., carrying on business as Spectra Energy Transmission",Not Applicable,Not Applicable,Transmission,0.0,2018,57.95794291,-122.71091578,Level I,10 or fewer dwelling units,Forests
0,Natural Force Damage,Natural or Environmental Forces,British Columbia,"Westcoast Energy Inc., carrying on business as Spectra Energy Transmission",Not Applicable,Not Applicable,Transmission,0.0,2018,57.94717087,-122.71337937,Level I,10 or fewer dwelling units,Forests
1,External Interference,"Failure in communication, Standards and Procedures",Manitoba,Tundra Energy Marketing Limited,Drilling Fluid,Miscellaneous,Transmission,0.05,2018,49.74598858,-101.25105393,Level II,10 or fewer dwelling units,Water / Wetlands
0,Natural Force Damage,Natural or Environmental Forces,Alberta,"Westcoast Energy Inc., carrying on business as Spectra Energy Transmission",Not Applicable,Not Applicable,Transmission,0.0,2018,55.87459692,-119.84422324,Level I,10 or fewer dwelling units,Water / Wetlands
1,External Interference,Human Factors,Alberta,NOVA Gas Transmission Ltd.,Not Applicable,Not Applicable,Transmission,0.0,2018,55.2648,-119.4951,Level II,10 or fewer dwelling units,Agricultural Cropland
0,Natural Force Damage,Natural or Environmental Forces,British Columbia,"Westcoast Energy Inc., carrying on business as Spectra Energy Transmission",Not Applicable,Not Applicable,Transmission,0.0,2018,58.14178143,-122.68582687,Level I,10 or fewer dwelling units,Forests
1,External Interference,Human Factors,Manitoba,Enbridge Pipelines Inc.,Not Applicable,Not Applicable,Transmission,0.0,2018,49.698548,-100.581551,Level II,10 or fewer dwelling units,Water / Wetlands
1,Corrosion and Cracking,"Engineering and Planning, Tools and Equipment",Alberta,NOVA Gas Transmission Ltd.,Natural Gas - Sweet,Gas,Transmission,50767.0,2018,54.414958,-111.158422,Not Emergency,10 or fewer dwelling units,Forests
1,External Interference,To be determined,Saskatchewan,Enbridge Pipelines Inc.,Not Applicable,Not Applicable,Transmission,0.0,2018,51.930848,-109.15324,Not Emergency,46 or more dwelling units,Developed Land - Residential
0,"External Interference, Incorrect Operation",Inadequate Supervision,Alberta,NOVA Gas Transmission Ltd.,Not Applicable,Not Applicable,Transmission,0.0,2018,55.81692,-119.4138,Level I,10 or fewer dwelling units,Forests
0,External Interference,Natural or Environmental Forces,British Columbia,"Westcoast Energy Inc., carrying on business as Spectra Energy Transmission",Not Applicable,Not Applicable,Processing,0.0,2018,58.65324554,-122.68482307,Level I,10 or fewer dwelling units,Developed Land - Industrial
0,Natural Force Damage,Natural or Environmental Forces,British Columbia,"Westcoast Energy Inc., carrying on business as Spectra Energy Transmission",Not Applicable,Not Applicable,Transmission,0.0,2018,55.21752127,-122.72649909,Level I,10 or fewer dwelling units,Forests
0,External Interference,"Human Factors, Tools and Equipment",British Columbia,Spectra Energy Midstream Canada Partner Corporation,Not Applicable,Not Applicable,Processing,0.0,2018,56.145647,-120.671581,Level I,11 to 45 dwelling units,Barren Land
1,External Interference,Failure in communication,Manitoba,Enbridge Pipelines Inc.,Not Applicable,Not Applicable,Transmission,0.0,2018,49.118879,-97.8857,Level I,10 or fewer dwelling units,Developed Land - Industrial
0,"External Interference, Incorrect Operation","Engineering and Planning, Inadequate Supervision",Alberta,NOVA Gas Transmission Ltd.,Not Applicable,Not Applicable,Transmission,0.0,2018,49.0,-120.0,Level I,10 or fewer dwelling units,Agricultural Cropland
0,"External Interference, Natural Force Damage",Natural or Environmental Forces,Ontario,TransCanada PipeLines Limited,Not Applicable,Not Applicable,Transmission,0.0,2018,47.9551,-80.01458,Level I,10 or fewer dwelling units,Forests
0,External Interference,Maintenance,Alberta,Enbridge Pipelines Inc.,Not Applicable,Not Applicable,Transmission,0.0,2019,52.641704,-111.273945,Not Emergency,11 to 45 dwelling units,Developed Land - Industrial
0,Corrosion and Cracking,Engineering and Planning,Ontario,TransCanada PipeLines Limited,Natural Gas - Sweet,Gas,Transmission,1258.35,2019,49.74450054,-84.06775503,Not Emergency,10 or fewer dwelling units,Developed Land - Industrial
0,"External Interference, Incorrect Operation","Inadequate Procurement, Maintenance",British Columbia,Trans Mountain Pipeline ULC,Not Applicable,Not Applicable,Transmission,0.0,2019,49.26848937,-122.93134198,Not Emergency,11 to 45 dwelling units,Developed Land - Industrial
0,Other Causes,Natural or Environmental Forces,Alberta,NOVA Gas Transmission Ltd.,Not Applicable,Not Applicable,Transmission,0.0,2019,53.24568023,-116.23962717,Not Emergency,10 or fewer dwelling units,Forests
0,Equipment Failure,Maintenance,New Brunswick,Twin Rivers Paper Company Inc.,Water,Miscellaneous,Distribution,2.0,2019,47.3614398,-68.3284301,Not Emergency,46 or more dwelling units,Developed Land - Industrial
0,Equipment Failure,Maintenance,British Columbia,NOVA Gas Transmission Ltd.,Not Applicable,Not Applicable,Transmission,0.0,2019,56.780686,-122.146267,Not Emergency,10 or fewer dwelling units,Forests
0,Equipment Failure,Maintenance,New Brunswick,Twin Rivers Paper Company Inc.,Water,Miscellaneous,Distribution,0.3,2019,47.36,-68.33,Not Emergency,11 to 45 dwelling units,Developed Land - Industrial
0,"Equipment Failure, External Interference, Incorrect Operation","Human Factors, Inadequate Supervision, Maintenance",Alberta,Trans Mountain Pipeline ULC,Not Applicable,Not Applicable,Transmission,0.0,2019,53.499491,-113.589715,Not Emergency,46 or more dwelling units,Water / Wetlands
0,"External Interference, Natural Force Damage",Natural or Environmental Forces,British Columbia,"Westcoast Energy Inc., carrying on business as Spectra Energy Transmission",Not Applicable,Not Applicable,Transmission,0.0,2019,50.74267954,-120.8488661,Not Emergency,10 or fewer dwelling units,Agricultural Cropland
0,"Equipment Failure, External Interference, Incorrect Operation",Maintenance,British Columbia,Trans Mountain Pipeline ULC,Not Applicable,Not Applicable,Transmission,0.0,2019,49.26848937,-122.93134198,Not Emergency,11 to 45 dwelling units,Developed Land - Industrial
0,"External Interference, Incorrect Operation","Inadequate Supervision, Maintenance",British Columbia,Trans Mountain Pipeline ULC,Not Applicable,Not Applicable,Transmission,0.0,2019,49.26848937,-122.93134198,Not Emergency,11 to 45 dwelling units,Developed Land - Industrial
1,"External Interference, Other Causes","Natural or Environmental Forces, Tools and Equipment",British Columbia,NOVA Gas Transmission Ltd.,Not Applicable,Not Applicable,Transmission,0.0,2019,56.026111,-121.139444,Not Emergency,10 or fewer dwelling units,Water / Wetlands
1,Incorrect Operation,Human Factors,Alberta,Trans Mountain Pipeline ULC,Not Applicable,Not Applicable,Transmission,0.0,2019,53.5422999,-113.3677955,Not Emergency,46 or more dwelling units,Developed Land - Industrial
0,Incorrect Operation,Maintenance,Alberta,Trans Mountain Pipeline ULC,Not Applicable,Not Applicable,Distribution,0.0,2019,52.93819303,-118.04343796,Not Emergency,10 or fewer dwelling units,Developed Land - Industrial
1,Corrosion and Cracking,"Engineering and Planning, Maintenance",Alberta,NOVA Gas Transmission Ltd.,Natural Gas - Sweet,Gas,Transmission,192183.49,2019,53.381576,-115.615938,Not Emergency,10 or fewer dwelling units,Tundra / Native Prairie / Parks
0,"Equipment Failure, External Interference","Engineering and Planning, Natural or Environmental Forces",Saskatchewan,TransCanada PipeLines Limited,Natural Gas - Sweet,Gas,Transmission,24419.0,2019,49.93069,-108.94167,Not Emergency,10 or fewer dwelling units,Developed Land - Industrial
0,"Equipment Failure, External Interference",Natural or Environmental Forces,Nova Scotia,Maritimes & Northeast Pipeline Management Ltd.,Natural Gas - Sweet,Gas,Transmission,2.13,2020,44.71527257,-63.59037083,Not Emergency,10 or fewer dwelling units,Developed Land - Industrial
1,External Interference,Natural or Environmental Forces,British Columbia,NOVA Gas Transmission Ltd.,Not Applicable,Not Applicable,Transmission,0.0,2020,56.894,-122.14,Not Emergency,10 or fewer dwelling units,Barren Land
0,"External Interference, Incorrect Operation","Human Factors, Natural or Environmental Forces, Tools and Equipment",Alberta,NOVA Gas Transmission Ltd.,Not Applicable,Not Applicable,Transmission,0.0,2020,54.01,-117.37,Not Emergency,10 or fewer dwelling units,Forests
0,Corrosion and Cracking,"Engineering and Planning, Maintenance",Alberta,NOVA Gas Transmission Ltd.,Natural Gas - Sweet,Gas,Transmission,0.1,2020,53.198483,-116.192766,Not Emergency,10 or fewer dwelling units,Forests
0,Corrosion and Cracking,"Engineering and Planning, Maintenance",Alberta,NOVA Gas Transmission Ltd.,Natural Gas - Sweet,Gas,Transmission,22702.0,2020,52.98812718,-112.19138271,Not Emergency,10 or fewer dwelling units,Developed Land - Industrial
0,External Interference,Maintenance,Alberta,Trans Mountain Pipeline ULC,Not Applicable,Not Applicable,Distribution,0.0,2020,53.57580147,-116.64755443,Not Emergency,10 or fewer dwelling units,Forests
1,"External Interference, Incorrect Operation","Human Factors, Inadequate Supervision, Maintenance, Standards and Procedures",Saskatchewan,Many Islands Pipe Lines (Canada) Limited,Not Applicable,Not Applicable,Transmission,0.0,2020,51.868,-101.779,Not Emergency,10 or fewer dwelling units,Agricultural Cropland
0,Other Causes,Maintenance,Ontario,TransCanada PipeLines Limited,Not Applicable,Not Applicable,Transmission,0.0,2020,49.01063,-90.43433,Not Emergency,10 or fewer dwelling units,Forests
0,"External Interference, Incorrect Operation","Inadequate Supervision, Tools and Equipment",Alberta,NOVA Gas Transmission Ltd.,Not Applicable,Not Applicable,Transmission,0.0,2020,49.97579813,-114.13122747,Not Emergency,10 or fewer dwelling units,Developed Land - Industrial
0,Incorrect Operation,Standards and Procedures,Saskatchewan,Alliance Pipeline Ltd.,Not Applicable,Not Applicable,Transmission,0.0,2020,49.324794,-102.29746,Not Emergency,10 or fewer dwelling units,Developed Land - Industrial
0,External Interference,Tools and Equipment,Alberta,Trans Mountain Pipeline ULC,Not Applicable,Not Applicable,Transmission,0.0,2020,53.54290845,-113.36445011,Not Emergency,11 to 45 dwelling units,Shrub Land
0,Natural Force Damage,Natural or Environmental Forces,Ontario,TransCanada PipeLines Limited,Not Applicable,Not Applicable,Transmission,0.0,2020,48.798,-88.53562,Not Emergency,10 or fewer dwelling units,Shrub Land
0,"Defect and Deterioration, External Interference",Maintenance,Alberta,NOVA Gas Transmission Ltd.,Not Applicable,Not Applicable,Transmission,0.0,2020,55.688457,-111.442978,Not Emergency,10 or fewer dwelling units,Forests
0,Incorrect Operation,Human Factors,British Columbia,NOVA Gas Transmission Ltd.,Not Applicable,Not Applicable,Transmission,0.0,2020,56.96144805,-122.07628418,Not Emergency,10 or fewer dwelling units,Forests
0,Corrosion and Cracking,Tools and Equipment,Alberta,NOVA Gas Transmission Ltd.,Natural Gas - Sweet,Gas,Transmission,9100.0,2020,53.77239,-116.91948,Not Emergency,10 or fewer dwelling units,Forests
1,Corrosion and Cracking,Maintenance,Alberta,NOVA Gas Transmission Ltd.,Natural Gas - Sweet,Gas,Transmission,129636.35,2020,54.48310727,-118.09993252,Not Emergency,10 or fewer dwelling units,Developed Land - Industrial
0,Incorrect Operation,Human Factors,British Columbia,Trans Mountain Pipeline ULC,Not Applicable,Not Applicable,Distribution,0.0,2021,49.269932,-122.93373,Not Emergency,10 or fewer dwelling units,Developed Land - Industrial
1,"External Interference, Incorrect Operation","Failure in communication, Human Factors, Inadequate Supervision, Standards and Procedures",Alberta,TransCanada Keystone Pipeline GP Ltd.,Not Applicable,Not Applicable,Transmission,0.0,2020,52.34672227,-110.7640154,Not Emergency,10 or fewer dwelling units,Vegetative Barren
1,"External Interference, Incorrect Operation","Engineering and Planning, Failure in communication, Maintenance, Standards and Procedures",Alberta,Express Pipeline Ltd.,Crude Oil - Sweet,Liquid,Transmission,66.5,2020,51.48953478,-111.16579086,Not Emergency,10 or fewer dwelling units,Agricultural Cropland
1,Incorrect Operation,Human Factors,British Columbia,Trans Mountain Pipeline ULC,Not Applicable,Not Applicable,Transmission,0.0,2020,50.692803,-120.426351,Not Emergency,10 or fewer dwelling units,Water / Wetlands
0,Other Causes,Human Factors,British Columbia,Trans Mountain Pipeline ULC,Not Applicable,Not Applicable,Transmission,0.0,2020,49.26848937,-122.93134198,Not Emergency,11 to 45 dwelling units,Barren Land
0,"External Interference, Natural Force Damage",Natural or Environmental Forces,Quebec,Trans-Northern Pipelines Inc.,Not Applicable,Not Applicable,Transmission,0.0,2020,45.622544,-73.634801,Not Emergency,10 or fewer dwelling units,Water / Wetlands
0,"External Interference, Natural Force Damage",Natural or Environmental Forces,Quebec,Trans-Northern Pipelines Inc.,Not Applicable,Not Applicable,Transmission,0.0,2020,45.455432,-74.055783,Not Emergency,10 or fewer dwelling units,Water / Wetlands
0,"Corrosion and Cracking, Natural Force Damage","Engineering and Planning, Natural or Environmental Forces",Alberta,NOVA Gas Transmission Ltd.,Natural Gas - Sweet,Gas,Transmission,584.0,2020,56.803237,-111.447943,Not Emergency,10 or fewer dwelling units,Forests
0,Natural Force Damage,Natural or Environmental Forces,Alberta,NOVA Gas Transmission Ltd.,Not Applicable,Not Applicable,Transmission,0.0,2020,54.41865,-113.851701,Not Emergency,10 or fewer dwelling units,Agricultural Cropland
0,"External Interference, Natural Force Damage","Engineering and Planning, Natural or Environmental Forces",Manitoba,Enbridge Southern Lights GP Inc. on behalf of Enbridge Southern Lights LP,Not Applicable,Not Applicable,Transmission,0.0,2020,49.40767,-98.83013,Not Emergency,10 or fewer dwelling units,Agricultural Cropland
1,Incorrect Operation,Standards and Procedures,Alberta,Trans Mountain Pipeline ULC,Not Applicable,Not Applicable,Transmission,0.0,2020,53.457802,-113.527608,Not Emergency,10 or fewer dwelling units,Water / Wetlands
1,"External Interference, Incorrect Operation","Engineering and Planning, Human Factors",Alberta,Trans Mountain Pipeline ULC,Not Applicable,Not Applicable,Transmission,0.0,2020,53.430039,-113.566381,Not Emergency,10 or fewer dwelling units,Developed Land - Industrial
0,"External Interference, Incorrect Operation","Inadequate Supervision, Maintenance",British Columbia,Westcoast Energy Inc.,Not Applicable,Not Applicable,Transmission,0.0,2021,56.938206,-122.106433,Not Emergency,10 or fewer dwelling units,Forests
1,Incorrect Operation,"Failure in communication, Human Factors, Inadequate Procurement, Inadequate Supervision, Standards and Procedures, Tools and Equipment",Alberta,Trans Mountain Pipeline ULC,Not Applicable,Not Applicable,Transmission,0.0,2020,53.474,-113.65,Not Emergency,"46 or more dwelling units, facilities, or institutions, or a combination of such structures intended for human occupancy from which rapid evacuation can be difficult (e.g., hospitals, nursing homes)",Developed Land - Residential
0,Natural Force Damage,Natural or Environmental Forces,Alberta,NOVA Gas Transmission Ltd.,Not Applicable,Not Applicable,Transmission,0.0,2021,56.432309,-111.304696,Not Emergency,10 or fewer dwelling units,Shrub Land
0,Natural Force Damage,Natural or Environmental Forces,Alberta,NOVA Gas Transmission Ltd.,Not Applicable,Not Applicable,Transmission,0.0,2021,54.773742,-111.820673,Not Emergency,10 or fewer dwelling units,Vegetative Barren
1,"External Interference, Incorrect Operation","Human Factors, Inadequate Supervision",Alberta,TransCanada Keystone Pipeline GP Ltd.,Not Applicable,Not Applicable,Transmission,0.0,2021,51.823543,-110.562564,Not Emergency,10 or fewer dwelling units,Agricultural Cropland
0,External Interference,Engineering and Planning,Saskatchewan,Many Islands Pipe Lines (Canada) Limited,Drilling Fluid,Miscellaneous,Transmission,1.0,2021,54.341593,-109.975952,Not Emergency,10 or fewer dwelling units,Water / Wetlands
0,"External Interference, Natural Force Damage",Natural or Environmental Forces,Quebec,Trans-Northern Pipelines Inc.,Not Applicable,Not Applicable,Transmission,0.0,2021,45.498227,-74.003769,Not Emergency,10 or fewer dwelling units,Tundra / Native Prairie / Parks
1,Defect and Deterioration,"Maintenance, Tools and Equipment",British Columbia,Westcoast Energy Inc.,Natural Gas - Sweet,Gas,Transmission,124832.0,2021,56.14153,-120.670511,Not Emergency,10 or fewer dwelling units,Developed Land - Industrial
0,Defect and Deterioration,Engineering and Planning,Alberta,Westcoast Energy Inc.,Natural Gas - Sweet,Gas,Transmission,3468.3,2021,55.873831,-119.842328,Not Emergency,10 or fewer dwelling units,Vegetative Barren
0,"External Interference, Incorrect Operation, Other Causes","Natural or Environmental Forces, Tools and Equipment",New Brunswick,Maritimes & Northeast Pipeline Management Ltd.,Natural Gas - Sweet,Gas,Transmission,1017.25,2021,46.113011,-64.715325,Not Emergency,within 200 m of the event site - A building occupied by 20 to 120 persons during normal use,Developed Land - Commercial
0,External Interference,Natural or Environmental Forces,Alberta,NOVA Gas Transmission Ltd.,Not Applicable,Not Applicable,Transmission,0.0,2021,50.17339,-111.04742,Not Emergency,10 or fewer dwelling units,Agricultural Cropland
0,"Equipment Failure, Incorrect Operation",Engineering and Planning,British Columbia,Westcoast Energy Inc.,Not Applicable,Not Applicable,Transmission,0.0,2021,55.649047,-122.207477,Not Emergency,10 or fewer dwelling units,Developed Land - Industrial
0,"External Interference, Incorrect Operation","Natural or Environmental Forces, Standards and Procedures",Alberta,NOVA Gas Transmission Ltd.,Not Applicable,Not Applicable,Transmission,0.0,2021,53.501605,-116.473483,Not Emergency,10 or fewer dwelling units,Forests
0,"External Interference, Incorrect Operation","Human Factors, Maintenance, Standards and Procedures, Tools and Equipment",Alberta,Enbridge Pipelines Inc.,Not Applicable,Not Applicable,Transmission,0.0,2021,53.545678,-113.351831,Not Emergency,"46 or more dwelling units, facilities, or institutions, or a combination of such structures intended for human occupancy from which rapid evacuation can be difficult (e.g., hospitals, nursing homes)",Developed Land - Industrial
0,"External Interference, Incorrect Operation",Human Factors,British Columbia,Trans Mountain Pipeline ULC,Not Applicable,Not Applicable,Distribution,0.0,2021,49.21698,-122.81234,Not Emergency,within 200 m of the event site - A building occupied by 20 to 120 persons during normal use,Developed Land - Industrial
0,Equipment Failure,Engineering and Planning,Alberta,NOVA Gas Transmission Ltd.,Not Applicable,Not Applicable,Transmission,0.0,2021,57.191515,-118.19432,Not Emergency,10 or fewer dwelling units,Forests
1,Incorrect Operation,Human Factors,Alberta,NOVA Gas Transmission Ltd.,Not Applicable,Not Applicable,Transmission,0.0,2021,53.916196,-119.171126,Not Emergency,10 or fewer dwelling units,Forests
0,"Equipment Failure, External Interference, Incorrect Operation","Failure in communication, Tools and Equipment",Quebec,TransCanada PipeLines Limited,Not Applicable,Not Applicable,Transmission,0.0,2021,45.4125333,-74.040663,Not Emergency,11 to 45 dwelling units,Developed Land - Industrial
0,Natural Force Damage,Natural or Environmental Forces,Alberta,NOVA Gas Transmission Ltd.,Not Applicable,Not Applicable,Transmission,0.0,2021,55.7536,-112.26055,Not Emergency,10 or fewer dwelling units,Water / Wetlands
0,Natural Force Damage,Natural or Environmental Forces,Manitoba,Enbridge Pipelines Inc.,Not Applicable,Not Applicable,Transmission,0.0,2021,49.564886,-99.511834,Not Emergency,10 or fewer dwelling units,Water / Wetlands
1,External Interference,To be determined,British Columbia,Westcoast Energy Inc.,Natural Gas - Sweet,Gas,Transmission,132125.0,2021,56.196056,-120.572512,Not Emergency,10 or fewer dwelling units,Agricultural Cropland
0,"Corrosion and Cracking, Defect and Deterioration","Engineering and Planning, Tools and Equipment",Alberta,NOVA Gas Transmission Ltd.,Natural Gas - Sweet,Gas,Transmission,13847.0,2021,50.4412,-111.287,Not Emergency,10 or fewer dwelling units,Agricultural Cropland
0,External Interference,Engineering and Planning,New Brunswick,Twin Rivers Paper Company Inc.,Water,Miscellaneous,Distribution,1.0,2021,47.36142,-68.32838,Not Emergency,10 or fewer dwelling units,Developed Land - Industrial
0,Equipment Failure,Tools and Equipment,Saskatchewan,TransCanada PipeLines Limited,Not Applicable,Not Applicable,Transmission,0.0,2021,50.67645152,-109.97872255,Not Emergency,10 or fewer dwelling units,Agricultural Cropland
0,"External Interference, Natural Force Damage",Natural or Environmental Forces,Quebec,Trans-Northern Pipelines Inc.,Not Applicable,Not Applicable,Transmission,0.0,2021,45.390751,-74.147229,Not Emergency,10 or fewer dwelling units,Forests
0,Natural Force Damage,Natural or Environmental Forces,Alberta,NOVA Gas Transmission Ltd.,Not Applicable,Not Applicable,Transmission,0.0,2021,55.08384,-112.50515,Not Emergency,10 or fewer dwelling units,Agricultural Cropland
1,Other Causes,Natural or Environmental Forces,Alberta,"Alliance Pipeline Ltd., as General Partner for and on behalf of Alliance Pipeline Limited Partnership",Not Applicable,Not Applicable,Transmission,0.0,2021,54.31162516,-117.22453728,Not Emergency,10 or fewer dwelling units,Forests
0,Corrosion and Cracking,Tools and Equipment,British Columbia,Foothills Pipe Lines (South B.C.) Ltd.,Natural Gas - Sweet,Gas,Transmission,0.08,2021,49.00167985,-116.1858966,Not Emergency,10 or fewer dwelling units,Forests
0,Natural Force Damage,Natural or Environmental Forces,Ontario,TransCanada PipeLines Limited,Not Applicable,Not Applicable,Transmission,0.0,2021,49.613918,-92.407115,Not Emergency,10 or fewer dwelling units,Forests
0,Natural Force Damage,Natural or Environmental Forces,British Columbia,Trans Mountain Pipeline ULC,Not Applicable,Not Applicable,Transmission,0.0,2021,52.645,-119.179,Not Emergency,10 or fewer dwelling units,Water / Wetlands
1,Other Causes,Natural or Environmental Forces,Saskatchewan,LBX Pipeline Ltd.,Not Applicable,Not Applicable,Transmission,0.0,2021,53.811316,-109.992518,Not Emergency,10 or fewer dwelling units,Water / Wetlands
0,External Interference,Natural or Environmental Forces,British Columbia,Westcoast Energy Inc.,Not Applicable,Not Applicable,Transmission,0.0,2021,49.381344,-121.357301,Not Emergency,10 or fewer dwelling units,Water / Wetlands
0,External Interference,Natural or Environmental Forces,British Columbia,Westcoast Energy Inc.,Not Applicable,Not Applicable,Transmission,0.0,2021,49.850025,-120.490994,Not Emergency,10 or fewer dwelling units,Water / Wetlands
1,External Interference,Natural or Environmental Forces,Alberta,TransCanada PipeLines Limited,Not Applicable,Not Applicable,Transmission,0.0,2021,51.7971,-114.6394,Not Emergency,10 or fewer dwelling units,Agricultural Cropland
0,"External Interference, Natural Force Damage",Natural or Environmental Forces,British Columbia,Trans Mountain Pipeline ULC,Not Applicable,Not Applicable,Transmission,0.0,2021,49.40833,-121.31506,Not Emergency,10 or fewer dwelling units,Water / Wetlands
0,"External Interference, Incorrect Operation","Human Factors, Natural or Environmental Forces",Quebec,TransCanada PipeLines Limited,Not Applicable,Not Applicable,Transmission,0.0,2021,45.31367502,-73.48288501,Not Emergency,10 or fewer dwelling units,Agricultural Cropland
1,Other Causes,Natural or Environmental Forces,Saskatchewan,LBX Pipeline Ltd.,Not Applicable,Not Applicable,Transmission,0.0,2021,53.811316,-109.992518,Not Emergency,10 or fewer dwelling units,Tundra / Native Prairie / Parks
0,"External Interference, Natural Force Damage",Natural or Environmental Forces,British Columbia,Trans Mountain Pipeline ULC,Not Applicable,Not Applicable,Transmission,0.0,2021,49.477403,-121.255018,Not Emergency,10 or fewer dwelling units,Water / Wetlands
0,"External Interference, Natural Force Damage",Natural or Environmental Forces,British Columbia,Trans Mountain Pipeline ULC,Not Applicable,Not Applicable,Transmission,0.0,2021,49.561804,-121.102747,Not Emergency,10 or fewer dwelling units,Water / Wetlands
0,External Interference,Natural or Environmental Forces,British Columbia,Westcoast Energy Inc.,Not Applicable,Not Applicable,Transmission,0.0,2021,49.989871,-120.921906,Not Emergency,10 or fewer dwelling units,Water / Wetlands
0,"External Interference, Incorrect Operation",Human Factors,British Columbia,Trans Mountain Pipeline ULC,Not Applicable,Not Applicable,Distribution,0.0,2021,51.352641,-120.18603,Not Emergency,10 or fewer dwelling units,Developed Land - Industrial
1,"External Interference, Incorrect Operation",Inadequate Supervision,British Columbia,Trans Mountain Pipeline ULC,Not Applicable,Not Applicable,Transmission,0.0,2021,49.2024147,-121.7181539,Not Emergency,10 or fewer dwelling units,Water / Wetlands
0,"External Interference, Incorrect Operation","Failure in communication, Maintenance",Alberta,NOVA Gas Transmission Ltd.,Not Applicable,Not Applicable,Transmission,0.0,2021,52.30497443,-112.20439929,Not Emergency,10 or fewer dwelling units,Agricultural Cropland
0,Incorrect Operation,Tools and Equipment,Alberta,NOVA Gas Transmission Ltd.,Not Applicable,Not Applicable,Transmission,0.0,2021,54.38267528,-118.16575106,Not Emergency,10 or fewer dwelling units,Forests
0,External Interference,"Natural or Environmental Forces, Tools and Equipment",Alberta,NOVA Gas Transmission Ltd.,Not Applicable,Not Applicable,Transmission,0.0,2021,53.183217,-116.165895,Not Emergency,10 or fewer dwelling units,Forests
0,"External Interference, Incorrect Operation",Human Factors,British Columbia,Trans Mountain Pipeline ULC,Not Applicable,Not Applicable,Transmission,0.0,2022,50.165,-120.437222,Not Emergency,10 or fewer dwelling units,Shrub Land
1,Corrosion and Cracking,"Engineering and Planning, Failure in communication",Alberta,NOVA Gas Transmission Ltd.,Natural Gas - Sweet,Gas,Transmission,3747527.0,2022,54.42215,-117.75809,Emergency,10 or fewer dwelling units,Forests
0,"External Interference, Incorrect Operation",Human Factors,British Columbia,Trans Mountain Pipeline ULC,Not Applicable,Not Applicable,Transmission,0.0,2022,50.583649,-120.399811,Not Emergency,10 or fewer dwelling units,Agricultural Cropland
0,"External Interference, Incorrect Operation",Human Factors,British Columbia,Trans Mountain Pipeline ULC,Not Applicable,Not Applicable,Transmission,0.0,2022,52.816016,-119.270767,Not Emergency,10 or fewer dwelling units,Developed Land - Industrial
0,"External Interference, Incorrect Operation","Natural or Environmental Forces, Standards and Procedures",Manitoba,Enbridge Pipelines Inc.,Crude Oil - Synthetic,Liquid,Transmission,37.0,2022,49.017581,-97.555566,Not Emergency,"Within 200 m of event site - an industrial installation (e.g., a chemical plant or a hazardous substance storage area",Developed Land - Industrial
0,"External Interference, Incorrect Operation","Engineering and Planning, Tools and Equipment",British Columbia,Trans Mountain Pipeline ULC,Not Applicable,Not Applicable,Transmission,0.0,2022,50.666107,-120.416648,Not Emergency,10 or fewer dwelling units,Shrub Land
0,"External Interference, Incorrect Operation",Tools and Equipment,Ontario,TransCanada PipeLines Limited,Not Applicable,Not Applicable,Transmission,0.0,2022,43.873742,-79.579834,Not Emergency,10 or fewer dwelling units,Agricultural Cropland
0,External Interference,Natural or Environmental Forces,Quebec,Trans Québec and Maritimes Pipeline Inc.,Not Applicable,Not Applicable,Transmission,0.0,2022,46.318561,-72.601999,Not Emergency,11 to 45 dwelling units,Developed Land - Residential
0,External Interference,Natural or Environmental Forces,Quebec,Trans Québec and Maritimes Pipeline Inc.,Not Applicable,Not Applicable,Transmission,0.0,2022,45.998604,-73.394392,Not Emergency,10 or fewer dwelling units,Forests
0,Other Causes,Maintenance,New Brunswick,Twin Rivers Paper Company Inc.,Pulp slurry,Miscellaneous,Distribution,243.0,2022,47.364446,-68.32556,Not Emergency,10 or fewer dwelling units,Developed Land - Industrial
0,External Interference,Tools and Equipment,Saskatchewan,Enbridge Pipelines Inc.,Not Applicable,Not Applicable,Transmission,0.0,2022,51.8688281,-109.0304523,Not Emergency,"Within 200 m of event site - an industrial installation (e.g., a chemical plant or a hazardous substance storage area",Developed Land - Industrial
0,"External Interference, Incorrect Operation","Inadequate Supervision, Maintenance, Natural or Environmental Forces, Standards and Procedures",Manitoba,Enbridge Pipelines Inc.,Crude Oil - Sweet,Liquid,Transmission,7643.0,2022,49.7517,-101.240476,Not Emergency,"Within 200 m of event site - an industrial installation (e.g., a chemical plant or a hazardous substance storage area",Developed Land - Industrial
0,External Interference,Engineering and Planning,Ontario,TransCanada PipeLines Limited,Not Applicable,Not Applicable,Transmission,0.0,2022,43.00079,-79.03332,Not Emergency,11 to 45 dwelling units,Forests
0,Natural Force Damage,Natural or Environmental Forces,Quebec,Montreal Pipe Line Limited,Not Applicable,Not Applicable,Transmission,0.0,2022,45.074,-72.601,Not Emergency,10 or fewer dwelling units,Forests
0,Natural Force Damage,Natural or Environmental Forces,Alberta,NOVA Gas Transmission Ltd.,Not Applicable,Not Applicable,Transmission,0.0,2022,56.202902,-111.723558,Not Emergency,10 or fewer dwelling units,Forests
1,"External Interference, Incorrect Operation",Inadequate Supervision,Alberta,Trans Mountain Pipeline ULC,Not Applicable,Not Applicable,Transmission,0.0,2022,53.57580147,-116.64755443,Not Emergency,10 or fewer dwelling units,Developed Land - Industrial
0,External Interference,Engineering and Planning,Alberta,NOVA Gas Transmission Ltd.,Not Applicable,Not Applicable,Transmission,0.0,2022,51.924299,-114.400228,Not Emergency,10 or fewer dwelling units,Forests
1,Incorrect Operation,Failure in communication,British Columbia,Trans Mountain Pipeline ULC,Not Applicable,Not Applicable,Transmission,0.0,2022,53.011152,-119.243718,Not Emergency,10 or fewer dwelling units,Forests
0,Equipment Failure,"Engineering and Planning, Maintenance",Alberta,Milk River Pipeline Ltd.,Not Applicable,Not Applicable,Transmission,0.0,2022,49.135429,-112.080365,Not Emergency,10 or fewer dwelling units,Developed Land - Industrial
0,Incorrect Operation,Human Factors,British Columbia,Trans Mountain Pipeline ULC,Not Applicable,Not Applicable,Distribution,0.0,2022,49.26848937,-122.93134198,Not Emergency,11 to 45 dwelling units,Developed Land - Industrial
0,"Defect and Deterioration, External Interference, Incorrect Operation",Inadequate Supervision,Saskatchewan,Many Islands Pipe Lines (Canada) Limited,Not Applicable,Not Applicable,Transmission,0.0,2022,51.73928,-109.97517,Not Emergency,10 or fewer dwelling units,Agricultural Cropland
0,Incorrect Operation,Human Factors,Saskatchewan,TransCanada Keystone Pipeline GP Ltd.,Not Applicable,Not Applicable,Transmission,0.0,2022,50.465327,-105.534162,Not Emergency,10 or fewer dwelling units,Agricultural Cropland
1,"Incorrect Operation, Natural Force Damage",Inadequate Supervision,British Columbia,Trans Mountain Pipeline ULC,Not Applicable,Not Applicable,Transmission,0.0,2022,50.964201,-120.245739,Not Emergency,10 or fewer dwelling units,Forests
1,Incorrect Operation,Human Factors,Alberta,Trans Mountain Pipeline ULC,Not Applicable,Not Applicable,Transmission,0.0,2022,52.890556,-118.738333,Not Emergency,10 or fewer dwelling units,Forests
0,Natural Force Damage,Natural or Environmental Forces,Alberta,Enbridge Southern Lights GP Inc. on behalf of Enbridge Southern Lights LP,Not Applicable,Not Applicable,Transmission,0.0,2022,52.650579,-111.305827,Not Emergency,10 or fewer dwelling units,Water / Wetlands
0,Incorrect Operation,"Failure in communication, Human Factors",British Columbia,Westcoast Energy Inc.,Natural Gas - Sweet,Gas,Transmission,1030.0,2022,53.506999,-122.608127,Not Emergency,10 or fewer dwelling units,Forests
0,External Interference,Maintenance,Alberta,NOVA Gas Transmission Ltd.,Not Applicable,Not Applicable,Transmission,0.0,2022,49.644452,-114.638345,Not Emergency,10 or fewer dwelling units,Forests
1,Incorrect Operation,"Human Factors, Inadequate Supervision, Tools and Equipment",British Columbia,Trans Mountain Pipeline ULC,Not Applicable,Not Applicable,Transmission,0.0,2022,49.26848937,-122.93134198,Not Emergency,11 to 45 dwelling units,Developed Land - Industrial
0,Other Causes,To be determined,British Columbia,Alliance Pipeline Ltd.,Not Applicable,Not Applicable,Transmission,0.0,2022,55.9497769,-120.21772985,Not Emergency,10 or fewer dwelling units,Agricultural Cropland
0,Natural Force Damage,Natural or Environmental Forces,Quebec,Montreal Pipe Line Limited,Not Applicable,Not Applicable,Transmission,0.0,2022,45.037,-72.452,Not Emergency,10 or fewer dwelling units,Water / Wetlands
0,Incorrect Operation,Human Factors,British Columbia,Trans Mountain Pipeline ULC,Not Applicable,Not Applicable,Transmission,0.0,2022,49.1632,-122.62008,Not Emergency,10 or fewer dwelling units,Shrub Land
1,"External Interference, Incorrect Operation","Engineering and Planning, Human Factors, Standards and Procedures",British Columbia,Trans Mountain Pipeline ULC,Not Applicable,Not Applicable,Transmission,0.0,2023,52.890396,-118.737928,Not Emergency,10 or fewer dwelling units,Forests
0,"External Interference, Incorrect Operation","Human Factors, Inadequate Procurement, Standards and Procedures, Tools and Equipment",Alberta,NOVA Gas Transmission Ltd.,Not Applicable,Not Applicable,Transmission,0.0,2023,54.385804,-118.01089,Not Emergency,10 or fewer dwelling units,Forests
0,"Equipment Failure, External Interference",Tools and Equipment,Alberta,NOVA Gas Transmission Ltd.,Not Applicable,Not Applicable,Transmission,0.0,2023,51.60030501,-114.23904661,Not Emergency,10 or fewer dwelling units,Agricultural Cropland
1,"External Interference, Incorrect Operation",Human Factors,British Columbia,Trans Mountain Pipeline ULC,Not Applicable,Not Applicable,Transmission,0.0,2023,52.093945,-119.311035,Not Emergency,10 or fewer dwelling units,Forests
1,Corrosion and Cracking,Tools and Equipment,Alberta,NOVA Gas Transmission Ltd.,Natural Gas - Sweet,Gas,Transmission,310826.0,2023,53.69712,-115.97796,Not Emergency,10 or fewer dwelling units,Forests
0,"External Interference, Incorrect Operation",Human Factors,Alberta,NOVA Gas Transmission Ltd.,Not Applicable,Not Applicable,Transmission,0.0,2023,57.36002209,-119.74977149,Not Emergency,10 or fewer dwelling units,Barren Land
1,Incorrect Operation,Engineering and Planning,British Columbia,Trans Mountain Pipeline ULC,Not Applicable,Not Applicable,Transmission,0.0,2023,49.115064,-122.40733,Not Emergency,10 or fewer dwelling units,Agricultural Cropland
0,Incorrect Operation,"Human Factors, Inadequate Supervision, Maintenance",British Columbia,Trans Mountain Pipeline ULC,Not Applicable,Not Applicable,Distribution,0.0,2023,49.07786219,-122.20214801,Not Emergency,10 or fewer dwelling units,Developed Land - Industrial
0,"Equipment Failure, Incorrect Operation","Failure in communication, Tools and Equipment",Alberta,NOVA Gas Transmission Ltd.,Not Applicable,Not Applicable,Transmission,0.0,2023,56.69,-111.385,Not Emergency,"46 or more dwelling units, facilities, or institutions, or a combination of such structures intended for human occupancy from which rapid evacuation can be difficult (e.g., hospitals, nursing homes)",Developed Land - Residential
1,Incorrect Operation,"Maintenance, Tools and Equipment",Alberta,NOVA Gas Transmission Ltd.,Not Applicable,Not Applicable,Transmission,0.0,2023,53.938907,-117.212845,Not Emergency,10 or fewer dwelling units,Forests
0,External Interference,Maintenance,British Columbia,Trans Mountain Pipeline ULC,Not Applicable,Not Applicable,Transmission,0.0,2023,50.56361111,-120.45027778,Not Emergency,10 or fewer dwelling units,Forests
0,"External Interference, Incorrect Operation","Failure in communication, Human Factors, Inadequate Supervision, Standards and Procedures",British Columbia,Trans Mountain Pipeline ULC,Not Applicable,Not Applicable,Distribution,0.0,2023,49.29079839,-122.95027588,Not Emergency,10 or fewer dwelling units,Developed Land - Industrial
0,Incorrect Operation,"Human Factors, Tools and Equipment",Alberta,NOVA Gas Transmission Ltd.,Not Applicable,Not Applicable,Transmission,0.0,2023,56.70563279,-111.40433568,Not Emergency,10 or fewer dwelling units,Forests
0,Corrosion and Cracking,Engineering and Planning,Ontario,TransCanada PipeLines Limited,Natural Gas - Sweet,Gas,Transmission,7402.6,2023,49.68026103,-87.59511303,Not Emergency,10 or fewer dwelling units,Forests
0,External Interference,Natural or Environmental Forces,Alberta,NOVA Gas Transmission Ltd.,Not Applicable,Not Applicable,Transmission,0.0,2023,54.48310727,-118.09993252,Not Emergency,10 or fewer dwelling units,Forests
1,Incorrect Operation,"Engineering and Planning, Human Factors, Inadequate Supervision",British Columbia,Trans Mountain Pipeline ULC,Not Applicable,Not Applicable,Transmission,0.0,2023,51.785059,-119.3235512,Not Emergency,within 200 m of the event site - A building occupied by 20 to 120 persons during normal use,Forests
0,Incorrect Operation,Human Factors,Manitoba,Enbridge Pipelines Inc.,Not Applicable,Not Applicable,Transmission,0.0,2023,49.7517,-101.240476,Not Emergency,"Within 200 m of event site - an industrial installation (e.g., a chemical plant or a hazardous substance storage area",Developed Land - Industrial
1,Incorrect Operation,Inadequate Supervision,British Columbia,Trans Mountain Pipeline ULC,Not Applicable,Not Applicable,Transmission,0.0,2023,49.130055,-121.92159,Not Emergency,10 or fewer dwelling units,Agricultural Cropland
0,External Interference,"Engineering and Planning, Human Factors, Inadequate Supervision, Tools and Equipment",British Columbia,Trans Mountain Pipeline ULC,Not Applicable,Not Applicable,Distribution,0.0,2023,49.144639,-122.549307,Not Emergency,10 or fewer dwelling units,Developed Land - Industrial
0,Natural Force Damage,Natural or Environmental Forces,Alberta,NOVA Gas Transmission Ltd.,Not Applicable,Not Applicable,Transmission,0.0,2023,54.02479,-117.39236,Not Emergency,10 or fewer dwelling units,Forests
1,"External Interference, Incorrect Operation","Failure in communication, Human Factors, Inadequate Supervision",Alberta,NOVA Gas Transmission Ltd.,Not Applicable,Not Applicable,Transmission,0.0,2023,53.7920003,-116.964156,Not Emergency,10 or fewer dwelling units,Forests
0,Equipment Failure,Engineering and Planning,Alberta,NOVA Gas Transmission Ltd.,Not Applicable,Not Applicable,Transmission,0.0,2023,49.97579813,-114.13122747,Not Emergency,10 or fewer dwelling units,Forests
0,Corrosion and Cracking,Engineering and Planning,Alberta,NOVA Gas Transmission Ltd.,Natural Gas - Sweet,Gas,Transmission,43.73,2023,51.09872674,-112.6387157,Not Emergency,10 or fewer dwelling units,Agricultural Cropland
0,"External Interference, Incorrect Operation","Failure in communication, Human Factors",Alberta,Enbridge Pipelines Inc.,Crude Oil - Sweet,Liquid,Transmission,2.25,2023,53.554083,-113.353249,Not Emergency,"Within 200 m of event site - an industrial installation (e.g., a chemical plant or a hazardous substance storage area",Developed Land - Industrial
0,External Interference,Inadequate Supervision,British Columbia,Trans Mountain Pipeline ULC,Not Applicable,Not Applicable,Transmission,0.0,2023,50.277638,-120.459648,Not Emergency,10 or fewer dwelling units,Shrub Land
1,"Incorrect Operation, Other Causes",Engineering and Planning,British Columbia,Trans Mountain Pipeline ULC,Not Applicable,Not Applicable,Transmission,0.0,2023,49.12815,-121.917811,Not Emergency,10 or fewer dwelling units,Water / Wetlands
0,Natural Force Damage,Natural or Environmental Forces,Alberta,Trans Mountain Pipeline ULC,Not Applicable,Not Applicable,Transmission,0.0,2023,53.593255,-115.330791,Not Emergency,10 or fewer dwelling units,Water / Wetlands
0,Natural Force Damage,Natural or Environmental Forces,Alberta,Trans Mountain Pipeline ULC,Not Applicable,Not Applicable,Transmission,0.0,2023,53.594658,-115.25634,Not Emergency,10 or fewer dwelling units,Water / Wetlands
1,External Interference,Engineering and Planning,Alberta,NOVA Gas Transmission Ltd.,Natural Gas - Sweet,Gas,Transmission,119308.92,2023,55.81166693,-119.36655609,Not Emergency,10 or fewer dwelling units,Forests
0,External Interference,Engineering and Planning,Alberta,NOVA Gas Transmission Ltd.,Not Applicable,Not Applicable,Transmission,0.0,2024,51.2203582,-114.492852,Not Emergency,10 or fewer dwelling units,Agricultural Cropland
0,"Equipment Failure, External Interference","Natural or Environmental Forces, Tools and Equipment",Alberta,Enbridge Pipelines Inc.,Not Applicable,Not Applicable,Transmission,0.0,2024,52.638386,-111.279381,Not Emergency,"Within 200 m of event site - an industrial installation (e.g., a chemical plant or a hazardous substance storage area",Developed Land - Industrial
1,"External Interference, Incorrect Operation",Standards and Procedures,British Columbia,Trans Mountain Pipeline ULC,Not Applicable,Not Applicable,Transmission,0.0,2024,49.147646,-121.874429,Not Emergency,10 or fewer dwelling units,Agricultural Cropland
0,"Equipment Failure, External Interference, Incorrect Operation","Engineering and Planning, Inadequate Supervision",Alberta,Enbridge Pipelines Inc.,Crude Oil - Sweet,Liquid,Transmission,3.0,2024,53.538555,-113.362611,Not Emergency,"Within 200 m of event site - an industrial installation (e.g., a chemical plant or a hazardous substance storage area",Developed Land - Industrial
0,Equipment Failure,Tools and Equipment,Alberta,Alliance Pipeline Ltd.,Not Applicable,Not Applicable,Transmission,0.0,2024,55.54905841,-119.35027676,Not Emergency,10 or fewer dwelling units,Forests
1,"Defect and Deterioration, External Interference, Incorrect Operation","Failure in communication, Human Factors, Tools and Equipment",Alberta,NOVA Gas Transmission Ltd.,Not Applicable,Not Applicable,Transmission,0.0,2024,59.05770283,-118.87194034,Not Emergency,10 or fewer dwelling units,Forests
1,"External Interference, Incorrect Operation",Human Factors,Alberta,Alliance Pipeline Ltd.,Not Applicable,Not Applicable,Transmission,0.0,2024,53.03279767,-111.223656,Not Emergency,10 or fewer dwelling units,Agricultural Cropland
1,Other Causes,Natural or Environmental Forces,British Columbia,Trans Mountain Pipeline ULC,Not Applicable,Not Applicable,Transmission,0.0,2024,49.075969,-122.200229,Not Emergency,10 or fewer dwelling units,Water / Wetlands
0,Incorrect Operation,Inadequate Supervision,Alberta,NOVA Gas Transmission Ltd.,Not Applicable,Not Applicable,Transmission,0.0,2024,58.71359099,-119.99124972,Not Emergency,10 or fewer dwelling units,Forests
1,External Interference,Maintenance,British Columbia,Trans Mountain Pipeline ULC,Not Applicable,Not Applicable,Transmission,0.0,2024,49.075615,-122.199783,Not Emergency,10 or fewer dwelling units,Water / Wetlands
0,"External Interference, Natural Force Damage","Engineering and Planning, Natural or Environmental Forces",British Columbia,Trans Mountain Pipeline ULC,Not Applicable,Not Applicable,Transmission,0.0,2024,49.067328,-122.177946,Not Emergency,10 or fewer dwelling units,Developed Land - Industrial
0,Equipment Failure,Maintenance,Ontario,TransCanada PipeLines Limited,Natural Gas - Sweet,Gas,Transmission,4003.0,2024,43.35050253,-80.119488,Not Emergency,10 or fewer dwelling units,Shrub Land
0,External Interference,Engineering and Planning,Alberta,"NGTL GP Ltd., as general partner, on behalf of NGTL Limited Partnership",Not Applicable,Not Applicable,Transmission,0.0,2024,57.33900544,-118.65428675,Not Emergency,10 or fewer dwelling units,Forests
0,Corrosion and Cracking,Engineering and Planning,British Columbia,Westcoast Energy Inc.,Natural Gas - Sweet,Gas,Transmission,921.0,2024,53.50812123,-122.60789532,Not Emergency,10 or fewer dwelling units,Forests
0,"Equipment Failure, Incorrect Operation",Maintenance,Alberta,"NGTL GP Ltd., as general partner, on behalf of NGTL Limited Partnership",Natural Gas - Sweet,Gas,Transmission,96.5,2024,54.30913,-111.25765,Not Emergency,10 or fewer dwelling units,Forests
0,"External Interference, Natural Force Damage","Engineering and Planning, Natural or Environmental Forces",Alberta,"NGTL GP Ltd., as general partner, on behalf of NGTL Limited Partnership",Not Applicable,Not Applicable,Transmission,0.0,2024,58.893454,-118.753852,Not Emergency,10 or fewer dwelling units,Water / Wetlands
0,"External Interference, Incorrect Operation",Human Factors,British Columbia,Westcoast Energy Inc.,Not Applicable,Not Applicable,Transmission,0.0,2024,55.425655,-122.676539,Not Emergency,10 or fewer dwelling units,Developed Land - Industrial
1,External Interference,Natural or Environmental Forces,British Columbia,Westcoast Energy Inc.,Drilling Fluid,Miscellaneous,Transmission,0.05,2024,52.426663,-122.294088,Not Emergency,10 or fewer dwelling units,Water / Wetlands
0,To be determined,To be determined,Saskatchewan,South Bow GP (Canada) Ltd.,Not Applicable,Not Applicable,Transmission,0.0,2024,50.137325,-101.698758,Not Emergency,"46 or more dwelling units, facilities, or institutions, or a combination of such structures intended for human occupancy from which rapid evacuation can be difficult (e.g., hospitals, nursing homes)",Developed Land - Industrial
1,"Equipment Failure, External Interference","Maintenance, Natural or Environmental Forces, Tools and Equipment",Ontario,TransCanada PipeLines Limited,Natural Gas - Sweet,Gas,Transmission,7071959.53,2024,45.12026,-74.7156,Not Emergency,10 or fewer dwelling units,Agricultural Cropland
0,"External Interference, Incorrect Operation","Human Factors, Tools and Equipment",Manitoba,Enbridge Pipelines Inc.,Not Applicable,Not Applicable,Transmission,0.0,2025,49.53692531,-99.28897108,Not Emergency,10 or fewer dwelling units,Developed Land - Industrial
0,Incorrect Operation,"Human Factors, Maintenance",British Columbia,Trans Mountain Pipeline ULC,Not Applicable,Not Applicable,Transmission,0.0,2025,49.373475,-121.422772,Not Emergency,"within 200 m of event site - a small, well-defined outside area occupied by 20 to approximately 120 persons during normal use (e.g., a playground, recreation area, or other place of public assembly)",Developed Land - Industrial
0,Corrosion and Cracking,Engineering and Planning,Alberta,"NGTL GP Ltd., as general partner, on behalf of NGTL Limited Partnership",Natural Gas - Sweet,Gas,Transmission,1498.37,2025,53.792003,-116.964156,Not Emergency,10 or fewer dwelling units,Forests
0,Incorrect Operation,Maintenance,Alberta,"NGTL GP Ltd., as general partner, on behalf of NGTL Limited Partnership",Not Applicable,Not Applicable,Transmission,0.0,2025,57.19378,-118.19737,Not Emergency,10 or fewer dwelling units,Forests
1,Equipment Failure,Engineering and Planning,British Columbia,Westcoast Energy Inc.,Natural Gas - Sweet,Gas,Transmission,37447.0,2025,49.19720247,-121.78508776,Not Emergency,10 or fewer dwelling units,Agricultural Cropland
0,Equipment Failure,Maintenance,Alberta,"NGTL GP Ltd., as general partner, on behalf of NGTL Limited Partnership",Natural Gas - Sweet,Gas,Transmission,1400.0,2025,55.98066255,-111.96657031,Not Emergency,10 or fewer dwelling units,Vegetative Barren
0,"Equipment Failure, External Interference","Maintenance, Natural or Environmental Forces",Ontario,TransCanada PipeLines Limited,Natural Gas - Sweet,Gas,Transmission,14171.15,2025,45.09682053,-74.78034752,Not Emergency,10 or fewer dwelling units,Agricultural Cropland
0,Equipment Failure,"Engineering and Planning, Maintenance",Alberta,"NGTL GP Ltd., as general partner, on behalf of NGTL Limited Partnership",Natural Gas - Sweet,Gas,Transmission,5934.85,2025,51.60030501,-114.23904661,Not Emergency,10 or fewer dwelling units,Agricultural Cropland
0,"Equipment Failure, Incorrect Operation",Engineering and Planning,British Columbia,Westcoast Energy Inc.,Natural Gas - Sweet,Gas,Transmission,3.68,2025,57.23498921,-122.22449817,Not Emergency,10 or fewer dwelling units,Forests
1,"External Interference, Other Causes",To be determined,Quebec,Enbridge Pipelines Inc.,Not Applicable,Not Applicable,Transmission,0.0,2025,45.58033,-74.22594,Not Emergency,10 or fewer dwelling units,Agricultural Cropland
0,"Equipment Failure, External Interference, Incorrect Operation","Engineering and Planning, Maintenance",Alberta,Enbridge Pipelines Inc.,Diesel Fuel,Liquid,Transmission,17.9,2025,53.544071,-113.355915,Not Emergency,"Within 200 m of event site - an industrial installation (e.g., a chemical plant or a hazardous substance storage area",Developed Land - Industrial
1,"External Interference, Incorrect Operation",Engineering and Planning,British Columbia,Westcoast Energy Inc.,Not Applicable,Not Applicable,Transmission,0.0,2025,56.869906,-122.285244,Not Emergency,10 or fewer dwelling units,Forests
0,Natural Force Damage,Natural or Environmental Forces,Quebec,Trans-Northern Pipelines Inc.,Not Applicable,Not Applicable,Transmission,0.0,2025,45.60412,-73.76125,Not Emergency,10 or fewer dwelling units,Forests
0,External Interference,Engineering and Planning,Alberta,Enbridge Pipelines Inc.,Not Applicable,Not Applicable,Transmission,0.0,2025,52.63822644,-111.27864571,Not Emergency,10 or fewer dwelling units,Developed Land - Industrial
0,External Interference,Natural or Environmental Forces,British Columbia,Westcoast Energy Inc.,Drilling Fluid,Miscellaneous,Transmission,0.1,2025,56.85193,-122.32772,Not Emergency,10 or fewer dwelling units,Forests
0,Equipment Failure,Maintenance,Alberta,"NGTL GP Ltd., as general partner on behalf of NGTL Limited Partnership",Not Applicable,Not Applicable,Transmission,0.0,2025,56.37079958,-119.9226624,Not Emergency,10 or fewer dwelling units,Forests
1,"External Interference, Incorrect Operation","Engineering and Planning, Failure in communication, Human Factors, Inadequate Supervision",British Columbia,Westcoast Energy GP Inc. on behalf of Westcoast Energy Limited Partnership,Natural Gas - Sweet,Gas,Transmission,47310.0,2025,56.851798,-122.327865,Not Emergency,10 or fewer dwelling units,Forests
0,"External Interference, Natural Force Damage",Natural or Environmental Forces,Alberta,"NGTL GP Ltd., as general partner on behalf of NGTL Limited Partnership",Not Applicable,Not Applicable,Transmission,0.0,2025,54.69553,-118.35908,Not Emergency,10 or fewer dwelling units,Water / Wetlands
0,Other Causes,Natural or Environmental Forces,Alberta,NorthRiver Midstream NEBC Connector GP Inc.,Not Applicable,Not Applicable,Transmission,0.0,2025,55.85501,-119.7082,Not Emergency,10 or fewer dwelling units,Water / Wetlands
1,"External Interference, Incorrect Operation","Engineering and Planning, Inadequate Supervision, Maintenance, Tools and Equipment",British Columbia,NorthRiver Midstream NEBC Connector GP Inc.,Not Applicable,Not Applicable,Transmission,0.0,2025,56.41358,-121.076261,Not Emergency,10 or fewer dwelling units,Forests
0,"External Interference, Natural Force Damage",Natural or Environmental Forces,British Columbia,Trans Mountain Pipeline ULC,Not Applicable,Not Applicable,Transmission,0.0,2025,49.424214,-121.309331,Not Emergency,10 or fewer dwelling units,Forests
1,Incorrect Operation,Engineering and Planning,British Columbia,Westcoast Energy GP Inc. on behalf of Westcoast Energy Limited Partnership,Not Applicable,Not Applicable,Transmission,0.0,2025,56.855889,-122.305194,Not Emergency,10 or fewer dwelling units,Forests
0,External Interference,Maintenance,Saskatchewan,Enbridge Pipelines Inc.,Not Applicable,Not Applicable,Unknown,0.0,2008,51.10223,-106.35299,Level I,10 or fewer dwelling units,Unknown Land Use (Historical Data Migration)
0,Equipment Failure,Engineering and Planning,Saskatchewan,Enbridge Pipelines Inc.,Not Applicable,Not Applicable,Transmission,0.0,2008,51.44373,-107.37839,Level I,Unknown Population Density (Historical Data Migration),Unknown Land Use (Historical Data Migration)
0,Corrosion and Cracking,Standards and Procedures,Ontario,TransCanada PipeLines Limited,Natural Gas - Sweet,Gas,Unknown,0.0,2008,49.85542,-93.36393,Level I,10 or fewer dwelling units,Unknown Land Use (Historical Data Migration)
0,External Interference,Human Factors,British Columbia,"Westcoast Energy Inc., carrying on business as Spectra Energy Transmission",Butane,Gas,Unknown,0.1,2008,56.14631,-120.6692,Level I,Unknown Population Density (Historical Data Migration),Unknown Land Use (Historical Data Migration)
1,External Interference,Standards and Procedures,New Brunswick,Emera Brunswick Pipeline Company Ltd.,Not Applicable,Not Applicable,Unknown,0.0,2008,45.1982,-66.6422,Level I,Unknown Population Density (Historical Data Migration),Unknown Land Use (Historical Data Migration)
1,"External Interference, Incorrect Operation","Engineering and Planning, Human Factors, Inadequate Supervision, Tools and Equipment",British Columbia,Trans Mountain Pipeline Inc.,Not Applicable,Not Applicable,Unknown,0.0,2008,52.83128,-119.2645,Level I,Unknown Population Density (Historical Data Migration),Unknown Land Use (Historical Data Migration)
0,Corrosion and Cracking,Engineering and Planning,Manitoba,TransCanada PipeLines Limited,Natural Gas - Sweet,Gas,Unknown,0.0,2008,49.68098,-95.37458,Level I,Unknown Population Density (Historical Data Migration),Unknown Land Use (Historical Data Migration)
0,External Interference,Maintenance,Ontario,TransCanada PipeLines Limited,Not Applicable,Not Applicable,Unknown,0.0,2008,45.33806,-79.24126,Level I,10 or fewer dwelling units,Unknown Land Use (Historical Data Migration)
0,External Interference,Standards and Procedures,Manitoba,TransCanada PipeLines Limited,Natural Gas - Sweet,Gas,Unknown,0.0,2008,49.91211,-98.51757,Level I,Unknown Population Density (Historical Data Migration),Unknown Land Use (Historical Data Migration)
0,Equipment Failure,Maintenance,Manitoba,TransCanada PipeLines Limited,Natural Gas - Sweet,Gas,Unknown,0.0,2008,49.65789,-96.16268,Level I,Unknown Population Density (Historical Data Migration),Unknown Land Use (Historical Data Migration)
0,Equipment Failure,Maintenance,British Columbia,"Westcoast Energy Inc., carrying on business as Spectra Energy Transmission",Mixed HVP Hydrocarbons,Gas,Unknown,0.005,2008,56.14652,-120.66937,Level I,Unknown Population Density (Historical Data Migration),Unknown Land Use (Historical Data Migration)
0,Incorrect Operation,Inadequate Supervision,British Columbia,"Westcoast Energy Inc., carrying on business as Spectra Energy Transmission",Condensate,Liquid,Unknown,10.0,2008,59.20196,-121.5963,Level I,Unknown Population Density (Historical Data Migration),Unknown Land Use (Historical Data Migration)
0,Defect and Deterioration,Maintenance,British Columbia,"Westcoast Energy Inc., carrying on business as Spectra Energy Transmission",Amine,Miscellaneous,Unknown,10.0,2008,55.56932,-121.94466,Level I,10 or fewer dwelling units,Unknown Land Use (Historical Data Migration)
0,Defect and Deterioration,Maintenance,British Columbia,"Westcoast Energy Inc., carrying on business as Spectra Energy Transmission",Not Applicable,Not Applicable,Unknown,0.0,2008,55.03189,-123.03117,Level I,10 or fewer dwelling units,Unknown Land Use (Historical Data Migration)
1,Defect and Deterioration,Standards and Procedures,British Columbia,"Westcoast Energy Inc., carrying on business as Spectra Energy Transmission",Glycol,Miscellaneous,Unknown,2.0,2008,55.5692,-121.94446,Level I,10 or fewer dwelling units,Unknown Land Use (Historical Data Migration)
0,External Interference,Standards and Procedures,Manitoba,TransCanada PipeLines Limited,Natural Gas - Sweet,Gas,Unknown,0.0,2008,49.68017,-96.64917,Level I,10 or fewer dwelling units,Unknown Land Use (Historical Data Migration)
0,Equipment Failure,Maintenance,Alberta,NOVA Gas Transmission Ltd.,Natural Gas - Sweet,Gas,Unknown,0.5,2009,51.66911,-111.89811,Level I,10 or fewer dwelling units,Unknown Land Use (Historical Data Migration)
0,Corrosion and Cracking,Tools and Equipment,Alberta,NOVA Gas Transmission Ltd.,Natural Gas - Sweet,Gas,Unknown,10.0,2009,59.05953,-119.89276,Level I,10 or fewer dwelling units,Unknown Land Use (Historical Data Migration)
0,Corrosion and Cracking,Maintenance,Saskatchewan,Foothills Pipe Lines Ltd.,Natural Gas - Sweet,Gas,Unknown,566.3,2009,50.65584,-109.90599,Level I,Unknown Population Density (Historical Data Migration),Unknown Land Use (Historical Data Migration)
0,Equipment Failure,Standards and Procedures,British Columbia,"Westcoast Energy Inc., carrying on business as Spectra Energy Transmission",Fuel Gas,Gas,Unknown,12.0,2009,50.74862,-120.8587,Level I,10 or fewer dwelling units,Unknown Land Use (Historical Data Migration)
0,Equipment Failure,Maintenance,Alberta,NOVA Gas Transmission Ltd.,Fuel Gas,Gas,Unknown,100.0,2009,54.8308,-118.64572,Level I,Unknown Population Density (Historical Data Migration),Unknown Land Use (Historical Data Migration)
0,Equipment Failure,Maintenance,Alberta,Enbridge Pipelines Inc.,Not Applicable,Not Applicable,Unknown,0.0,2009,53.54735,-113.35571,Level I,Unknown Population Density (Historical Data Migration),Unknown Land Use (Historical Data Migration)
0,Defect and Deterioration,Maintenance,Alberta,NOVA Gas Transmission Ltd.,Natural Gas - Sweet,Gas,Unknown,0.0,2009,56.36855,-119.92869,Level I,10 or fewer dwelling units,Unknown Land Use (Historical Data Migration)
1,Corrosion and Cracking,Maintenance,Ontario,TransCanada PipeLines Limited,Natural Gas - Sweet,Gas,Unknown,3420000.0,2009,47.912847,-79.987089,Level III,Unknown Population Density (Historical Data Migration),Unknown Land Use (Historical Data Migration)
0,Corrosion and Cracking,"Maintenance, Standards and Procedures",Manitoba,TransCanada PipeLines Limited,Natural Gas - Sweet,Gas,Unknown,0.0,2009,49.71929,-96.98281,Level I,Unknown Population Density (Historical Data Migration),Unknown Land Use (Historical Data Migration)
0,External Interference,"Maintenance, Standards and Procedures",Ontario,TransCanada PipeLines Limited,Not Applicable,Not Applicable,Unknown,0.0,2009,43.87381,-79.58002,Level I,10 or fewer dwelling units,Unknown Land Use (Historical Data Migration)
0,External Interference,Engineering and Planning,Alberta,Enbridge Pipelines Inc.,Not Applicable,Not Applicable,Unknown,0.0,2009,52.93032,-112.07365,Level I,Unknown Population Density (Historical Data Migration),Unknown Land Use (Historical Data Migration)
0,Corrosion and Cracking,Maintenance,Manitoba,TransCanada PipeLines Limited,Natural Gas - Sweet,Gas,Unknown,0.1,2009,49.68123,-95.37477,Level I,10 or fewer dwelling units,Unknown Land Use (Historical Data Migration)
1,External Interference,Maintenance,Alberta,NOVA Gas Transmission Ltd.,Natural Gas - Sweet,Gas,Unknown,63000.0,2009,53.96117,-116.46306,Level I,10 or fewer dwelling units,Unknown Land Use (Historical Data Migration)
0,Defect and Deterioration,"Inadequate Supervision, Standards and Procedures",Manitoba,Enbridge Pipelines Inc.,Crude Oil - Sweet,Liquid,Transmission,4.75,2009,49.544443,-99.320678,Level I,Unknown Population Density (Historical Data Migration),Unknown Land Use (Historical Data Migration)
1,Equipment Failure,Maintenance,British Columbia,"Westcoast Energy Inc., carrying on business as Spectra Energy Transmission",Natural Gas - Sour,Gas,Processing,68.0,2009,56.14625,-120.66917,Level II,Unknown Population Density (Historical Data Migration),Unknown Land Use (Historical Data Migration)
0,Equipment Failure,Engineering and Planning,Alberta,NOVA Gas Transmission Ltd.,Natural Gas - Sweet,Gas,Unknown,0.0,2010,54.95425,-119.19227,Level I,Unknown Population Density (Historical Data Migration),Unknown Land Use (Historical Data Migration)
0,Defect and Deterioration,Engineering and Planning,British Columbia,Provident Energy Pipeline Inc.,Mixed HVP Hydrocarbons,Gas,Unknown,0.25,2010,56.14669,-120.66454,Level I,10 or fewer dwelling units,Unknown Land Use (Historical Data Migration)
0,Defect and Deterioration,Maintenance,British Columbia,"Westcoast Energy Inc., carrying on business as Spectra Energy Transmission",Not Applicable,Not Applicable,Unknown,0.0,2010,55.64998,-122.20708,Level I,10 or fewer dwelling units,Unknown Land Use (Historical Data Migration)
0,Equipment Failure,Maintenance,Ontario,TransCanada PipeLines Limited,Natural Gas - Sweet,Gas,Unknown,51.4,2010,44.68365,-75.62111,Level I,Unknown Population Density (Historical Data Migration),Unknown Land Use (Historical Data Migration)
0,Defect and Deterioration,Maintenance,Alberta,Enbridge Pipelines Inc.,Crude Oil - Sweet,Liquid,Unknown,150.0,2010,53.54457,-113.35511,Level I,Unknown Population Density (Historical Data Migration),Unknown Land Use (Historical Data Migration)
1,Equipment Failure,Maintenance,Quebec,Trans-Northern Pipelines Inc.,Gasoline,Liquid,Transmission,30.0,2010,45.624393,-73.639169,Level II,Unknown Population Density (Historical Data Migration),Unknown Land Use (Historical Data Migration)
0,Defect and Deterioration,Maintenance,Alberta,NOVA Gas Transmission Ltd.,Natural Gas - Sweet,Gas,Unknown,0.0,2010,54.34669,-116.87305,Level I,Unknown Population Density (Historical Data Migration),Unknown Land Use (Historical Data Migration)
0,Corrosion and Cracking,Maintenance,Alberta,NOVA Gas Transmission Ltd.,Natural Gas - Sweet,Gas,Unknown,0.0,2010,52.75419,-114.11969,Level I,Unknown Population Density (Historical Data Migration),Unknown Land Use (Historical Data Migration)
1,Corrosion and Cracking,Engineering and Planning,Ontario,Trans-Northern Pipelines Inc.,Gasoline,Liquid,Unknown,90.0,2010,43.406148,-79.735605,Level II,46 or more dwelling units,Unknown Land Use (Historical Data Migration)
0,Equipment Failure,"Inadequate Supervision, Standards and Procedures",Alberta,Enbridge Pipelines Inc.,Not Applicable,Not Applicable,Unknown,0.0,2010,53.54756,-113.35559,Level I,Unknown Population Density (Historical Data Migration),Unknown Land Use (Historical Data Migration)
0,Defect and Deterioration,Maintenance,Alberta,NOVA Gas Transmission Ltd.,Not Applicable,Not Applicable,Unknown,0.0,2010,57.19166,-118.1942,Level I,Unknown Population Density (Historical Data Migration),Unknown Land Use (Historical Data Migration)
0,Defect and Deterioration,Maintenance,Saskatchewan,TransCanada PipeLines Limited,Natural Gas - Sweet,Gas,Unknown,0.0,2010,50.48051,-105.86728,Level I,Unknown Population Density (Historical Data Migration),Unknown Land Use (Historical Data Migration)
0,Equipment Failure,Standards and Procedures,British Columbia,"Westcoast Energy Inc., carrying on business as Spectra Energy Transmission",Mixed HVP Hydrocarbons,Gas,Unknown,0.0,2010,55.56882,-121.94466,Level I,Unknown Population Density (Historical Data Migration),Unknown Land Use (Historical Data Migration)
0,Equipment Failure,Maintenance,Ontario,TransCanada PipeLines Limited,Natural Gas - Sweet,Gas,Unknown,100.0,2010,43.18849,-79.8485,Level I,Unknown Population Density (Historical Data Migration),Unknown Land Use (Historical Data Migration)
0,Corrosion and Cracking,"Engineering and Planning, Maintenance",Ontario,TransCanada PipeLines Limited,Natural Gas - Sweet,Gas,Unknown,0.0,2010,48.64904,-80.69866,Level I,Unknown Population Density (Historical Data Migration),Unknown Land Use (Historical Data Migration)
0,External Interference,"Maintenance, Standards and Procedures, Tools and Equipment",Ontario,TransCanada PipeLines Limited,Not Applicable,Not Applicable,Unknown,0.0,2010,44.04719,-78.00847,Level I,Unknown Population Density (Historical Data Migration),Unknown Land Use (Historical Data Migration)
0,Equipment Failure,Maintenance,New Brunswick,Maritimes & Northeast Pipeline Management Ltd.,Natural Gas - Sweet,Gas,Unknown,2.8,2010,45.27811111,-66.0088056,Level I,Unknown Population Density (Historical Data Migration),Unknown Land Use (Historical Data Migration)
1,Equipment Failure,Engineering and Planning,British Columbia,"Westcoast Energy Inc., carrying on business as Spectra Energy Transmission",Not Applicable,Not Applicable,Unknown,0.0,2010,55.39952,-122.09349,Level I,Unknown Population Density (Historical Data Migration),Unknown Land Use (Historical Data Migration)
1,Equipment Failure,Maintenance,British Columbia,"Westcoast Energy Inc., carrying on business as Spectra Energy Transmission",Natural Gas - Sour,Gas,Unknown,0.0,2010,54.86820278,-120.6479722,Level I,Unknown Population Density (Historical Data Migration),Unknown Land Use (Historical Data Migration)
0,Equipment Failure,Maintenance,Saskatchewan,TransCanada PipeLines Limited,Natural Gas - Sweet,Gas,Unknown,0.0,2010,50.33177,-103.60955,Level I,Unknown Population Density (Historical Data Migration),Unknown Land Use (Historical Data Migration)
0,Equipment Failure,Engineering and Planning,Alberta,Enbridge Pipelines Inc.,Not Applicable,Not Applicable,Unknown,0.0,2010,53.54769,-113.35921,Level I,Unknown Population Density (Historical Data Migration),Unknown Land Use (Historical Data Migration)
0,Equipment Failure,Standards and Procedures,Saskatchewan,Foothills Pipe Lines (Saskatchewan) Ltd.,Natural Gas - Sweet,Gas,Unknown,0.0,2010,49.98,-109.12,Level I,Unknown Population Density (Historical Data Migration),Unknown Land Use (Historical Data Migration)
0,Equipment Failure,Maintenance,Saskatchewan,Foothills Pipe Lines Ltd.,Natural Gas - Sweet,Gas,Unknown,0.0,2010,49.55266,-108.3695,Level I,Unknown Population Density (Historical Data Migration),Unknown Land Use (Historical Data Migration)
0,"Defect and Deterioration, Equipment Failure",Maintenance,Alberta,NOVA Gas Transmission Ltd.,Natural Gas - Sweet,Gas,Unknown,0.0,2010,51.93893056,-112.0749444,Level I,Unknown Population Density (Historical Data Migration),Unknown Land Use (Historical Data Migration)
0,Equipment Failure,Maintenance,New Brunswick,Maritimes & Northeast Pipeline Management Ltd.,Natural Gas - Sweet,Gas,Unknown,0.5,2010,45.886624,-66.551134,Level I,11 to 45 dwelling units,Unknown Land Use (Historical Data Migration)
0,Equipment Failure,Maintenance,Saskatchewan,TransCanada PipeLines Limited,Natural Gas - Sweet,Gas,Unknown,0.0,2010,50.605125,-108.7085556,Level I,Unknown Population Density (Historical Data Migration),Unknown Land Use (Historical Data Migration)
0,Equipment Failure,Engineering and Planning,Alberta,Enbridge Pipelines Inc.,Not Applicable,Not Applicable,Unknown,0.0,2010,52.63944722,-111.2781389,Level I,Unknown Population Density (Historical Data Migration),Unknown Land Use (Historical Data Migration)
0,Equipment Failure,Maintenance,Ontario,TransCanada PipeLines Limited,Natural Gas - Sweet,Gas,Unknown,0.0,2010,45.71830278,-79.4368138,Level I,Unknown Population Density (Historical Data Migration),Unknown Land Use (Historical Data Migration)
0,Equipment Failure,Engineering and Planning,British Columbia,"Westcoast Energy Inc., carrying on business as Spectra Energy Transmission",Not Applicable,Not Applicable,Unknown,0.0,2010,59.20186,-121.596498,Level I,10 or fewer dwelling units,Unknown Land Use (Historical Data Migration)
0,Defect and Deterioration,Engineering and Planning,Saskatchewan,TransCanada PipeLines Limited,Natural Gas - Sweet,Gas,Unknown,2.8,2010,50.39316667,-104.4093611,Level I,10 or fewer dwelling units,Unknown Land Use (Historical Data Migration)
0,Equipment Failure,Maintenance,Ontario,TransCanada PipeLines Limited,Natural Gas - Sweet,Gas,Unknown,0.0,2010,49.70361,-87.41084,Level I,10 or fewer dwelling units,Unknown Land Use (Historical Data Migration)
1,Other Causes,Maintenance,British Columbia,"Westcoast Energy Inc., carrying on business as Spectra Energy Transmission",Contaminated Water,Miscellaneous,Unknown,0.0,2010,56.14630278,-120.6691694,Level I,46 or more dwelling units,Unknown Land Use (Historical Data Migration)
0,Equipment Failure,Maintenance,Ontario,TransCanada PipeLines Limited,Natural Gas - Sweet,Gas,Unknown,0.0,2011,49.72702,-92.58215,Level I,Unknown Population Density (Historical Data Migration),Unknown Land Use (Historical Data Migration)
0,Equipment Failure,Engineering and Planning,Alberta,NOVA Gas Transmission Ltd.,Natural Gas - Sweet,Gas,Unknown,0.0,2011,59.06394,-118.84693,Level I,Unknown Population Density (Historical Data Migration),Unknown Land Use (Historical Data Migration)
1,To be determined,To be determined,Alberta,Trans Mountain Pipeline ULC,Crude Oil - Sweet,Liquid,Unknown,1.6,2011,53.60352778,-115.4963889,Level III,Unknown Population Density (Historical Data Migration),Unknown Land Use (Historical Data Migration)
1,Corrosion and Cracking,Standards and Procedures,British Columbia,"Westcoast Energy Inc., carrying on business as Spectra Energy Transmission",Natural Gas - Sour,Gas,Unknown,1300.0,2011,55.28501,-121.65768,Level I,Unknown Population Density (Historical Data Migration),Unknown Land Use (Historical Data Migration)
0,Defect and Deterioration,Engineering and Planning,Saskatchewan,TransCanada PipeLines Limited,Natural Gas - Sweet,Gas,Unknown,0.0,2011,50.67651,-109.97872,Level I,Unknown Population Density (Historical Data Migration),Unknown Land Use (Historical Data Migration)
0,Equipment Failure,"Maintenance, Standards and Procedures",Alberta,TransCanada Keystone Pipeline GP Ltd.,Not Applicable,Not Applicable,Unknown,0.0,2011,52.29327,-111.0907,Level I,Unknown Population Density (Historical Data Migration),Unknown Land Use (Historical Data Migration)
0,External Interference,Maintenance,Ontario,TransCanada PipeLines Limited,Not Applicable,Not Applicable,Unknown,0.0,2011,43.25556,-79.87348,Level I,Unknown Population Density (Historical Data Migration),Unknown Land Use (Historical Data Migration)
0,Corrosion and Cracking,Maintenance,Ontario,TransCanada PipeLines Limited,Natural Gas - Sweet,Gas,Unknown,50.0,2011,49.61136,-87.96157,Level I,Unknown Population Density (Historical Data Migration),Unknown Land Use (Historical Data Migration)
0,Natural Force Damage,Maintenance,Alberta,NOVA Gas Transmission Ltd.,Natural Gas - Sweet,Gas,Unknown,10.0,2011,53.60098,-116.46762,Level I,Unknown Population Density (Historical Data Migration),Unknown Land Use (Historical Data Migration)
1,Incorrect Operation,Engineering and Planning,Northwest Territories,Enbridge Pipelines (NW) Inc.,Crude Oil - Sweet,Liquid,Transmission,259.0,2011,62.70880556,-123.079889,Level II,10 or fewer dwelling units,Unknown Land Use (Historical Data Migration)
0,Incorrect Operation,Failure in communication,Quebec,Enbridge Pipelines Inc.,Crude Oil - Sweet,Liquid,Unknown,4.0,2011,45.72466,-73.69588,Level I,Buildings greater than 4 stories above ground,Unknown Land Use (Historical Data Migration)
1,Other Causes,Human Factors,British Columbia,"Westcoast Energy Inc., carrying on business as Spectra Energy Transmission",Not Applicable,Not Applicable,Unknown,0.0,2011,58.6533,-122.68493,Level I,Unknown Population Density (Historical Data Migration),Unknown Land Use (Historical Data Migration)
0,Corrosion and Cracking,Engineering and Planning,Alberta,NOVA Gas Transmission Ltd.,Natural Gas - Sweet,Gas,Unknown,2.0,2011,49.30721,-114.015,Level I,Unknown Population Density (Historical Data Migration),Unknown Land Use (Historical Data Migration)
0,Corrosion and Cracking,Maintenance,Manitoba,TransCanada PipeLines Limited,Natural Gas - Sweet,Gas,Unknown,0.0,2011,49.58317,-97.0036,Level I,Unknown Population Density (Historical Data Migration),Unknown Land Use (Historical Data Migration)
0,Defect and Deterioration,Maintenance,New Brunswick,Emera Brunswick Pipeline Company Ltd.,Natural Gas - Sweet,Gas,Unknown,0.0,2011,45.30744,-66.04273,Level I,Unknown Population Density (Historical Data Migration),Unknown Land Use (Historical Data Migration)
1,Incorrect Operation,Failure in communication,British Columbia,"Westcoast Energy Inc., carrying on business as Spectra Energy Transmission",Not Applicable,Not Applicable,Unknown,0.0,2011,55.81189,-120.86837,Level I,Unknown Population Density (Historical Data Migration),Unknown Land Use (Historical Data Migration)
0,Equipment Failure,Standards and Procedures,Ontario,Centra Transmission Holdings Inc.,Not Applicable,Not Applicable,Unknown,0.0,2011,48.613425,-93.417778,Level I,Unknown Population Density (Historical Data Migration),Unknown Land Use (Historical Data Migration)
0,Defect and Deterioration,Engineering and Planning,Ontario,TransCanada PipeLines Limited,Natural Gas - Sweet,Gas,Unknown,0.0,2011,45.375736,-79.239306,Level I,Unknown Population Density (Historical Data Migration),Unknown Land Use (Historical Data Migration)
0,Corrosion and Cracking,Maintenance,Alberta,NOVA Gas Transmission Ltd.,Natural Gas - Sweet,Gas,Unknown,0.0,2011,52.54673,-111.03052,Level I,Unknown Population Density (Historical Data Migration),Unknown Land Use (Historical Data Migration)
0,Equipment Failure,Maintenance,Manitoba,Enbridge Pipelines Inc.,Crude Oil - Sweet,Liquid,Unknown,7.0,2011,49.54445,-99.3207,Level I,Unknown Population Density (Historical Data Migration),Unknown Land Use (Historical Data Migration)
0,Incorrect Operation,Standards and Procedures,Saskatchewan,Enbridge Pipelines (Westspur) Inc.,Crude Oil - Sweet,Liquid,Unknown,2.0,2011,49.28813,-102.63736,Level I,Unknown Population Density (Historical Data Migration),Unknown Land Use (Historical Data Migration)
0,Defect and Deterioration,Maintenance,Ontario,TransCanada PipeLines Limited,Natural Gas - Sweet,Gas,Unknown,0.0,2011,49.26712,-91.23269,Level I,Unknown Population Density (Historical Data Migration),Unknown Land Use (Historical Data Migration)
0,Equipment Failure,Maintenance,New Brunswick,Maritimes & Northeast Pipeline Management Ltd.,Natural Gas - Sweet,Gas,Unknown,236.0,2011,45.251566,-66.097871,Level I,Unknown Population Density (Historical Data Migration),Unknown Land Use (Historical Data Migration)
0,Equipment Failure,Maintenance,Ontario,TransCanada PipeLines Limited,Natural Gas - Sweet,Gas,Unknown,0.0,2012,49.3881,-82.43604,Level I,Unknown Population Density (Historical Data Migration),Unknown Land Use (Historical Data Migration)
0,Equipment Failure,Maintenance,Ontario,TransCanada PipeLines Limited,Natural Gas - Sweet,Gas,Unknown,6.0,2012,43.37273,-79.83172,Level I,Unknown Population Density (Historical Data Migration),Unknown Land Use (Historical Data Migration)
0,Other Causes,Maintenance,Alberta,Enbridge Pipelines Inc.,Not Applicable,Not Applicable,Unknown,0.0,2012,53.5467,-113.35465,Level I,Unknown Population Density (Historical Data Migration),Unknown Land Use (Historical Data Migration)
1,Incorrect Operation,"Engineering and Planning, Human Factors, Standards and Procedures",British Columbia,NOVA Gas Transmission Ltd.,Not Applicable,Not Applicable,Transmission,0.0,2012,59.04522,-121.26857,Level II,Unknown Population Density (Historical Data Migration),Unknown Land Use (Historical Data Migration)
0,Equipment Failure,Maintenance,Ontario,TransCanada PipeLines Limited,Natural Gas - Sweet,Gas,Unknown,0.0,2012,44.04676,-78.00709,Level I,Unknown Population Density (Historical Data Migration),Unknown Land Use (Historical Data Migration)
1,Equipment Failure,Maintenance,British Columbia,"Westcoast Energy Inc., carrying on business as Spectra Energy Transmission",Natural Gas - Sour,Gas,Unknown,0.0,2012,55.70181,-121.63465,Level I,10 or fewer dwelling units,Unknown Land Use (Historical Data Migration)
0,Incorrect Operation,Maintenance,British Columbia,Trans Mountain Pipeline ULC,Not Applicable,Not Applicable,Unknown,0.0,2012,51.5659,-120.16191,Level I,Unknown Population Density (Historical Data Migration),Unknown Land Use (Historical Data Migration)
0,Equipment Failure,Maintenance,Alberta,NOVA Gas Transmission Ltd.,Natural Gas - Sweet,Gas,Unknown,0.0,2012,57.19155,-118.19433,Level I,Unknown Population Density (Historical Data Migration),Unknown Land Use (Historical Data Migration)
0,Incorrect Operation,Standards and Procedures,Alberta,NOVA Gas Transmission Ltd.,Not Applicable,Not Applicable,Unknown,0.0,2012,57.36771,-119.75255,Level I,Unknown Population Density (Historical Data Migration),Unknown Land Use (Historical Data Migration)
1,Equipment Failure,Maintenance,British Columbia,"Westcoast Energy Inc., carrying on business as Spectra Energy Transmission",Natural Gas - Sour,Gas,Unknown,0.0,2012,56.27789,-120.97802,Level I,Unknown Population Density (Historical Data Migration),Unknown Land Use (Historical Data Migration)
1,"Equipment Failure, External Interference","Human Factors, Maintenance, Standards and Procedures",British Columbia,"Westcoast Energy Inc., carrying on business as Spectra Energy Transmission",Natural Gas - Sweet,Gas,Transmission,0.0,2012,56.4714,-122.11376,Level III,Unknown Population Density (Historical Data Migration),Unknown Land Use (Historical Data Migration)
0,External Interference,Maintenance,Nova Scotia,ExxonMobil Canada Properties,Condensate,Liquid,Unknown,0.0,2012,45.17195,-61.61551,Level I,Unknown Population Density (Historical Data Migration),Unknown Land Use (Historical Data Migration)
0,Defect and Deterioration,"Maintenance, Standards and Procedures",Alberta,NOVA Gas Transmission Ltd.,Not Applicable,Not Applicable,Unknown,0.0,2012,56.46368,-112.84413,Level I,Unknown Population Density (Historical Data Migration),Unknown Land Use (Historical Data Migration)
1,Corrosion and Cracking,"Engineering and Planning, Maintenance, Standards and Procedures",British Columbia,"Westcoast Energy Inc., carrying on business as Spectra Energy Transmission",Natural Gas - Sweet,Gas,Unknown,955000.0,2012,57.06925,-121.63939,Level III,Unknown Population Density (Historical Data Migration),Unknown Land Use (Historical Data Migration)
0,Defect and Deterioration,"Maintenance, Standards and Procedures",Alberta,TransCanada PipeLines Limited,Not Applicable,Not Applicable,Unknown,0.0,2012,57.87538,-118.41276,Level I,10 or fewer dwelling units,Unknown Land Use (Historical Data Migration)
0,Defect and Deterioration,"Maintenance, Standards and Procedures",Alberta,NOVA Gas Transmission Ltd.,Not Applicable,Not Applicable,Unknown,0.0,2012,54.34676,-116.87305,Level I,Unknown Population Density (Historical Data Migration),Unknown Land Use (Historical Data Migration)
0,Corrosion and Cracking,Maintenance,Alberta,NOVA Gas Transmission Ltd.,Natural Gas - Sweet,Gas,Unknown,5.0,2012,54.83015,-118.64728,Level I,Unknown Population Density (Historical Data Migration),Unknown Land Use (Historical Data Migration)
0,Incorrect Operation,Human Factors,Alberta,NOVA Gas Transmission Ltd.,Not Applicable,Not Applicable,Unknown,0.0,2012,52.50498,-115.48418,Level I,Unknown Population Density (Historical Data Migration),Unknown Land Use (Historical Data Migration)
1,Corrosion and Cracking,Engineering and Planning,British Columbia,"Westcoast Energy Inc., carrying on business as Spectra Energy Transmission",Sulphur Dioxide,Miscellaneous,Unknown,0.0,2012,56.14632,-120.66908,Level I,Unknown Population Density (Historical Data Migration),Unknown Land Use (Historical Data Migration)
0,Defect and Deterioration,"Maintenance, Standards and Procedures",Alberta,NOVA Gas Transmission Ltd.,Not Applicable,Not Applicable,Unknown,0.0,2012,57.36127,-119.75155,Level I,Unknown Population Density (Historical Data Migration),Unknown Land Use (Historical Data Migration)
0,Defect and Deterioration,"Maintenance, Standards and Procedures",Saskatchewan,TransCanada PipeLines Limited,Natural Gas - Sweet,Gas,Unknown,0.0,2012,50.28593,-102.95152,Level I,Unknown Population Density (Historical Data Migration),Unknown Land Use (Historical Data Migration)
0,To be determined,To be determined,New Brunswick,Twin Rivers Paper Company Inc.,Pulp slurry,Miscellaneous,Unknown,10.0,2012,47.35983,-68.32515,Level I,Unknown Population Density (Historical Data Migration),Unknown Land Use (Historical Data Migration)
0,Defect and Deterioration,"Maintenance, Standards and Procedures",Alberta,NOVA Gas Transmission Ltd.,Not Applicable,Not Applicable,Unknown,0.0,2012,53.03778,-115.27248,Level I,Unknown Population Density (Historical Data Migration),Unknown Land Use (Historical Data Migration)
0,Corrosion and Cracking,Maintenance,Quebec,TransCanada PipeLines Limited,Natural Gas - Sweet,Gas,Unknown,0.0,2012,45.27297,-73.893093,Level I,Buildings greater than 4 stories above ground,Unknown Land Use (Historical Data Migration)
0,Defect and Deterioration,"Maintenance, Standards and Procedures",Saskatchewan,TransCanada PipeLines Limited,Not Applicable,Not Applicable,Unknown,0.0,2012,50.40093,-104.77915,Level I,Unknown Population Density (Historical Data Migration),Unknown Land Use (Historical Data Migration)
0,External Interference,Maintenance,Ontario,TransCanada PipeLines Limited,Not Applicable,Not Applicable,Unknown,0.0,2012,49.48156,-91.95934,Level I,Unknown Population Density (Historical Data Migration),Unknown Land Use (Historical Data Migration)
0,Equipment Failure,Maintenance,Saskatchewan,Foothills Pipe Lines (Saskatchewan) Ltd.,Natural Gas - Sweet,Gas,Unknown,0.0,2012,49.98008,-109.12,Level I,Unknown Population Density (Historical Data Migration),Unknown Land Use (Historical Data Migration)
1,Corrosion and Cracking,"Maintenance, Standards and Procedures",British Columbia,"Westcoast Energy Inc., carrying on business as Spectra Energy Transmission",Natural Gas - Sour,Gas,Unknown,0.0,2012,55.15019444,-121.4512055,Level I,Unknown Population Density (Historical Data Migration),Unknown Land Use (Historical Data Migration)
0,External Interference,Standards and Procedures,Ontario,TransCanada PipeLines Limited,Not Applicable,Not Applicable,Unknown,0.0,2012,43.406032,-80.43846,Level I,Unknown Population Density (Historical Data Migration),Unknown Land Use (Historical Data Migration)
0,Equipment Failure,Maintenance,Saskatchewan,Enbridge Pipelines Inc.,Natural Gas Liquids,Gas,Unknown,0.0,2012,50.48053,-104.57829,Level I,Unknown Population Density (Historical Data Migration),Unknown Land Use (Historical Data Migration)
0,Defect and Deterioration,Maintenance,Nova Scotia,Maritimes & Northeast Pipeline Management Ltd.,Natural Gas - Sweet,Gas,Unknown,0.0,2012,45.17667,-61.6226,Level I,46 or more dwelling units,Unknown Land Use (Historical Data Migration)
0,Defect and Deterioration,Maintenance,New Brunswick,Maritimes & Northeast Pipeline Management Ltd.,Natural Gas - Sweet,Gas,Unknown,0.0,2012,45.239523,-66.102866,Level I,Unknown Population Density (Historical Data Migration),Unknown Land Use (Historical Data Migration)
0,Equipment Failure,Maintenance,Saskatchewan,TransCanada PipeLines Limited,Natural Gas - Sweet,Gas,Unknown,0.0,2012,50.60505,-108.70856,Level I,Unknown Population Density (Historical Data Migration),Unknown Land Use (Historical Data Migration)
0,Other Causes,Maintenance,Alberta,Enbridge Pipelines Inc.,Not Applicable,Not Applicable,Unknown,0.0,2012,53.5467,-113.35465,Level I,Unknown Population Density (Historical Data Migration),Unknown Land Use (Historical Data Migration)
1,"External Interference, Incorrect Operation","Human Factors, Inadequate Supervision, Standards and Procedures",Alberta,Enbridge Pipelines Inc.,Not Applicable,Not Applicable,Transmission,0.0,2012,53.54719,-113.35571,Level I,Unknown Population Density (Historical Data Migration),Unknown Land Use (Historical Data Migration)
0,Equipment Failure,"Engineering and Planning, Tools and Equipment",Alberta,Enbridge Pipelines Inc.,Not Applicable,Not Applicable,Unknown,0.0,2012,53.54747,-113.35571,Level I,Unknown Population Density (Historical Data Migration),Unknown Land Use (Historical Data Migration)
0,Equipment Failure,Maintenance,Ontario,TransCanada PipeLines Limited,Not Applicable,Not Applicable,Unknown,0.0,2013,43.551392,-79.593431,Level I,Unknown Population Density (Historical Data Migration),Unknown Land Use (Historical Data Migration)
0,Other Causes,Maintenance,Alberta,Enbridge Pipelines Inc.,Not Applicable,Not Applicable,Unknown,0.0,2012,53.5467,-113.35465,Level I,Unknown Population Density (Historical Data Migration),Unknown Land Use (Historical Data Migration)
0,Other Causes,Maintenance,Alberta,Enbridge Pipelines Inc.,Not Applicable,Not Applicable,Unknown,0.0,2012,53.5467,-113.35465,Level I,Unknown Population Density (Historical Data Migration),Unknown Land Use (Historical Data Migration)
0,Other Causes,Maintenance,Alberta,Enbridge Pipelines Inc.,Not Applicable,Not Applicable,Unknown,0.0,2012,53.5467,-113.35465,Level I,Unknown Population Density (Historical Data Migration),Unknown Land Use (Historical Data Migration)
0,"Defect and Deterioration, External Interference, Incorrect Operation, Natural Force Damage","Engineering and Planning, Inadequate Supervision, Maintenance, Standards and Procedures",Ontario,Plains Midstream Canada ULC,Mixed HVP Hydrocarbons,Gas,Distribution,30.0,2013,42.281736,-83.07803,Level II,46 or more dwelling units,Unknown Land Use (Historical Data Migration)
0,External Interference,"Failure in communication, Human Factors, Tools and Equipment",Alberta,NOVA Gas Transmission Ltd.,Not Applicable,Not Applicable,Unknown,0.0,2013,51.9565,-112.370504,Level I,Unknown Population Density (Historical Data Migration),Unknown Land Use (Historical Data Migration)
0,Incorrect Operation,Engineering and Planning,Ontario,Kinder Morgan Cochin ULC,Not Applicable,Not Applicable,Unknown,0.0,2013,42.281736,-83.07803,Level I,Unknown Population Density (Historical Data Migration),Unknown Land Use (Historical Data Migration)
0,Defect and Deterioration,Maintenance,New Brunswick,Emera Brunswick Pipeline Company Ltd.,Natural Gas - Sweet,Gas,Distribution,0.028,2013,45.218884,-65.984989,Level I,Unknown Population Density (Historical Data Migration),Unknown Land Use (Historical Data Migration)
0,"Corrosion and Cracking, Equipment Failure","Engineering and Planning, Maintenance",Saskatchewan,Enbridge Pipelines Inc.,Crude Oil - Sweet,Liquid,Unknown,4.0,2013,51.865344,-109.026045,Level I,Unknown Population Density (Historical Data Migration),Unknown Land Use (Historical Data Migration)
0,External Interference,Engineering and Planning,Nova Scotia,Maritimes & Northeast Pipeline Management Ltd.,Natural Gas - Sweet,Gas,Gathering,736.0,2013,44.68563,-63.59679,Level I,Unknown Population Density (Historical Data Migration),Unknown Land Use (Historical Data Migration)
0,Incorrect Operation,Standards and Procedures,Alberta,Enbridge Pipelines Inc.,Not Applicable,Not Applicable,Unknown,0.0,2013,53.5475,-113.35566,Level I,Unknown Population Density (Historical Data Migration),Unknown Land Use (Historical Data Migration)
0,"External Interference, Incorrect Operation","Engineering and Planning, Maintenance",Alberta,NOVA Gas Transmission Ltd.,Not Applicable,Not Applicable,Unknown,0.0,2013,54.5353,-117.10964,Level I,Unknown Population Density (Historical Data Migration),Unknown Land Use (Historical Data Migration)
0,Defect and Deterioration,Maintenance,Alberta,Enbridge Pipelines Inc.,Not Applicable,Not Applicable,Unknown,0.0,2013,53.547403,-113.355714,Level I,Unknown Population Density (Historical Data Migration),Unknown Land Use (Historical Data Migration)
0,External Interference,Failure in communication,Alberta,Enbridge Pipelines Inc.,Not Applicable,Not Applicable,Unknown,0.0,2013,53.547403,-113.355714,Level I,Unknown Population Density (Historical Data Migration),Unknown Land Use (Historical Data Migration)
0,Defect and Deterioration,Standards and Procedures,Alberta,NOVA Gas Transmission Ltd.,Not Applicable,Not Applicable,Unknown,0.0,2013,54.095087,-112.305849,Level I,Unknown Population Density (Historical Data Migration),Unknown Land Use (Historical Data Migration)
0,Equipment Failure,Tools and Equipment,New Brunswick,Maritimes & Northeast Pipeline Management Ltd.,Natural Gas - Sweet,Gas,Unknown,0.0,2013,45.254932,-65.988823,Level I,Unknown Population Density (Historical Data Migration),Unknown Land Use (Historical Data Migration)
0,"Defect and Deterioration, Equipment Failure, External Interference","Engineering and Planning, Maintenance",Saskatchewan,Enbridge Pipelines Inc.,Not Applicable,Not Applicable,Unknown,0.0,2013,51.868264,-109.036068,Level I,Unknown Population Density (Historical Data Migration),Unknown Land Use (Historical Data Migration)
0,Equipment Failure,Tools and Equipment,Alberta,NOVA Gas Transmission Ltd.,Natural Gas - Sweet,Gas,Unknown,0.0,2013,56.035238,-117.966456,Level I,Unknown Population Density (Historical Data Migration),Unknown Land Use (Historical Data Migration)
0,Equipment Failure,Maintenance,New Brunswick,Maritimes & Northeast Pipeline Management Ltd.,Natural Gas - Sweet,Gas,Unknown,0.0,2013,45.254932,-65.988823,Level I,Buildings greater than 4 stories above ground,Unknown Land Use (Historical Data Migration)
0,Defect and Deterioration,Standards and Procedures,Manitoba,Enbridge Pipelines Inc.,Not Applicable,Not Applicable,Unknown,0.0,2013,49.362856,-98.590633,Level I,Unknown Population Density (Historical Data Migration),Unknown Land Use (Historical Data Migration)
0,Incorrect Operation,"Engineering and Planning, Maintenance",Alberta,Cochin Pipe Lines Ltd.,Not Applicable,Not Applicable,Unknown,0.0,2013,53.700716,-113.209466,Level I,Unknown Population Density (Historical Data Migration),Unknown Land Use (Historical Data Migration)
1,Corrosion and Cracking,Maintenance,British Columbia,"Westcoast Energy Inc., carrying on business as Spectra Energy Transmission",Natural Gas - Sour,Gas,Unknown,0.0,2013,58.653246,-122.684823,Level I,Unknown Population Density (Historical Data Migration),Unknown Land Use (Historical Data Migration)
0,Incorrect Operation,"Human Factors, Standards and Procedures",Alberta,Enbridge Pipelines Inc.,Crude Oil - Sweet,Liquid,Unknown,2.25,2013,53.307156,-113.511011,Level I,Unknown Population Density (Historical Data Migration),Unknown Land Use (Historical Data Migration)
1,Corrosion and Cracking,Maintenance,Alberta,NOVA Gas Transmission Ltd.,Natural Gas - Sweet,Gas,Unknown,4300000.0,2013,54.50936,-112.64735,Level II,10 or fewer dwelling units,Forests
1,External Interference,"Engineering and Planning, Failure in communication, Human Factors, Standards and Procedures",Alberta,Trans Mountain Pipeline ULC,Crude Oil - Sweet,Liquid,Transmission,12.0,2013,53.544543,-113.360195,Level I,11 to 45 dwelling units,Developed Land - Industrial
0,Incorrect Operation,Maintenance,Saskatchewan,Enbridge Pipelines Inc.,Not Applicable,Not Applicable,Unknown,0.0,2013,50.477608,-104.569525,Level I,Unknown Population Density (Historical Data Migration),Unknown Land Use (Historical Data Migration)
0,"Equipment Failure, External Interference, Incorrect Operation",Maintenance,Saskatchewan,Foothills Pipe Lines (Saskatchewan) Ltd.,Not Applicable,Not Applicable,Unknown,0.0,2013,49.017155,-107.831853,Level I,Unknown Population Density (Historical Data Migration),Unknown Land Use (Historical Data Migration)
0,"Corrosion and Cracking, Incorrect Operation",Maintenance,Ontario,TransCanada PipeLines Limited,Natural Gas - Sweet,Gas,Unknown,0.017,2013,49.7951,-92.762674,Level I,Unknown Population Density (Historical Data Migration),Unknown Land Use (Historical Data Migration)
0,Equipment Failure,Maintenance,New Brunswick,Maritimes & Northeast Pipeline Management Ltd.,Natural Gas - Sweet,Gas,Unknown,0.3,2013,46.112702,-64.714397,Level I,Unknown Population Density (Historical Data Migration),Unknown Land Use (Historical Data Migration)
0,Corrosion and Cracking,Maintenance,Nova Scotia,Maritimes & Northeast Pipeline Management Ltd.,Natural Gas - Sweet,Gas,Unknown,2000.0,2013,45.182385,-61.652361,Level I,Unknown Population Density (Historical Data Migration),Unknown Land Use (Historical Data Migration)
0,Corrosion and Cracking,"Engineering and Planning, Maintenance",British Columbia,Foothills Pipe Lines Ltd.,Natural Gas - Sweet,Gas,Unknown,1500.0,2013,49.28487,-115.17704,Level I,Unknown Population Density (Historical Data Migration),Unknown Land Use (Historical Data Migration)
0,External Interference,Engineering and Planning,Saskatchewan,Enbridge Pipelines Inc.,Not Applicable,Not Applicable,Unknown,0.0,2013,49.753998,-101.238688,Level I,11 to 45 dwelling units,Unknown Land Use (Historical Data Migration)
0,External Interference,Engineering and Planning,Saskatchewan,Enbridge Pipelines Inc.,Not Applicable,Not Applicable,Unknown,0.0,2013,49.753998,-101.238688,Level I,11 to 45 dwelling units,Unknown Land Use (Historical Data Migration)
0,External Interference,Engineering and Planning,Saskatchewan,Enbridge Pipelines Inc.,Not Applicable,Not Applicable,Unknown,0.0,2013,49.753998,-101.238688,Level I,11 to 45 dwelling units,Unknown Land Use (Historical Data Migration)
0,External Interference,Engineering and Planning,Saskatchewan,Enbridge Pipelines Inc.,Not Applicable,Not Applicable,Unknown,0.0,2013,49.753998,-101.238688,Level I,11 to 45 dwelling units,Unknown Land Use (Historical Data Migration)
0,Defect and Deterioration,"Engineering and Planning, Human Factors",Saskatchewan,Kinder Morgan Cochin ULC,Propane,Gas,Unknown,0.0,2014,51.17738,-106.588176,Level I,Unknown Population Density (Historical Data Migration),Unknown Land Use (Historical Data Migration)
0,"External Interference, Incorrect Operation","Human Factors, Inadequate Procurement",Alberta,Enbridge Pipelines Inc.,Not Applicable,Not Applicable,Unknown,0.0,2014,52.641345,-111.270617,Level I,Unknown Population Density (Historical Data Migration),Unknown Land Use (Historical Data Migration)
0,Defect and Deterioration,"Engineering and Planning, Maintenance",New Brunswick,Maritimes & Northeast Pipeline Management Ltd.,Natural Gas - Sweet,Gas,Unknown,1.0,2014,45.273315,-66.063308,Level I,Unknown Population Density (Historical Data Migration),Unknown Land Use (Historical Data Migration)
1,Incorrect Operation,"Maintenance, Standards and Procedures",British Columbia,"Westcoast Energy Inc., carrying on business as Spectra Energy Transmission",Crude Oil - Sweet,Liquid,Unknown,3.0,2014,55.569092,-121.944662,Level I,Unknown Population Density (Historical Data Migration),Unknown Land Use (Historical Data Migration)
1,"Equipment Failure, Incorrect Operation","Human Factors, Maintenance, Tools and Equipment",British Columbia,"Westcoast Energy Inc., carrying on business as Spectra Energy Transmission",Natural Gas - Sweet,Gas,Unknown,1522790.0,2014,50.749343,-120.857245,Level I,Unknown Population Density (Historical Data Migration),Unknown Land Use (Historical Data Migration)
0,"Equipment Failure, External Interference, Natural Force Damage",Standards and Procedures,Alberta,Enbridge Pipelines Inc.,Crude Oil - Sweet,Liquid,Transmission,15.0,2014,53.547403,-113.355714,Level I,Unknown Population Density (Historical Data Migration),Developed Land - Industrial
0,Defect and Deterioration,Maintenance,Nova Scotia,Maritimes & Northeast Pipeline Management Ltd.,Natural Gas - Sweet,Gas,Unknown,56.0,2014,45.375146,-62.452544,Level I,10 or fewer dwelling units,Unknown Land Use (Historical Data Migration)
0,"Incorrect Operation, Natural Force Damage",Engineering and Planning,Ontario,TransCanada PipeLines Limited,Natural Gas - Sweet,Gas,Transmission,0.0001,2014,49.586667,-83.159167,Level I,Unknown Population Density (Historical Data Migration),Unknown Land Use (Historical Data Migration)
0,"Defect and Deterioration, External Interference, Incorrect Operation","Engineering and Planning, Failure in communication, Human Factors, Inadequate Procurement, Standards and Procedures",Alberta,NOVA Gas Transmission Ltd.,Natural Gas - Sweet,Gas,Transmission,0.001,2014,55.569186,-110.720302,Level I,Unknown Population Density (Historical Data Migration),Unknown Land Use (Historical Data Migration)
1,Corrosion and Cracking,Engineering and Planning,British Columbia,"Westcoast Energy Inc., carrying on business as Spectra Energy Transmission",Amine,Miscellaneous,Unknown,6.5,2014,58.653246,-122.684823,Level I,Unknown Population Density (Historical Data Migration),Unknown Land Use (Historical Data Migration)
0,Natural Force Damage,Engineering and Planning,Alberta,NOVA Gas Transmission Ltd.,Natural Gas - Sweet,Gas,Transmission,148.0,2014,52.173034,-113.83314,Level I,Unknown Population Density (Historical Data Migration),Unknown Land Use (Historical Data Migration)
0,Incorrect Operation,Human Factors,Alberta,Alliance Pipeline Ltd.,Natural Gas - Sweet,Gas,Unknown,0.0,2014,53.031216,-111.221509,Level I,Unknown Population Density (Historical Data Migration),Unknown Land Use (Historical Data Migration)
0,Equipment Failure,Maintenance,Nova Scotia,Maritimes & Northeast Pipeline Management Ltd.,Natural Gas - Sweet,Gas,Unknown,30.0,2014,44.665206,-63.567743,Level I,Unknown Population Density (Historical Data Migration),Unknown Land Use (Historical Data Migration)
0,To be determined,To be determined,British Columbia,"Westcoast Energy Inc., carrying on business as Spectra Energy Transmission",Natural Gas - Sweet,Gas,Unknown,0.0,2014,56.146303,-120.669169,Level I,Unknown Population Density (Historical Data Migration),Unknown Land Use (Historical Data Migration)
0,Corrosion and Cracking,Maintenance,Alberta,NOVA Gas Transmission Ltd.,Natural Gas - Sweet,Gas,Transmission,1114.0,2014,53.522635,-112.075565,Level I,10 or fewer dwelling units,Agricultural Cropland
0,Other Causes,Maintenance,New Brunswick,Maritimes & Northeast Pipeline Management Ltd.,Natural Gas - Sweet,Gas,Unknown,100.0,2014,45.25902,-66.094405,Level I,46 or more dwelling units,Unknown Land Use (Historical Data Migration)
0,"Equipment Failure, Incorrect Operation","Inadequate Supervision, Maintenance",Ontario,TransCanada PipeLines Limited,Natural Gas - Sweet,Gas,Unknown,0.01,2014,49.79171,-94.49432,Level I,11 to 45 dwelling units,Unknown Land Use (Historical Data Migration)
0,External Interference,Standards and Procedures,New Brunswick,Maritimes & Northeast Pipeline Management Ltd.,Natural Gas - Sweet,Gas,Transmission,1.0,2015,45.2022834,-66.6866022,Level I,10 or fewer dwelling units,Forests
0,"External Interference, Incorrect Operation","Human Factors, Inadequate Procurement, Tools and Equipment",Ontario,Trans-Northern Pipelines Inc.,Not Applicable,Not Applicable,Transmission,0.0,2015,43.94536,-78.661769,Level I,10 or fewer dwelling units,Agricultural Cropland
0,"External Interference, Incorrect Operation","Maintenance, Standards and Procedures",Alberta,Enbridge Pipelines Inc.,Not Applicable,Not Applicable,Transmission,0.0,2015,53.5421,-113.3584,Level I,10 or fewer dwelling units,Developed Land - Industrial
0,Natural Force Damage,Engineering and Planning,Ontario,TransCanada PipeLines Limited,Natural Gas - Sweet,Gas,Transmission,0.01,2015,49.58574,-83.16674,Level I,10 or fewer dwelling units,Developed Land - Industrial
0,Equipment Failure,Engineering and Planning,Nova Scotia,Maritimes & Northeast Pipeline Management Ltd.,Fuel Gas,Gas,Transmission,1.0,2015,44.719151,-63.583774,Level I,10 or fewer dwelling units,Developed Land - Industrial
0,"Equipment Failure, Incorrect Operation","Inadequate Supervision, Standards and Procedures",Alberta,Enbridge Pipelines Inc.,Not Applicable,Not Applicable,Transmission,0.0,2015,53.54305555,-113.35416666,Level I,46 or more dwelling units,Developed Land - Industrial
0,Corrosion and Cracking,"Maintenance, Tools and Equipment",Alberta,NOVA Gas Transmission Ltd.,Natural Gas - Sweet,Gas,Transmission,0.06,2015,54.524331,-112.665961,Level I,10 or fewer dwelling units,Shrub Land
0,"External Interference, Incorrect Operation",Standards and Procedures,British Columbia,"Westcoast Energy Inc., carrying on business as Spectra Energy Transmission",Water,Miscellaneous,Processing,70.0,2015,56.1447,-120.6686,Level I,10 or fewer dwelling units,Vegetative Barren
0,Equipment Failure,"Inadequate Supervision, Maintenance",Nova Scotia,ExxonMobil Canada Properties,Natural Gas - Sweet,Gas,Unknown,396.0,2015,45.17170605,-61.61267605,Level I,10 or fewer dwelling units,Shrub Land
0,"Corrosion and Cracking, External Interference","Human Factors, Tools and Equipment",Alberta,NOVA Gas Transmission Ltd.,Natural Gas - Sweet,Gas,Transmission,0.1,2015,55.0045,-119.472,Level I,10 or fewer dwelling units,Developed Land - Industrial
0,External Interference,Maintenance,Saskatchewan,Enbridge Pipelines Inc.,Not Applicable,Not Applicable,Transmission,0.0,2015,51.446646,-107.387472,Level I,10 or fewer dwelling units,Agricultural Cropland
0,"External Interference, Incorrect Operation","Engineering and Planning, Failure in communication, Standards and Procedures",Manitoba,Enbridge Pipelines Inc.,Natural Gas Liquids,Gas,Transmission,0.015,2015,49.539039,-99.288393,Level I,10 or fewer dwelling units,Developed Land - Industrial
0,Incorrect Operation,Standards and Procedures,British Columbia,"Westcoast Energy Inc., carrying on business as Spectra Energy Transmission",Sulphur,Miscellaneous,Processing,1.8,2015,55.56909171,-121.94466164,Level I,10 or fewer dwelling units,Developed Land - Industrial
1,Equipment Failure,Maintenance,British Columbia,"Westcoast Energy Inc., carrying on business as Spectra Energy Transmission",Natural Gas - Sour,Gas,Gathering,13.4,2015,58.654643,-122.68924,Level I,10 or fewer dwelling units,Forests
0,"Equipment Failure, External Interference, Incorrect Operation",Maintenance,Saskatchewan,Enbridge Pipelines Inc.,Natural Gas Liquids,Gas,Transmission,0.0001,2015,50.482934,-104.586279,Level I,11 to 45 dwelling units,Developed Land - Industrial
0,External Interference,Engineering and Planning,Saskatchewan,Alliance Pipeline Ltd.,Natural Gas - Sweet,Gas,Transmission,28.0,2015,51.94,-109.18,Level I,10 or fewer dwelling units,Developed Land - Industrial
0,"Equipment Failure, External Interference",Engineering and Planning,British Columbia,"Westcoast Energy Inc., carrying on business as Spectra Energy Transmission",Produced Water,Miscellaneous,Processing,20.0,2015,56.14512,-120.66429,Level I,10 or fewer dwelling units,Developed Land - Industrial
0,Other Causes,Engineering and Planning,Alberta,NOVA Gas Transmission Ltd.,Not Applicable,Not Applicable,Transmission,0.0,2015,54.830119,-118.646961,Level I,10 or fewer dwelling units,Agricultural Cropland
0,Incorrect Operation,"Engineering and Planning, Failure in communication",Alberta,Alliance Pipeline Ltd.,Not Applicable,Not Applicable,Transmission,0.0,2015,54.4245,-117.75955,Level II,10 or fewer dwelling units,Developed Land - Industrial
1,Corrosion and Cracking,Maintenance,British Columbia,"Westcoast Energy Inc., carrying on business as Spectra Energy Transmission",Natural Gas - Sour,Gas,Processing,164.0,2015,55.57,-121.94,Level I,10 or fewer dwelling units,Developed Land - Industrial
0,Natural Force Damage,Engineering and Planning,Ontario,TransCanada PipeLines Limited,Natural Gas - Sweet,Gas,Transmission,0.01,2015,44.682404,-75.622458,Level I,11 to 45 dwelling units,Developed Land - Industrial
0,External Interference,Engineering and Planning,British Columbia,"Westcoast Energy Inc., carrying on business as Spectra Energy Transmission",Propane,Gas,Processing,2.118,2015,55.791,-120.526,Level I,10 or fewer dwelling units,Developed Land - Industrial
0,Corrosion and Cracking,Maintenance,Alberta,NOVA Gas Transmission Ltd.,Natural Gas - Sweet,Gas,Transmission,2366.0,2015,56.337317,-119.910103,Level I,10 or fewer dwelling units,Forests
0,Corrosion and Cracking,Maintenance,Alberta,NOVA Gas Transmission Ltd.,Natural Gas - Sweet,Gas,Transmission,0.001,2015,51.32322,-113.37743,Level I,10 or fewer dwelling units,Agricultural Cropland
0,Corrosion and Cracking,"Engineering and Planning, Human Factors, Inadequate Procurement",Alberta,Enbridge Pipelines Inc.,Not Applicable,Not Applicable,Transmission,0.0,2015,52.639314,-111.27931,Level II,10 or fewer dwelling units,Developed Land - Industrial
1,"Equipment Failure, Incorrect Operation","Failure in communication, Inadequate Supervision",British Columbia,"Westcoast Energy Inc., carrying on business as Spectra Energy Transmission",Natural Gas - Sour,Gas,Processing,135.0,2015,58.65324554,-122.68482307,Level I,10 or fewer dwelling units,Developed Land - Industrial
0,Corrosion and Cracking,Engineering and Planning,Ontario,TransCanada PipeLines Limited,Natural Gas - Sweet,Gas,Transmission,0.01,2015,44.889561,-75.295674,Level I,10 or fewer dwelling units,Developed Land - Industrial
0,Equipment Failure,Maintenance,Alberta,NOVA Gas Transmission Ltd.,Not Applicable,Not Applicable,Transmission,0.0,2015,54.095881,-112.305035,Level I,10 or fewer dwelling units,Vegetative Barren
